#SKD101|cl25536_nov15|25|2011.12.14 14:46:52|3616|493|22|21|31|4|4|6|5|2|640|2|6|52|494|490|986|10|304|38|6

DROP TABLE IF EXISTS `sch_balance`;
CREATE TABLE `sch_balance` (
  `id` bigint(20) unsigned NOT NULL auto_increment,
  `student_id` int(10) unsigned NOT NULL,
  `date_add` date default NULL,
  `summa` int(10) NOT NULL default '0',
  `operator_id` smallint(4) NOT NULL default '0',
  `usluga_id` smallint(5) unsigned NOT NULL default '0' COMMENT 'ДопУслуга',
  `nomer` varchar(64) NOT NULL default '',
  `date_edit` datetime NOT NULL,
  `is_use` tinyint(1) unsigned NOT NULL default '0',
  `active` tinyint(1) unsigned NOT NULL default '1',
  `period_id` smallint(3) unsigned NOT NULL default '0',
  PRIMARY KEY  (`id`),
  KEY `date_edit` (`date_edit`),
  KEY `active` (`active`),
  KEY `is_use` (`is_use`),
  KEY `nomer` (`nomer`),
  KEY `usluga` (`usluga_id`),
  KEY `student_id` (`student_id`),
  KEY `operator_id` (`operator_id`),
  KEY `period_id` (`period_id`),
  KEY `date_add` (`date_add`)
) ENGINE=MyISAM AUTO_INCREMENT=494 /*!40101 DEFAULT CHARSET=utf8 */ COMMENT='Плюсовые - платежи, минусовые - начисления (R)';

INSERT INTO `sch_balance` VALUES
(1, 1, '2011-10-25', 2566, -1, 0, '', '2011-10-25 18:23:57', 0, 1, 0),
(2, 2, '2011-10-25', 2566, -1, 0, '', '2011-10-25 18:23:57', 0, 1, 0),
(3, 3, '2011-10-25', 2566, -1, 0, '', '2011-10-25 18:23:57', 0, 1, 0),
(4, 4, '2011-10-25', 2566, -1, 0, '', '2011-10-25 18:23:57', 0, 1, 0),
(5, 5, '2011-10-25', 2566, -1, 0, '', '2011-10-25 18:23:57', 0, 1, 0),
(6, 6, '2011-10-25', 2566, -1, 0, '', '2011-10-25 18:23:57', 0, 1, 0),
(7, 7, '2011-10-25', 2566, -1, 0, '', '2011-10-25 18:23:57', 0, 1, 0),
(8, 8, '2011-10-25', 2566, -1, 0, '', '2011-10-25 18:23:57', 0, 1, 0),
(9, 9, '2011-10-25', 2566, -1, 0, '', '2011-10-25 18:23:57', 0, 1, 0),
(10, 10, '2011-10-25', 2566, -1, 0, '', '2011-10-25 18:23:57', 0, 1, 0),
(11, 11, '2011-10-25', 2566, -1, 0, '', '2011-10-25 18:23:57', 0, 1, 0),
(12, 12, '2011-10-25', 2566, -1, 0, '', '2011-10-25 18:23:57', 0, 1, 0),
(13, 13, '2011-10-25', 2566, -1, 0, '', '2011-10-25 18:23:57', 0, 1, 0),
(14, 14, '2011-10-25', 2566, -1, 0, '', '2011-10-25 18:23:57', 0, 1, 0),
(15, 15, '2011-10-25', 2566, -1, 0, '', '2011-10-25 18:23:57', 0, 1, 0),
(16, 16, '2011-10-25', 2566, -1, 0, '', '2011-10-25 18:23:57', 0, 1, 0),
(17, 17, '2011-10-25', 2566, -1, 0, '', '2011-10-25 18:23:57', 0, 1, 0),
(18, 18, '2011-10-25', 2566, -1, 0, '', '2011-10-25 18:23:57', 0, 1, 0),
(19, 19, '2011-10-25', 2566, -1, 0, '', '2011-10-25 18:23:58', 0, 1, 0),
(20, 20, '2011-10-25', 2566, -1, 0, '', '2011-10-25 18:23:58', 0, 1, 0),
(21, 21, '2011-10-25', 2566, -1, 0, '', '2011-10-25 18:23:58', 0, 1, 0),
(22, 22, '2011-10-25', 2566, -1, 0, '', '2011-10-25 18:23:58', 0, 1, 0),
(23, 23, '2011-10-25', 2566, -1, 0, '', '2011-10-25 18:23:58', 0, 1, 0),
(24, 24, '2011-10-25', 2566, -1, 0, '', '2011-10-25 18:23:58', 0, 1, 0),
(25, 25, '2011-10-25', 2566, -1, 0, '', '2011-10-25 18:23:58', 0, 1, 0),
(26, 26, '2011-10-25', 2566, -1, 0, '', '2011-10-25 18:23:58', 0, 1, 0),
(27, 27, '2011-10-25', 2566, -1, 0, '', '2011-10-25 18:23:58', 0, 1, 0),
(28, 28, '2011-10-25', 2566, -1, 0, '', '2011-10-25 18:23:58', 0, 1, 0),
(29, 29, '2011-10-25', 2566, -1, 0, '', '2011-10-25 18:37:45', 0, 1, 0),
(30, 30, '2011-10-25', 2566, -1, 0, '', '2011-10-25 18:37:45', 0, 1, 0),
(31, 31, '2011-10-25', 2566, -1, 0, '', '2011-10-25 18:37:45', 0, 1, 0),
(32, 32, '2011-10-25', 2566, -1, 0, '', '2011-10-25 18:37:45', 0, 1, 0),
(33, 33, '2011-10-25', 2566, -1, 0, '', '2011-10-25 18:37:45', 0, 1, 0),
(34, 34, '2011-10-25', 2566, -1, 0, '', '2011-10-25 18:37:45', 0, 1, 0),
(35, 35, '2011-10-25', 2566, -1, 0, '', '2011-10-25 18:37:46', 0, 1, 0),
(36, 36, '2011-10-25', 2566, -1, 0, '', '2011-10-25 18:37:46', 0, 1, 0),
(37, 37, '2011-10-25', 2566, -1, 0, '', '2011-10-25 18:37:46', 0, 1, 0),
(38, 38, '2011-10-25', 2566, -1, 0, '', '2011-10-25 18:37:46', 0, 1, 0),
(39, 39, '2011-10-25', 2566, -1, 0, '', '2011-10-25 18:37:46', 0, 1, 0),
(40, 40, '2011-10-25', 2566, -1, 0, '', '2011-10-25 18:37:47', 0, 1, 0),
(41, 41, '2011-10-25', 2566, -1, 0, '', '2011-10-25 18:37:47', 0, 1, 0),
(42, 42, '2011-10-25', 2566, -1, 0, '', '2011-10-25 18:37:47', 0, 1, 0),
(43, 43, '2011-10-25', 2566, -1, 0, '', '2011-10-25 18:37:47', 0, 1, 0),
(44, 44, '2011-10-25', 2566, -1, 0, '', '2011-10-25 18:37:47', 0, 1, 0),
(45, 45, '2011-10-25', 2566, -1, 0, '', '2011-10-25 18:37:47', 0, 1, 0),
(46, 46, '2011-10-25', 2566, -1, 0, '', '2011-10-25 18:37:47', 0, 1, 0),
(47, 47, '2011-10-25', 2566, -1, 0, '', '2011-10-25 18:37:47', 0, 1, 0),
(48, 48, '2011-10-25', 2566, -1, 0, '', '2011-10-25 18:37:47', 0, 1, 0),
(49, 49, '2011-10-25', 2566, -1, 0, '', '2011-10-25 18:37:47', 0, 1, 0),
(50, 50, '2011-10-25', 2566, -1, 0, '', '2011-10-25 18:37:47', 0, 1, 0),
(51, 51, '2011-10-25', 2566, -1, 0, '', '2011-10-25 18:37:47', 0, 1, 0),
(52, 52, '2011-10-25', 2566, -1, 0, '', '2011-10-25 18:37:47', 0, 1, 0),
(53, 53, '2011-10-25', 2566, -1, 0, '', '2011-10-25 18:37:47', 0, 1, 0),
(54, 54, '2011-10-25', 2566, -1, 0, '', '2011-10-25 18:40:33', 0, 1, 0),
(55, 55, '2011-10-25', 2566, -1, 0, '', '2011-10-25 18:40:33', 0, 1, 0),
(56, 56, '2011-10-25', 2566, -1, 0, '', '2011-10-25 18:40:33', 0, 1, 0),
(57, 57, '2011-10-25', 2566, -1, 0, '', '2011-10-25 18:40:33', 0, 1, 0),
(58, 58, '2011-10-25', 2566, -1, 0, '', '2011-10-25 18:40:33', 0, 1, 0),
(59, 59, '2011-10-25', 2566, -1, 0, '', '2011-10-25 18:40:34', 0, 1, 0),
(60, 60, '2011-10-25', 2566, -1, 0, '', '2011-10-25 18:40:34', 0, 1, 0),
(61, 61, '2011-10-25', 2566, -1, 0, '', '2011-10-25 18:40:34', 0, 1, 0),
(62, 62, '2011-10-25', 2566, -1, 0, '', '2011-10-25 18:40:35', 0, 1, 0),
(63, 63, '2011-10-25', 2566, -1, 0, '', '2011-10-25 18:40:35', 0, 1, 0),
(64, 64, '2011-10-25', 2566, -1, 0, '', '2011-10-25 18:40:35', 0, 1, 0),
(65, 65, '2011-10-25', 2566, -1, 0, '', '2011-10-25 18:40:35', 0, 1, 0),
(66, 66, '2011-10-25', 2566, -1, 0, '', '2011-10-25 18:40:35', 0, 1, 0),
(67, 67, '2011-10-25', 2566, -1, 0, '', '2011-10-25 18:40:35', 0, 1, 0),
(68, 68, '2011-10-25', 2566, -1, 0, '', '2011-10-25 18:40:35', 0, 1, 0),
(69, 69, '2011-10-25', 2566, -1, 0, '', '2011-10-25 18:40:35', 0, 1, 0),
(70, 70, '2011-10-25', 2566, -1, 0, '', '2011-10-25 18:40:36', 0, 1, 0),
(71, 71, '2011-10-25', 2566, -1, 0, '', '2011-10-25 18:40:36', 0, 1, 0),
(72, 72, '2011-10-25', 2566, -1, 0, '', '2011-10-25 18:40:36', 0, 1, 0),
(73, 73, '2011-10-25', 2566, -1, 0, '', '2011-10-25 18:40:36', 0, 1, 0),
(74, 74, '2011-10-25', 2566, -1, 0, '', '2011-10-25 18:40:36', 0, 1, 0),
(75, 75, '2011-10-25', 2566, -1, 0, '', '2011-10-25 18:40:36', 0, 1, 0),
(76, 76, '2011-10-25', 2566, -1, 0, '', '2011-10-25 18:40:36', 0, 1, 0),
(77, 77, '2011-10-25', 2566, -1, 0, '', '2011-10-25 18:40:36', 0, 1, 0),
(78, 78, '2011-10-25', 2566, -1, 0, '', '2011-10-25 18:40:36', 0, 1, 0),
(79, 79, '2011-10-25', 2566, -1, 0, '', '2011-10-25 18:40:36', 0, 1, 0),
(80, 80, '2011-10-25', 2566, -1, 0, '', '2011-10-25 18:43:05', 0, 1, 0),
(81, 81, '2011-10-25', 2566, -1, 0, '', '2011-10-25 18:43:05', 0, 1, 0),
(82, 82, '2011-10-25', 2566, -1, 0, '', '2011-10-25 18:43:05', 0, 1, 0),
(83, 83, '2011-10-25', 2566, -1, 0, '', '2011-10-25 18:43:05', 0, 1, 0),
(84, 84, '2011-10-25', 2566, -1, 0, '', '2011-10-25 18:43:05', 0, 1, 0),
(85, 85, '2011-10-25', 2566, -1, 0, '', '2011-10-25 18:43:05', 0, 1, 0),
(86, 86, '2011-10-25', 2566, -1, 0, '', '2011-10-25 18:43:05', 0, 1, 0),
(87, 87, '2011-10-25', 2566, -1, 0, '', '2011-10-25 18:43:05', 0, 1, 0),
(88, 88, '2011-10-25', 2566, -1, 0, '', '2011-10-25 18:43:05', 0, 1, 0),
(89, 89, '2011-10-25', 2566, -1, 0, '', '2011-10-25 18:43:05', 0, 1, 0),
(90, 90, '2011-10-25', 2566, -1, 0, '', '2011-10-25 18:43:05', 0, 1, 0),
(91, 91, '2011-10-25', 2566, -1, 0, '', '2011-10-25 18:43:05', 0, 1, 0),
(92, 92, '2011-10-25', 2566, -1, 0, '', '2011-10-25 18:43:06', 0, 1, 0),
(93, 93, '2011-10-25', 2566, -1, 0, '', '2011-10-25 18:43:06', 0, 1, 0),
(94, 94, '2011-10-25', 2566, -1, 0, '', '2011-10-25 18:43:06', 0, 1, 0),
(95, 95, '2011-10-25', 2566, -1, 0, '', '2011-10-25 18:43:06', 0, 1, 0),
(96, 96, '2011-10-25', 2566, -1, 0, '', '2011-10-25 18:43:06', 0, 1, 0),
(97, 97, '2011-10-25', 2566, -1, 0, '', '2011-10-25 18:43:06', 0, 1, 0),
(98, 98, '2011-10-25', 2566, -1, 0, '', '2011-10-25 18:43:06', 0, 1, 0),
(99, 99, '2011-10-25', 2566, -1, 0, '', '2011-10-25 18:43:06', 0, 1, 0),
(100, 100, '2011-10-25', 2566, -1, 0, '', '2011-10-25 18:43:06', 0, 1, 0),
(101, 101, '2011-10-25', 2566, -1, 0, '', '2011-10-25 18:43:06', 0, 1, 0),
(102, 102, '2011-10-25', 2566, -1, 0, '', '2011-10-25 18:43:07', 0, 1, 0),
(103, 103, '2011-10-25', 2566, -1, 0, '', '2011-10-25 18:43:07', 0, 1, 0),
(104, 104, '2011-10-25', 2566, -1, 0, '', '2011-10-25 18:43:07', 0, 1, 0),
(105, 105, '2011-10-25', 2566, -1, 0, '', '2011-10-25 18:47:21', 0, 1, 0),
(106, 106, '2011-10-25', 2566, -1, 0, '', '2011-10-25 18:47:21', 0, 1, 0),
(107, 107, '2011-10-25', 2566, -1, 0, '', '2011-10-25 18:47:21', 0, 1, 0),
(108, 108, '2011-10-25', 2566, -1, 0, '', '2011-10-25 18:47:21', 0, 1, 0),
(109, 109, '2011-10-25', 2566, -1, 0, '', '2011-10-25 18:47:21', 0, 1, 0),
(110, 110, '2011-10-25', 2566, -1, 0, '', '2011-10-25 18:47:21', 0, 1, 0),
(111, 111, '2011-10-25', 2566, -1, 0, '', '2011-10-25 18:47:21', 0, 1, 0),
(112, 112, '2011-10-25', 2566, -1, 0, '', '2011-10-25 18:47:21', 0, 1, 0),
(113, 113, '2011-10-25', 2566, -1, 0, '', '2011-10-25 18:47:21', 0, 1, 0),
(114, 114, '2011-10-25', 2566, -1, 0, '', '2011-10-25 18:47:21', 0, 1, 0),
(115, 115, '2011-10-25', 2566, -1, 0, '', '2011-10-25 18:47:21', 0, 1, 0),
(116, 116, '2011-10-25', 2566, -1, 0, '', '2011-10-25 18:47:21', 0, 1, 0),
(117, 117, '2011-10-25', 2566, -1, 0, '', '2011-10-25 18:47:21', 0, 1, 0),
(118, 118, '2011-10-25', 2566, -1, 0, '', '2011-10-25 18:47:21', 0, 1, 0),
(119, 119, '2011-10-25', 2566, -1, 0, '', '2011-10-25 18:47:21', 0, 1, 0),
(120, 120, '2011-10-25', 2566, -1, 0, '', '2011-10-25 18:47:22', 0, 1, 0),
(121, 121, '2011-10-25', 2566, -1, 0, '', '2011-10-25 18:47:22', 0, 1, 0),
(122, 122, '2011-10-25', 2566, -1, 0, '', '2011-10-25 18:47:22', 0, 1, 0),
(123, 123, '2011-10-25', 2566, -1, 0, '', '2011-10-25 18:47:22', 0, 1, 0),
(124, 124, '2011-10-25', 2566, -1, 0, '', '2011-10-25 18:47:22', 0, 1, 0),
(125, 125, '2011-10-25', 2566, -1, 0, '', '2011-10-25 18:47:22', 0, 1, 0),
(126, 126, '2011-10-25', 2566, -1, 0, '', '2011-10-25 18:47:22', 0, 1, 0),
(127, 127, '2011-10-25', 2566, -1, 0, '', '2011-10-25 18:47:22', 0, 1, 0),
(128, 128, '2011-10-25', 2566, -1, 0, '', '2011-10-25 18:47:22', 0, 1, 0),
(129, 129, '2011-10-25', 2566, -1, 0, '', '2011-10-25 18:47:22', 0, 1, 0),
(130, 130, '2011-10-25', 2566, -1, 0, '', '2011-10-25 18:47:22', 0, 1, 0),
(131, 131, '2011-10-25', 2566, -1, 0, '', '2011-10-25 18:47:22', 0, 1, 0),
(132, 132, '2011-10-25', 2566, -1, 0, '', '2011-10-25 18:47:22', 0, 1, 0),
(133, 133, '2011-10-25', 2566, -1, 0, '', '2011-10-25 18:59:40', 0, 1, 0),
(134, 134, '2011-10-25', 2566, -1, 0, '', '2011-10-25 18:59:40', 0, 1, 0),
(135, 135, '2011-10-25', 2566, -1, 0, '', '2011-10-25 18:59:40', 0, 1, 0),
(136, 136, '2011-10-25', 2566, -1, 0, '', '2011-10-25 18:59:40', 0, 1, 0),
(137, 137, '2011-10-25', 2566, -1, 0, '', '2011-10-25 18:59:40', 0, 1, 0),
(138, 138, '2011-10-25', 2566, -1, 0, '', '2011-10-25 18:59:40', 0, 1, 0),
(139, 139, '2011-10-25', 2566, -1, 0, '', '2011-10-25 18:59:40', 0, 1, 0),
(140, 140, '2011-10-25', 2566, -1, 0, '', '2011-10-25 18:59:41', 0, 1, 0),
(141, 141, '2011-10-25', 2566, -1, 0, '', '2011-10-25 18:59:41', 0, 1, 0),
(142, 142, '2011-10-25', 2566, -1, 0, '', '2011-10-25 18:59:41', 0, 1, 0),
(143, 143, '2011-10-25', 2566, -1, 0, '', '2011-10-25 18:59:41', 0, 1, 0),
(144, 144, '2011-10-25', 2566, -1, 0, '', '2011-10-25 18:59:41', 0, 1, 0),
(145, 145, '2011-10-25', 2566, -1, 0, '', '2011-10-25 18:59:41', 0, 1, 0),
(146, 146, '2011-10-25', 2566, -1, 0, '', '2011-10-25 18:59:41', 0, 1, 0),
(147, 147, '2011-10-25', 2566, -1, 0, '', '2011-10-25 18:59:41', 0, 1, 0),
(148, 148, '2011-10-25', 2566, -1, 0, '', '2011-10-25 18:59:41', 0, 1, 0),
(149, 149, '2011-10-25', 2566, -1, 0, '', '2011-10-25 18:59:41', 0, 1, 0),
(150, 150, '2011-10-25', 2566, -1, 0, '', '2011-10-25 18:59:41', 0, 1, 0),
(151, 151, '2011-10-25', 2566, -1, 0, '', '2011-10-25 18:59:41', 0, 1, 0),
(152, 152, '2011-10-25', 2566, -1, 0, '', '2011-10-25 18:59:41', 0, 1, 0),
(153, 153, '2011-10-25', 2566, -1, 0, '', '2011-10-25 18:59:41', 0, 1, 0),
(154, 154, '2011-10-25', 2566, -1, 0, '', '2011-10-25 18:59:42', 0, 1, 0),
(155, 155, '2011-10-25', 2566, -1, 0, '', '2011-10-25 18:59:42', 0, 1, 0),
(156, 156, '2011-10-25', 2566, -1, 0, '', '2011-10-25 18:59:42', 0, 1, 0),
(157, 157, '2011-10-25', 2566, -1, 0, '', '2011-10-25 18:59:42', 0, 1, 0),
(158, 158, '2011-10-25', 2566, -1, 0, '', '2011-10-25 18:59:42', 0, 1, 0),
(159, 159, '2011-10-25', 2566, -1, 0, '', '2011-10-25 18:59:42', 0, 1, 0),
(160, 160, '2011-10-25', 2566, -1, 0, '', '2011-10-25 19:02:28', 0, 1, 0),
(161, 161, '2011-10-25', 2566, -1, 0, '', '2011-10-25 19:02:29', 0, 1, 0),
(162, 162, '2011-10-25', 2566, -1, 0, '', '2011-10-25 19:02:29', 0, 1, 0),
(163, 163, '2011-10-25', 2566, -1, 0, '', '2011-10-25 19:02:29', 0, 1, 0),
(164, 164, '2011-10-25', 2566, -1, 0, '', '2011-10-25 19:02:29', 0, 1, 0),
(165, 165, '2011-10-25', 2566, -1, 0, '', '2011-10-25 19:02:29', 0, 1, 0),
(166, 166, '2011-10-25', 2566, -1, 0, '', '2011-10-25 19:02:29', 0, 1, 0),
(167, 167, '2011-10-25', 2566, -1, 0, '', '2011-10-25 19:02:29', 0, 1, 0),
(168, 168, '2011-10-25', 2566, -1, 0, '', '2011-10-25 19:02:30', 0, 1, 0),
(169, 169, '2011-10-25', 2566, -1, 0, '', '2011-10-25 19:02:30', 0, 1, 0),
(170, 170, '2011-10-25', 2566, -1, 0, '', '2011-10-25 19:02:30', 0, 1, 0),
(171, 171, '2011-10-25', 2566, -1, 0, '', '2011-10-25 19:02:30', 0, 1, 0),
(172, 172, '2011-10-25', 2566, -1, 0, '', '2011-10-25 19:02:30', 0, 1, 0),
(173, 173, '2011-10-25', 2566, -1, 0, '', '2011-10-25 19:02:30', 0, 1, 0),
(174, 174, '2011-10-25', 2566, -1, 0, '', '2011-10-25 19:02:30', 0, 1, 0),
(175, 175, '2011-10-25', 2566, -1, 0, '', '2011-10-25 19:02:30', 0, 1, 0),
(176, 176, '2011-10-25', 2566, -1, 0, '', '2011-10-25 19:02:30', 0, 1, 0),
(177, 177, '2011-10-25', 2566, -1, 0, '', '2011-10-25 19:02:30', 0, 1, 0),
(178, 178, '2011-10-25', 2566, -1, 0, '', '2011-10-25 19:02:30', 0, 1, 0),
(179, 179, '2011-10-25', 2566, -1, 0, '', '2011-10-25 19:02:31', 0, 1, 0),
(180, 180, '2011-10-25', 2566, -1, 0, '', '2011-10-25 19:02:31', 0, 1, 0),
(181, 181, '2011-10-25', 2566, -1, 0, '', '2011-10-25 19:02:31', 0, 1, 0),
(182, 182, '2011-10-25', 2566, -1, 0, '', '2011-10-25 19:02:31', 0, 1, 0),
(183, 183, '2011-10-25', 2566, -1, 0, '', '2011-10-25 19:02:31', 0, 1, 0),
(184, 184, '2011-10-25', 2566, -1, 0, '', '2011-10-25 19:02:31', 0, 1, 0),
(185, 185, '2011-10-25', 2566, -1, 0, '', '2011-10-25 19:02:31', 0, 1, 0),
(186, 186, '2011-10-25', 2566, -1, 0, '', '2011-10-25 19:02:31', 0, 1, 0),
(187, 187, '2011-10-25', 2566, -1, 0, '', '2011-10-25 19:02:32', 0, 1, 0),
(188, 188, '2011-10-25', 2566, -1, 0, '', '2011-10-25 19:51:20', 0, 1, 0),
(189, 189, '2011-10-25', 2566, -1, 0, '', '2011-10-25 19:51:21', 0, 1, 0),
(190, 190, '2011-10-25', 2566, -1, 0, '', '2011-10-25 19:51:21', 0, 1, 0),
(191, 191, '2011-10-25', 2566, -1, 0, '', '2011-10-25 19:51:21', 0, 1, 0),
(192, 192, '2011-10-25', 2566, -1, 0, '', '2011-10-25 19:51:21', 0, 1, 0),
(193, 193, '2011-10-25', 2566, -1, 0, '', '2011-10-25 19:51:21', 0, 1, 0),
(194, 194, '2011-10-25', 2566, -1, 0, '', '2011-10-25 19:51:21', 0, 1, 0),
(195, 195, '2011-10-25', 2566, -1, 0, '', '2011-10-25 19:51:21', 0, 1, 0),
(196, 196, '2011-10-25', 2566, -1, 0, '', '2011-10-25 19:51:21', 0, 1, 0),
(197, 197, '2011-10-25', 2566, -1, 0, '', '2011-10-25 19:51:21', 0, 1, 0),
(198, 198, '2011-10-25', 2566, -1, 0, '', '2011-10-25 19:51:21', 0, 1, 0),
(199, 199, '2011-10-25', 2566, -1, 0, '', '2011-10-25 19:51:21', 0, 1, 0),
(200, 200, '2011-10-25', 2566, -1, 0, '', '2011-10-25 19:51:21', 0, 1, 0),
(201, 201, '2011-10-25', 2566, -1, 0, '', '2011-10-25 19:51:21', 0, 1, 0),
(202, 202, '2011-10-25', 2566, -1, 0, '', '2011-10-25 19:51:22', 0, 1, 0),
(203, 203, '2011-10-25', 2566, -1, 0, '', '2011-10-25 19:51:22', 0, 1, 0),
(204, 204, '2011-10-25', 2566, -1, 0, '', '2011-10-25 19:51:22', 0, 1, 0),
(205, 205, '2011-10-25', 2566, -1, 0, '', '2011-10-25 19:51:22', 0, 1, 0),
(206, 206, '2011-10-25', 2566, -1, 0, '', '2011-10-25 19:51:22', 0, 1, 0),
(207, 207, '2011-10-25', 2566, -1, 0, '', '2011-10-25 19:51:22', 0, 1, 0),
(208, 208, '2011-10-25', 2566, -1, 0, '', '2011-10-25 19:51:22', 0, 1, 0),
(209, 209, '2011-10-25', 2566, -1, 0, '', '2011-10-25 19:51:22', 0, 1, 0),
(210, 210, '2011-10-25', 2566, -1, 0, '', '2011-10-25 19:51:23', 0, 1, 0),
(211, 211, '2011-10-25', 2566, -1, 0, '', '2011-10-25 19:51:23', 0, 1, 0),
(212, 212, '2011-10-25', 2566, -1, 0, '', '2011-10-25 19:51:23', 0, 1, 0),
(213, 213, '2011-10-25', 2566, -1, 0, '', '2011-10-25 19:54:39', 0, 1, 0),
(214, 214, '2011-10-25', 2566, -1, 0, '', '2011-10-25 19:54:39', 0, 1, 0),
(215, 215, '2011-10-25', 2566, -1, 0, '', '2011-10-25 19:54:40', 0, 1, 0),
(216, 216, '2011-10-25', 2566, -1, 0, '', '2011-10-25 19:54:40', 0, 1, 0),
(217, 217, '2011-10-25', 2566, -1, 0, '', '2011-10-25 19:54:40', 0, 1, 0),
(218, 218, '2011-10-25', 2566, -1, 0, '', '2011-10-25 19:54:40', 0, 1, 0),
(219, 219, '2011-10-25', 2566, -1, 0, '', '2011-10-25 19:54:40', 0, 1, 0),
(220, 220, '2011-10-25', 2566, -1, 0, '', '2011-10-25 19:54:40', 0, 1, 0),
(221, 221, '2011-10-25', 2566, -1, 0, '', '2011-10-25 19:54:40', 0, 1, 0),
(222, 222, '2011-10-25', 2566, -1, 0, '', '2011-10-25 19:54:40', 0, 1, 0),
(223, 223, '2011-10-25', 2566, -1, 0, '', '2011-10-25 19:54:40', 0, 1, 0),
(224, 224, '2011-10-25', 2566, -1, 0, '', '2011-10-25 19:54:40', 0, 1, 0),
(225, 225, '2011-10-25', 2566, -1, 0, '', '2011-10-25 19:54:40', 0, 1, 0),
(226, 226, '2011-10-25', 2566, -1, 0, '', '2011-10-25 19:54:40', 0, 1, 0),
(227, 227, '2011-10-25', 2566, -1, 0, '', '2011-10-25 19:54:40', 0, 1, 0),
(228, 228, '2011-10-25', 2566, -1, 0, '', '2011-10-25 19:54:41', 0, 1, 0),
(229, 229, '2011-10-25', 2566, -1, 0, '', '2011-10-25 19:54:41', 0, 1, 0),
(230, 230, '2011-10-25', 2566, -1, 0, '', '2011-10-25 19:54:41', 0, 1, 0),
(231, 231, '2011-10-25', 2566, -1, 0, '', '2011-10-25 19:54:41', 0, 1, 0),
(232, 232, '2011-10-25', 2566, -1, 0, '', '2011-10-25 19:54:41', 0, 1, 0),
(233, 233, '2011-10-25', 2566, -1, 0, '', '2011-10-25 19:54:41', 0, 1, 0),
(234, 234, '2011-10-25', 2566, -1, 0, '', '2011-10-25 19:54:41', 0, 1, 0),
(235, 235, '2011-10-25', 2566, -1, 0, '', '2011-10-25 20:10:15', 0, 1, 0),
(236, 236, '2011-10-25', 2566, -1, 0, '', '2011-10-25 20:10:16', 0, 1, 0),
(237, 237, '2011-10-25', 2566, -1, 0, '', '2011-10-25 20:10:16', 0, 1, 0),
(238, 238, '2011-10-25', 2566, -1, 0, '', '2011-10-25 20:10:16', 0, 1, 0),
(239, 239, '2011-10-25', 2566, -1, 0, '', '2011-10-25 20:10:16', 0, 1, 0),
(240, 240, '2011-10-25', 2566, -1, 0, '', '2011-10-25 20:10:16', 0, 1, 0),
(241, 241, '2011-10-25', 2566, -1, 0, '', '2011-10-25 20:10:16', 0, 1, 0),
(242, 242, '2011-10-25', 2566, -1, 0, '', '2011-10-25 20:10:16', 0, 1, 0),
(243, 243, '2011-10-25', 2566, -1, 0, '', '2011-10-25 20:10:16', 0, 1, 0),
(244, 244, '2011-10-25', 2566, -1, 0, '', '2011-10-25 20:10:16', 0, 1, 0),
(245, 245, '2011-10-25', 2566, -1, 0, '', '2011-10-25 20:10:16', 0, 1, 0),
(246, 246, '2011-10-25', 2566, -1, 0, '', '2011-10-25 20:10:16', 0, 1, 0),
(247, 247, '2011-10-25', 2566, -1, 0, '', '2011-10-25 20:10:16', 0, 1, 0),
(248, 248, '2011-10-25', 2566, -1, 0, '', '2011-10-25 20:10:17', 0, 1, 0),
(249, 249, '2011-10-25', 2566, -1, 0, '', '2011-10-25 20:10:17', 0, 1, 0),
(250, 250, '2011-10-25', 2566, -1, 0, '', '2011-10-25 20:10:17', 0, 1, 0),
(251, 251, '2011-10-25', 2566, -1, 0, '', '2011-10-25 20:10:17', 0, 1, 0),
(252, 252, '2011-10-25', 2566, -1, 0, '', '2011-10-25 20:10:17', 0, 1, 0),
(253, 253, '2011-10-25', 2566, -1, 0, '', '2011-10-25 20:10:17', 0, 1, 0),
(254, 254, '2011-10-25', 2566, -1, 0, '', '2011-10-25 20:10:17', 0, 1, 0),
(255, 255, '2011-10-25', 2566, -1, 0, '', '2011-10-25 20:10:17', 0, 1, 0),
(256, 256, '2011-10-25', 2566, -1, 0, '', '2011-10-25 20:10:17', 0, 1, 0),
(257, 257, '2011-10-25', 2566, -1, 0, '', '2011-10-25 20:10:17', 0, 1, 0),
(258, 258, '2011-10-25', 2566, -1, 0, '', '2011-10-25 20:10:17', 0, 1, 0),
(259, 259, '2011-10-25', 2566, -1, 0, '', '2011-10-25 20:13:24', 0, 1, 0),
(260, 260, '2011-10-25', 2566, -1, 0, '', '2011-10-25 20:13:24', 0, 1, 0),
(261, 261, '2011-10-25', 2566, -1, 0, '', '2011-10-25 20:13:24', 0, 1, 0),
(262, 262, '2011-10-25', 2566, -1, 0, '', '2011-10-25 20:13:24', 0, 1, 0),
(263, 263, '2011-10-25', 2566, -1, 0, '', '2011-10-25 20:13:25', 0, 1, 0),
(264, 264, '2011-10-25', 2566, -1, 0, '', '2011-10-25 20:13:25', 0, 1, 0),
(265, 265, '2011-10-25', 2566, -1, 0, '', '2011-10-25 20:13:25', 0, 1, 0),
(266, 266, '2011-10-25', 2566, -1, 0, '', '2011-10-25 20:13:25', 0, 1, 0),
(267, 267, '2011-10-25', 2566, -1, 0, '', '2011-10-25 20:13:25', 0, 1, 0),
(268, 268, '2011-10-25', 2566, -1, 0, '', '2011-10-25 20:13:25', 0, 1, 0),
(269, 269, '2011-10-25', 2566, -1, 0, '', '2011-10-25 20:13:25', 0, 1, 0),
(270, 270, '2011-10-25', 2566, -1, 0, '', '2011-10-25 20:13:25', 0, 1, 0),
(271, 271, '2011-10-25', 2566, -1, 0, '', '2011-10-25 20:13:25', 0, 1, 0),
(272, 272, '2011-10-25', 2566, -1, 0, '', '2011-10-25 20:13:25', 0, 1, 0),
(273, 273, '2011-10-25', 2566, -1, 0, '', '2011-10-25 20:13:25', 0, 1, 0),
(274, 274, '2011-10-25', 2566, -1, 0, '', '2011-10-25 20:13:25', 0, 1, 0),
(275, 275, '2011-10-25', 2566, -1, 0, '', '2011-10-25 20:13:25', 0, 1, 0),
(276, 276, '2011-10-25', 2566, -1, 0, '', '2011-10-25 20:13:25', 0, 1, 0),
(277, 277, '2011-10-25', 2566, -1, 0, '', '2011-10-25 20:13:25', 0, 1, 0),
(278, 278, '2011-10-25', 2566, -1, 0, '', '2011-10-25 20:13:25', 0, 1, 0),
(279, 279, '2011-10-25', 2566, -1, 0, '', '2011-10-25 20:13:25', 0, 1, 0),
(280, 280, '2011-10-25', 2566, -1, 0, '', '2011-10-25 20:13:25', 0, 1, 0),
(281, 281, '2011-10-25', 2566, -1, 0, '', '2011-10-25 20:13:25', 0, 1, 0),
(282, 282, '2011-10-25', 2566, -1, 0, '', '2011-10-25 20:13:26', 0, 1, 0),
(283, 283, '2011-10-25', 2566, -1, 0, '', '2011-10-25 20:14:55', 0, 1, 0),
(284, 284, '2011-10-25', 2566, -1, 0, '', '2011-10-25 20:14:55', 0, 1, 0),
(285, 285, '2011-10-25', 2566, -1, 0, '', '2011-10-25 20:14:55', 0, 1, 0),
(286, 286, '2011-10-25', 2566, -1, 0, '', '2011-10-25 20:14:55', 0, 1, 0),
(287, 287, '2011-10-25', 2566, -1, 0, '', '2011-10-25 20:14:55', 0, 1, 0),
(288, 288, '2011-10-25', 2566, -1, 0, '', '2011-10-25 20:14:55', 0, 1, 0),
(289, 289, '2011-10-25', 2566, -1, 0, '', '2011-10-25 20:14:55', 0, 1, 0),
(290, 290, '2011-10-25', 2566, -1, 0, '', '2011-10-25 20:14:55', 0, 1, 0),
(291, 291, '2011-10-25', 2566, -1, 0, '', '2011-10-25 20:14:55', 0, 1, 0),
(292, 292, '2011-10-25', 2566, -1, 0, '', '2011-10-25 20:14:55', 0, 1, 0),
(293, 293, '2011-10-25', 2566, -1, 0, '', '2011-10-25 20:14:55', 0, 1, 0),
(294, 294, '2011-10-25', 2566, -1, 0, '', '2011-10-25 20:14:55', 0, 1, 0),
(295, 295, '2011-10-25', 2566, -1, 0, '', '2011-10-25 20:14:55', 0, 1, 0),
(296, 296, '2011-10-25', 2566, -1, 0, '', '2011-10-25 20:14:56', 0, 1, 0),
(297, 297, '2011-10-25', 2566, -1, 0, '', '2011-10-25 20:14:56', 0, 1, 0),
(298, 298, '2011-10-25', 2566, -1, 0, '', '2011-10-25 20:14:56', 0, 1, 0),
(299, 299, '2011-10-25', 2566, -1, 0, '', '2011-10-25 20:16:35', 0, 1, 0),
(300, 300, '2011-10-25', 2566, -1, 0, '', '2011-10-25 20:16:35', 0, 1, 0),
(301, 301, '2011-10-25', 2566, -1, 0, '', '2011-10-25 20:16:35', 0, 1, 0),
(302, 302, '2011-10-25', 2566, -1, 0, '', '2011-10-25 20:16:35', 0, 1, 0),
(303, 303, '2011-10-25', 2566, -1, 0, '', '2011-10-25 20:16:35', 0, 1, 0),
(304, 304, '2011-10-25', 2566, -1, 0, '', '2011-10-25 20:16:35', 0, 1, 0),
(305, 305, '2011-10-25', 2566, -1, 0, '', '2011-10-25 20:16:35', 0, 1, 0),
(306, 306, '2011-10-25', 2566, -1, 0, '', '2011-10-25 20:16:35', 0, 1, 0),
(307, 307, '2011-10-25', 2566, -1, 0, '', '2011-10-25 20:16:35', 0, 1, 0),
(308, 308, '2011-10-25', 2566, -1, 0, '', '2011-10-25 20:16:35', 0, 1, 0),
(309, 309, '2011-10-25', 2566, -1, 0, '', '2011-10-25 20:16:35', 0, 1, 0),
(310, 310, '2011-10-25', 2566, -1, 0, '', '2011-10-25 20:16:35', 0, 1, 0),
(311, 311, '2011-10-25', 2566, -1, 0, '', '2011-10-25 20:16:35', 0, 1, 0),
(312, 312, '2011-10-25', 2566, -1, 0, '', '2011-10-25 20:16:36', 0, 1, 0),
(313, 313, '2011-10-25', 2566, -1, 0, '', '2011-10-25 20:16:36', 0, 1, 0),
(314, 314, '2011-10-25', 2566, -1, 0, '', '2011-10-25 20:16:36', 0, 1, 0),
(315, 315, '2011-10-25', 2566, -1, 0, '', '2011-10-25 20:16:36', 0, 1, 0),
(316, 316, '2011-10-25', 2566, -1, 0, '', '2011-10-25 20:16:37', 0, 1, 0),
(317, 317, '2011-10-25', 2566, -1, 0, '', '2011-10-25 20:16:37', 0, 1, 0),
(318, 318, '2011-10-25', 2566, -1, 0, '', '2011-10-25 20:16:37', 0, 1, 0),
(319, 319, '2011-10-25', 2566, -1, 0, '', '2011-10-25 20:20:47', 0, 1, 0),
(320, 320, '2011-10-25', 2566, -1, 0, '', '2011-10-25 20:20:47', 0, 1, 0),
(321, 321, '2011-10-25', 2566, -1, 0, '', '2011-10-25 20:20:47', 0, 1, 0),
(322, 322, '2011-10-25', 2566, -1, 0, '', '2011-10-25 20:20:47', 0, 1, 0),
(323, 323, '2011-10-25', 2566, -1, 0, '', '2011-10-25 20:20:47', 0, 1, 0),
(324, 324, '2011-10-25', 2566, -1, 0, '', '2011-10-25 20:20:48', 0, 1, 0),
(325, 325, '2011-10-25', 2566, -1, 0, '', '2011-10-25 20:20:48', 0, 1, 0),
(326, 326, '2011-10-25', 2566, -1, 0, '', '2011-10-25 20:20:48', 0, 1, 0),
(327, 327, '2011-10-25', 2566, -1, 0, '', '2011-10-25 20:20:48', 0, 1, 0),
(328, 328, '2011-10-25', 2566, -1, 0, '', '2011-10-25 20:20:48', 0, 1, 0),
(329, 329, '2011-10-25', 2566, -1, 0, '', '2011-10-25 20:20:48', 0, 1, 0),
(330, 330, '2011-10-25', 2566, -1, 0, '', '2011-10-25 20:20:48', 0, 1, 0),
(331, 331, '2011-10-25', 2566, -1, 0, '', '2011-10-25 20:20:48', 0, 1, 0),
(332, 332, '2011-10-25', 2566, -1, 0, '', '2011-10-25 20:20:48', 0, 1, 0),
(333, 333, '2011-10-25', 2566, -1, 0, '', '2011-10-25 20:20:48', 0, 1, 0),
(334, 334, '2011-10-25', 2566, -1, 0, '', '2011-10-25 20:20:48', 0, 1, 0),
(335, 335, '2011-10-25', 2566, -1, 0, '', '2011-10-25 20:20:48', 0, 1, 0),
(336, 336, '2011-10-25', 2566, -1, 0, '', '2011-10-25 20:20:48', 0, 1, 0),
(337, 337, '2011-10-25', 2566, -1, 0, '', '2011-10-25 20:20:48', 0, 1, 0),
(338, 338, '2011-10-25', 2566, -1, 0, '', '2011-10-25 20:20:48', 0, 1, 0),
(339, 339, '2011-10-25', 2566, -1, 0, '', '2011-10-25 20:20:48', 0, 1, 0),
(340, 340, '2011-10-25', 2566, -1, 0, '', '2011-10-25 20:20:48', 0, 1, 0),
(341, 341, '2011-10-25', 2566, -1, 0, '', '2011-10-25 20:22:08', 0, 1, 0),
(342, 342, '2011-10-25', 2566, -1, 0, '', '2011-10-25 20:22:08', 0, 1, 0),
(343, 343, '2011-10-25', 2566, -1, 0, '', '2011-10-25 20:22:08', 0, 1, 0),
(344, 344, '2011-10-25', 2566, -1, 0, '', '2011-10-25 20:22:08', 0, 1, 0),
(345, 345, '2011-10-25', 2566, -1, 0, '', '2011-10-25 20:22:08', 0, 1, 0),
(346, 346, '2011-10-25', 2566, -1, 0, '', '2011-10-25 20:22:08', 0, 1, 0),
(347, 347, '2011-10-25', 2566, -1, 0, '', '2011-10-25 20:22:08', 0, 1, 0),
(348, 348, '2011-10-25', 2566, -1, 0, '', '2011-10-25 20:22:08', 0, 1, 0),
(349, 349, '2011-10-25', 2566, -1, 0, '', '2011-10-25 20:22:08', 0, 1, 0),
(350, 350, '2011-10-25', 2566, -1, 0, '', '2011-10-25 20:22:08', 0, 1, 0),
(351, 351, '2011-10-25', 2566, -1, 0, '', '2011-10-25 20:22:08', 0, 1, 0),
(352, 352, '2011-10-25', 2566, -1, 0, '', '2011-10-25 20:22:09', 0, 1, 0),
(353, 353, '2011-10-25', 2566, -1, 0, '', '2011-10-25 20:22:09', 0, 1, 0),
(354, 354, '2011-10-25', 2566, -1, 0, '', '2011-10-25 20:22:09', 0, 1, 0),
(355, 355, '2011-10-25', 2566, -1, 0, '', '2011-10-25 20:22:09', 0, 1, 0),
(356, 356, '2011-10-25', 2566, -1, 0, '', '2011-10-25 20:22:09', 0, 1, 0),
(357, 357, '2011-10-25', 2566, -1, 0, '', '2011-10-25 20:22:09', 0, 1, 0),
(358, 358, '2011-10-25', 2566, -1, 0, '', '2011-10-25 20:22:09', 0, 1, 0),
(359, 359, '2011-10-25', 2566, -1, 0, '', '2011-10-25 20:22:09', 0, 1, 0),
(360, 360, '2011-10-25', 2566, -1, 0, '', '2011-10-25 20:22:09', 0, 1, 0),
(361, 361, '2011-10-25', 2566, -1, 0, '', '2011-10-25 20:22:09', 0, 1, 0),
(362, 362, '2011-10-25', 2566, -1, 0, '', '2011-10-25 20:22:09', 0, 1, 0),
(363, 363, '2011-10-25', 2566, -1, 0, '', '2011-10-25 20:22:10', 0, 1, 0),
(364, 364, '2011-10-25', 2566, -1, 0, '', '2011-10-25 20:22:10', 0, 1, 0),
(365, 365, '2011-10-25', 2566, -1, 0, '', '2011-10-25 20:22:10', 0, 1, 0),
(366, 366, '2011-10-25', 2566, -1, 0, '', '2011-10-25 20:24:54', 0, 1, 0),
(367, 367, '2011-10-25', 2566, -1, 0, '', '2011-10-25 20:24:54', 0, 1, 0),
(368, 368, '2011-10-25', 2566, -1, 0, '', '2011-10-25 20:24:54', 0, 1, 0),
(369, 369, '2011-10-25', 2566, -1, 0, '', '2011-10-25 20:24:54', 0, 1, 0),
(370, 370, '2011-10-25', 2566, -1, 0, '', '2011-10-25 20:24:54', 0, 1, 0),
(371, 371, '2011-10-25', 2566, -1, 0, '', '2011-10-25 20:24:54', 0, 1, 0),
(372, 372, '2011-10-25', 2566, -1, 0, '', '2011-10-25 20:24:54', 0, 1, 0),
(373, 373, '2011-10-25', 2566, -1, 0, '', '2011-10-25 20:24:54', 0, 1, 0),
(374, 374, '2011-10-25', 2566, -1, 0, '', '2011-10-25 20:24:56', 0, 1, 0),
(375, 375, '2011-10-25', 2566, -1, 0, '', '2011-10-25 20:24:56', 0, 1, 0),
(376, 376, '2011-10-25', 2566, -1, 0, '', '2011-10-25 20:24:56', 0, 1, 0),
(377, 377, '2011-10-25', 2566, -1, 0, '', '2011-10-25 20:24:56', 0, 1, 0),
(378, 378, '2011-10-25', 2566, -1, 0, '', '2011-10-25 20:24:56', 0, 1, 0),
(379, 379, '2011-10-25', 2566, -1, 0, '', '2011-10-25 20:24:56', 0, 1, 0),
(380, 380, '2011-10-25', 2566, -1, 0, '', '2011-10-25 20:24:57', 0, 1, 0),
(381, 381, '2011-10-25', 2566, -1, 0, '', '2011-10-25 20:24:57', 0, 1, 0),
(382, 382, '2011-10-25', 2566, -1, 0, '', '2011-10-25 20:24:57', 0, 1, 0),
(383, 383, '2011-10-25', 2566, -1, 0, '', '2011-10-25 20:24:57', 0, 1, 0),
(384, 384, '2011-10-25', 2566, -1, 0, '', '2011-10-25 20:24:57', 0, 1, 0),
(385, 385, '2011-10-25', 2566, -1, 0, '', '2011-10-25 20:24:57', 0, 1, 0),
(386, 386, '2011-10-25', 2566, -1, 0, '', '2011-10-25 20:24:57', 0, 1, 0),
(387, 387, '2011-10-25', 2566, -1, 0, '', '2011-10-25 20:24:57', 0, 1, 0),
(388, 388, '2011-10-25', 2566, -1, 0, '', '2011-10-25 20:24:57', 0, 1, 0),
(389, 389, '2011-10-25', 2566, -1, 0, '', '2011-10-25 20:24:57', 0, 1, 0),
(390, 390, '2011-10-25', 2566, -1, 0, '', '2011-10-25 20:24:57', 0, 1, 0),
(391, 391, '2011-10-25', 2566, -1, 0, '', '2011-10-25 20:24:57', 0, 1, 0),
(392, 392, '2011-10-25', 2566, -1, 0, '', '2011-10-25 20:24:57', 0, 1, 0),
(393, 393, '2011-10-25', 2566, -1, 0, '', '2011-10-25 20:26:15', 0, 1, 0),
(394, 394, '2011-10-25', 2566, -1, 0, '', '2011-10-25 20:26:15', 0, 1, 0),
(395, 395, '2011-10-25', 2566, -1, 0, '', '2011-10-25 20:26:15', 0, 1, 0),
(396, 396, '2011-10-25', 2566, -1, 0, '', '2011-10-25 20:26:15', 0, 1, 0),
(397, 397, '2011-10-25', 2566, -1, 0, '', '2011-10-25 20:26:15', 0, 1, 0),
(398, 398, '2011-10-25', 2566, -1, 0, '', '2011-10-25 20:26:15', 0, 1, 0),
(399, 399, '2011-10-25', 2566, -1, 0, '', '2011-10-25 20:26:15', 0, 1, 0),
(400, 400, '2011-10-25', 2566, -1, 0, '', '2011-10-25 20:26:15', 0, 1, 0),
(401, 401, '2011-10-25', 2566, -1, 0, '', '2011-10-25 20:26:15', 0, 1, 0),
(402, 402, '2011-10-25', 2566, -1, 0, '', '2011-10-25 20:26:15', 0, 1, 0),
(403, 403, '2011-10-25', 2566, -1, 0, '', '2011-10-25 20:26:15', 0, 1, 0),
(404, 404, '2011-10-25', 2566, -1, 0, '', '2011-10-25 20:26:15', 0, 1, 0),
(405, 405, '2011-10-25', 2566, -1, 0, '', '2011-10-25 20:26:15', 0, 1, 0),
(406, 406, '2011-10-25', 2566, -1, 0, '', '2011-10-25 20:26:15', 0, 1, 0),
(407, 407, '2011-10-25', 2566, -1, 0, '', '2011-10-25 20:26:16', 0, 1, 0),
(408, 408, '2011-10-25', 2566, -1, 0, '', '2011-10-25 20:26:16', 0, 1, 0),
(409, 409, '2011-10-25', 2566, -1, 0, '', '2011-10-25 20:26:16', 0, 1, 0),
(410, 410, '2011-10-25', 2566, -1, 0, '', '2011-10-25 20:26:16', 0, 1, 0),
(411, 411, '2011-10-25', 2566, -1, 0, '', '2011-10-25 20:26:16', 0, 1, 0),
(412, 412, '2011-10-25', 2566, -1, 0, '', '2011-10-25 20:26:16', 0, 1, 0),
(413, 413, '2011-10-25', 2566, -1, 0, '', '2011-10-25 20:26:47', 0, 1, 0),
(414, 414, '2011-10-25', 2566, -1, 0, '', '2011-10-25 20:26:47', 0, 1, 0),
(415, 415, '2011-10-25', 2566, -1, 0, '', '2011-10-25 20:26:47', 0, 1, 0),
(416, 416, '2011-10-25', 2566, -1, 0, '', '2011-10-25 20:26:47', 0, 1, 0),
(417, 417, '2011-10-25', 2566, -1, 0, '', '2011-10-25 20:26:47', 0, 1, 0),
(418, 418, '2011-10-25', 2566, -1, 0, '', '2011-10-25 20:26:47', 0, 1, 0),
(419, 419, '2011-10-25', 2566, -1, 0, '', '2011-10-25 20:26:47', 0, 1, 0),
(420, 420, '2011-10-25', 2566, -1, 0, '', '2011-10-25 20:26:47', 0, 1, 0),
(421, 421, '2011-10-25', 2566, -1, 0, '', '2011-10-25 20:26:47', 0, 1, 0),
(422, 422, '2011-10-25', 2566, -1, 0, '', '2011-10-25 20:26:47', 0, 1, 0),
(423, 423, '2011-10-25', 2566, -1, 0, '', '2011-10-25 20:26:47', 0, 1, 0),
(424, 424, '2011-10-25', 2566, -1, 0, '', '2011-10-25 20:26:47', 0, 1, 0),
(425, 425, '2011-10-25', 2566, -1, 0, '', '2011-10-25 20:26:48', 0, 1, 0),
(426, 426, '2011-10-25', 2566, -1, 0, '', '2011-10-25 20:26:49', 0, 1, 0),
(427, 427, '2011-10-25', 2566, -1, 0, '', '2011-10-25 20:26:49', 0, 1, 0),
(428, 428, '2011-10-25', 2566, -1, 0, '', '2011-10-25 20:26:49', 0, 1, 0),
(429, 429, '2011-10-25', 2566, -1, 0, '', '2011-10-25 20:26:49', 0, 1, 0),
(430, 430, '2011-10-25', 2566, -1, 0, '', '2011-10-25 20:26:49', 0, 1, 0),
(431, 431, '2011-10-25', 2566, -1, 0, '', '2011-10-25 20:26:49', 0, 1, 0),
(432, 432, '2011-10-25', 2566, -1, 0, '', '2011-10-25 20:26:49', 0, 1, 0),
(433, 433, '2011-10-25', 2566, -1, 0, '', '2011-10-25 20:26:49', 0, 1, 0),
(434, 434, '2011-10-25', 2566, -1, 0, '', '2011-10-25 20:26:49', 0, 1, 0),
(435, 435, '2011-10-25', 2566, -1, 0, '', '2011-10-25 20:26:49', 0, 1, 0),
(436, 436, '2011-10-25', 2566, -1, 0, '', '2011-10-25 20:26:49', 0, 1, 0),
(437, 437, '2011-10-25', 2566, -1, 0, '', '2011-10-25 20:26:49', 0, 1, 0),
(438, 438, '2011-10-25', 2566, -1, 0, '', '2011-10-25 20:26:49', 0, 1, 0),
(439, 439, '2011-10-25', 2566, -1, 0, '', '2011-10-25 20:30:41', 0, 1, 0),
(440, 440, '2011-10-25', 2566, -1, 0, '', '2011-10-25 20:30:41', 0, 1, 0),
(441, 441, '2011-10-25', 2566, -1, 0, '', '2011-10-25 20:30:41', 0, 1, 0),
(442, 442, '2011-10-25', 2566, -1, 0, '', '2011-10-25 20:30:41', 0, 1, 0),
(443, 443, '2011-10-25', 2566, -1, 0, '', '2011-10-25 20:30:41', 0, 1, 0),
(444, 444, '2011-10-25', 2566, -1, 0, '', '2011-10-25 20:30:42', 0, 1, 0),
(445, 445, '2011-10-25', 2566, -1, 0, '', '2011-10-25 20:30:42', 0, 1, 0),
(446, 446, '2011-10-25', 2566, -1, 0, '', '2011-10-25 20:30:42', 0, 1, 0),
(447, 447, '2011-10-25', 2566, -1, 0, '', '2011-10-25 20:30:42', 0, 1, 0),
(448, 448, '2011-10-25', 2566, -1, 0, '', '2011-10-25 20:30:42', 0, 1, 0),
(449, 449, '2011-10-25', 2566, -1, 0, '', '2011-10-25 20:30:42', 0, 1, 0),
(450, 450, '2011-10-25', 2566, -1, 0, '', '2011-10-25 20:30:42', 0, 1, 0),
(451, 451, '2011-10-25', 2566, -1, 0, '', '2011-10-25 20:30:43', 0, 1, 0),
(452, 452, '2011-10-25', 2566, -1, 0, '', '2011-10-25 20:30:43', 0, 1, 0),
(453, 453, '2011-10-25', 2566, -1, 0, '', '2011-10-25 20:30:43', 0, 1, 0),
(454, 454, '2011-10-25', 2566, -1, 0, '', '2011-10-25 20:30:43', 0, 1, 0),
(455, 455, '2011-10-25', 2566, -1, 0, '', '2011-10-25 20:30:43', 0, 1, 0),
(456, 456, '2011-10-25', 2566, -1, 0, '', '2011-10-25 20:30:43', 0, 1, 0),
(457, 457, '2011-10-25', 2566, -1, 0, '', '2011-10-25 20:30:43', 0, 1, 0),
(458, 458, '2011-10-25', 2566, -1, 0, '', '2011-10-25 20:30:44', 0, 1, 0),
(459, 459, '2011-10-25', 2566, -1, 0, '', '2011-10-25 20:30:44', 0, 1, 0),
(460, 460, '2011-10-25', 2566, -1, 0, '', '2011-10-25 20:30:44', 0, 1, 0),
(461, 461, '2011-10-25', 2566, -1, 0, '', '2011-10-25 20:30:44', 0, 1, 0),
(462, 462, '2011-10-25', 2566, -1, 0, '', '2011-10-25 20:30:44', 0, 1, 0),
(463, 463, '2011-10-25', 2566, -1, 0, '', '2011-10-25 20:30:44', 0, 1, 0),
(464, 464, '2011-10-25', 2566, -1, 0, '', '2011-10-25 20:30:44', 0, 1, 0),
(465, 465, '2011-10-25', 2566, -1, 0, '', '2011-10-25 20:30:44', 0, 1, 0),
(466, 466, '2011-10-25', 2566, -1, 0, '', '2011-10-25 20:30:44', 0, 1, 0),
(467, 467, '2011-10-25', 2566, -1, 0, '', '2011-10-25 20:30:44', 0, 1, 0),
(468, 468, '2011-10-25', 2566, -1, 0, '', '2011-10-25 20:40:18', 0, 1, 0),
(469, 469, '2011-10-25', 2566, -1, 0, '', '2011-10-25 20:40:18', 0, 1, 0),
(470, 470, '2011-10-25', 2566, -1, 0, '', '2011-10-25 20:40:18', 0, 1, 0),
(471, 471, '2011-10-25', 2566, -1, 0, '', '2011-10-25 20:40:18', 0, 1, 0),
(472, 472, '2011-10-25', 2566, -1, 0, '', '2011-10-25 20:40:19', 0, 1, 0),
(473, 473, '2011-10-25', 2566, -1, 0, '', '2011-10-25 20:40:19', 0, 1, 0),
(474, 474, '2011-10-25', 2566, -1, 0, '', '2011-10-25 20:40:19', 0, 1, 0),
(475, 475, '2011-10-25', 2566, -1, 0, '', '2011-10-25 20:40:19', 0, 1, 0),
(476, 476, '2011-10-25', 2566, -1, 0, '', '2011-10-25 20:40:19', 0, 1, 0),
(477, 477, '2011-10-25', 2566, -1, 0, '', '2011-10-25 20:40:19', 0, 1, 0),
(478, 478, '2011-10-25', 2566, -1, 0, '', '2011-10-25 20:40:19', 0, 1, 0),
(479, 479, '2011-10-25', 2566, -1, 0, '', '2011-10-25 20:40:19', 0, 1, 0),
(480, 480, '2011-10-25', 2566, -1, 0, '', '2011-10-25 20:40:19', 0, 1, 0),
(481, 481, '2011-10-25', 2566, -1, 0, '', '2011-10-25 20:40:19', 0, 1, 0),
(482, 482, '2011-10-25', 2566, -1, 0, '', '2011-10-25 20:40:19', 0, 1, 0),
(483, 483, '2011-10-25', 2566, -1, 0, '', '2011-10-25 20:40:19', 0, 1, 0),
(484, 484, '2011-10-25', 2566, -1, 0, '', '2011-10-25 20:40:19', 0, 1, 0),
(485, 485, '2011-10-25', 2566, -1, 0, '', '2011-10-25 20:40:20', 0, 1, 0),
(486, 486, '2011-10-25', 2566, -1, 0, '', '2011-10-25 20:40:20', 0, 1, 0),
(487, 487, '2011-10-25', 2566, -1, 0, '', '2011-10-25 20:40:20', 0, 1, 0),
(488, 488, '2011-10-25', 2566, -1, 0, '', '2011-10-25 20:40:20', 0, 1, 0),
(489, 489, '2011-10-25', 2566, -1, 0, '', '2011-10-25 20:40:20', 0, 1, 0),
(490, 490, '2011-10-25', 2566, -1, 0, '', '2011-10-25 20:40:20', 0, 1, 0),
(491, 491, '2011-10-25', 2566, -1, 0, '', '2011-10-25 20:40:20', 0, 1, 0),
(492, 492, '2011-10-25', 2566, -1, 0, '', '2011-10-25 20:40:20', 0, 1, 0),
(493, 493, '2011-10-25', 2566, -1, 0, '', '2011-10-25 20:40:20', 0, 1, 0);

DROP TABLE IF EXISTS `sch_classes`;
CREATE TABLE `sch_classes` (
  `class_id` int(10) unsigned NOT NULL auto_increment,
  `class` varchar(11) NOT NULL default '1',
  `letter` char(2) NOT NULL default '',
  `school_year` int(4) unsigned NOT NULL,
  `teacher_id` int(11) unsigned NOT NULL default '0',
  PRIMARY KEY  (`class_id`),
  UNIQUE KEY `class` (`class`,`letter`,`school_year`),
  KEY `school_year` (`school_year`),
  KEY `teacher_id` (`teacher_id`)
) ENGINE=MyISAM AUTO_INCREMENT=23 /*!40101 DEFAULT CHARSET=utf8 */;

INSERT INTO `sch_classes` VALUES
(1, '2а', '', 1, 4),
(2, '2б', '', 1, 16),
(3, '2в', '', 1, 7),
(4, '3а', '', 1, 6),
(5, '3б', '', 1, 15),
(6, '4а', '', 1, 9),
(7, '4б', '', 1, 12),
(8, '5а', '', 1, 0),
(9, '5б', '', 1, 0),
(10, '6а', '', 1, 0),
(11, '6б', '', 1, 0),
(12, '6в', '', 1, 0),
(13, '7а', '', 1, 0),
(14, '7б', '', 1, 0),
(15, '8а', '', 1, 0),
(16, '8б', '', 1, 0),
(17, '9а', '', 1, 0),
(18, '9б', '', 1, 0),
(19, '10', '', 1, 0),
(20, '11', '', 1, 0),
(21, '1а', '', 1, 22),
(22, '1б', '', 1, 29);

DROP TABLE IF EXISTS `sch_classes_in_groups`;
CREATE TABLE `sch_classes_in_groups` (
  `clsgrp_id` int(9) unsigned NOT NULL auto_increment,
  `group_id` smallint(2) unsigned NOT NULL,
  `class_id` int(9) unsigned NOT NULL,
  PRIMARY KEY  (`clsgrp_id`),
  KEY `group_id` (`group_id`),
  KEY `student_id` (`class_id`)
) ENGINE=MyISAM /*!40101 DEFAULT CHARSET=utf8 */;

DROP TABLE IF EXISTS `sch_config`;
CREATE TABLE `sch_config` (
  `id_config` int(11) unsigned NOT NULL auto_increment,
  `desc_config` varchar(150) NOT NULL,
  `key_config` varchar(32) NOT NULL,
  `value_config` varchar(255) NOT NULL,
  `active` tinyint(2) unsigned NOT NULL default '1',
  PRIMARY KEY  (`id_config`),
  UNIQUE KEY `key_config` (`key_config`),
  KEY `active` (`active`)
) ENGINE=MyISAM AUTO_INCREMENT=22 /*!40101 DEFAULT CHARSET=utf8 */;

INSERT INTO `sch_config` VALUES
(1, 'Отключения инструкции смс запросов в ученическом разделе', 'SMS_ZAPROS', '1', 0),
(2, 'Префикс для получение оценок', 'SMS_PREFIKS_OZENKI', 'PINKOD', 0),
(3, 'Префикс для получение домашнего задания', 'SMS_PREFIKS_DZ', 'DOMZAD', 0),
(4, 'Колличество дней в неделе', 'DAYS', '0', 1),
(5, 'Префикс  языка', 'LANG', 'ru', 1),
(6, 'Русский', 'INTERFACE', 'ru', 1),
(7, 'Название школы', 'NAME_SCHOOL', 'МОУ СОШ № 15', 1),
(8, 'Номер школы', 'NUM_SCHOOL', '15', 1),
(9, 'Количество дней тестового периода', 'TEST_DAYS', '14', 1),
(10, 'Касса', 'KASSA', '1', 1),
(11, 'Система Город', 'CITYSYSTEM', '2', 1),
(12, 'QuickPay', 'QUICKPAY', '3', 1),
(13, 'СберБанк', 'SBERBANK', '4', 1),
(14, 'Оплата тестового периода', 'TESTPAY', '-1', 1),
(15, 'Дотация', 'DOTATION', '-2', 1),
(16, 'Доступ к сайту', 'SERV_SITE', '1', 1),
(17, 'Отсылка смс с оценками', 'SERV_SMS_GRADE', '2', 1),
(18, 'Отсылка смс с замечаниями', 'SERV_SMS_NOTE', '3', 1),
(19, 'Отсылка смс с домашними заданиям', 'SERV_SMS_WHOME', '4', 1),
(20, 'Отсылка смс с расписанием на зав', 'SERV_SMS_SCHED', '5', 1),
(21, 'Отсылка смс с новостями школы', 'SERV_SMS_NEWS', '6', 1);

DROP TABLE IF EXISTS `sch_disciplines`;
CREATE TABLE `sch_disciplines` (
  `discipline_id` int(10) unsigned NOT NULL auto_increment,
  `discipline` varchar(150) NOT NULL,
  PRIMARY KEY  (`discipline_id`),
  UNIQUE KEY `discipline` (`discipline`)
) ENGINE=MyISAM AUTO_INCREMENT=32 /*!40101 DEFAULT CHARSET=utf8 */;

INSERT INTO `sch_disciplines` VALUES
(1, 'Русский язык'),
(2, 'Литература'),
(3, 'Математика'),
(4, 'Алгебра'),
(5, 'Геометрия'),
(6, 'МХК'),
(7, 'Физ.культура'),
(8, 'Окружающий мир'),
(9, 'Чтение'),
(10, 'Технология'),
(11, 'Немецкий язык'),
(12, 'ОБЖ'),
(13, 'География'),
(14, 'История'),
(15, 'Обществознание'),
(16, 'Английский язык'),
(17, 'Технология (м)'),
(18, 'Музыка'),
(19, 'История России'),
(20, 'Всеобщая история'),
(21, 'Химия'),
(22, 'Физика'),
(23, 'ИЗО'),
(24, 'Биология'),
(25, 'Информатика'),
(26, 'Природоведение'),
(27, 'Технология (д)'),
(28, 'Физ.культура (м)'),
(29, 'Физ.культура (д)'),
(30, 'Краеведение'),
(31, 'Алгебра (электив)');

DROP TABLE IF EXISTS `sch_groups`;
CREATE TABLE `sch_groups` (
  `group_id` smallint(2) unsigned NOT NULL auto_increment,
  `group` varchar(32) default NULL,
  `short` varchar(8) default NULL,
  `active` tinyint(2) unsigned NOT NULL default '1',
  PRIMARY KEY  (`group_id`),
  KEY `active` (`active`)
) ENGINE=MyISAM AUTO_INCREMENT=5 /*!40101 DEFAULT CHARSET=utf8 */;

INSERT INTO `sch_groups` VALUES
(1, 'Девочки', 'Дев', 1),
(2, 'Мальчики', 'Мал', 1),
(3, 'Английский', 'Англ', 1),
(4, 'Немецкий', 'Нем', 1);

DROP TABLE IF EXISTS `sch_information`;
CREATE TABLE `sch_information` (
  `information_id` int(11) NOT NULL auto_increment,
  `information_date` date NOT NULL default '0000-00-00',
  `information_title` varchar(100) default NULL,
  `information_text` varchar(500) default NULL,
  `information_section` enum('teacher','student','all') NOT NULL default 'all',
  `information_classes` int(11) unsigned NOT NULL,
  `date_news` datetime default NULL COMMENT 'дата отсылки новости',
  KEY `information_id` (`information_id`),
  KEY `information_date` (`information_date`),
  KEY `information_section` (`information_section`),
  KEY `information_classes` (`information_classes`),
  KEY `date_news` (`date_news`)
) ENGINE=MyISAM /*!40101 DEFAULT CHARSET=utf8 */;

DROP TABLE IF EXISTS `sch_lessons`;
CREATE TABLE `sch_lessons` (
  `lesson_id` int(10) unsigned NOT NULL auto_increment,
  `lesson_date` date NOT NULL,
  `subject_id` int(10) unsigned NOT NULL,
  `topic` varchar(100) default NULL,
  `dz` text,
  `lesson_order` int(2) NOT NULL,
  `active` bigint(20) NOT NULL default '0',
  `schedule_id` int(10) unsigned default NULL,
  `file` varchar(64) default NULL,
  `date_dz` datetime default NULL COMMENT 'дата отсылки домашки',
  `date_sched` datetime default NULL COMMENT 'дата отсылки расписания',
  PRIMARY KEY  (`lesson_id`),
  KEY `lesson_date` (`lesson_date`),
  KEY `subject_id` (`subject_id`),
  KEY `lesson_order` (`lesson_order`),
  KEY `active` (`active`),
  KEY `schedule_id` (`schedule_id`),
  KEY `date_dz` (`date_dz`),
  KEY `date_sched` (`date_sched`)
) ENGINE=MyISAM AUTO_INCREMENT=5 /*!40101 DEFAULT CHARSET=utf8 */;

INSERT INTO `sch_lessons` VALUES
(1, '2011-10-25', 282, '', 'Кроссворд на тему кулинария', 1, 0, NULL, NULL, NULL, NULL),
(2, '2011-10-11', 86, NULL, NULL, 0, 1, 158, NULL, NULL, NULL),
(3, '2011-11-15', 77, '', 'упр. 73 контр. вопросы стр. 47', 0, 0, 1776, NULL, '2011-11-15 15:35:31', NULL),
(4, '2011-11-15', 80, '', 'стр. 143-154 читать, вопросы наизусть монолог', 0, 0, 1781, NULL, '2011-11-15 15:35:38', NULL);

DROP TABLE IF EXISTS `sch_operator`;
CREATE TABLE `sch_operator` (
  `id` int(8) NOT NULL auto_increment,
  `name` varchar(32) default NULL,
  `path` varchar(32) NOT NULL default 'data/',
  `path_out` varchar(32) NOT NULL default 'data/',
  `file` varchar(16) default NULL,
  `active` tinyint(1) unsigned NOT NULL default '1',
  PRIMARY KEY  (`id`),
  KEY `active` (`active`)
) ENGINE=MyISAM AUTO_INCREMENT=5 /*!40101 DEFAULT CHARSET=utf8 */ COMMENT='Название Оператора';

INSERT INTO `sch_operator` VALUES
(1, 'касса', 'data/cassa', 'data/cassa', 'KASSA', 1),
(2, 'Система Город', 'data/citysystem', 'data/citysystem/saldo', 'CITYSYSTEM', 1),
(3, 'QuickPay', 'data/quickpay', 'data/quickpay', 'QUICKPAY', 1),
(4, 'СберБанк', 'data/bv', 'data/bv', 'SBERBANK', 1),
(-1, 'Оплата тестового периода', 'data/', 'data/', 'TESTPAY', 1),
(-2, 'Дотация', 'data/', 'data/', 'DOTATION', 1);

DROP TABLE IF EXISTS `sch_parents`;
CREATE TABLE `sch_parents` (
  `parent_id` int(10) unsigned NOT NULL auto_increment,
  `last_name` varchar(25) NOT NULL,
  `first_name` varchar(25) NOT NULL,
  `middle_name` varchar(25) NOT NULL,
  `login` varchar(32) NOT NULL,
  `password` varchar(32) NOT NULL,
  `relative_id` smallint(2) unsigned NOT NULL default '1',
  `address` varchar(255) default NULL,
  `phone` varchar(25) default NULL,
  `work_phone` varchar(25) default NULL,
  `cell_phone` varchar(25) default NULL,
  `email` varchar(25) default NULL,
  `active` tinyint(2) unsigned NOT NULL default '1',
  PRIMARY KEY  (`parent_id`),
  UNIQUE KEY `login` (`login`),
  KEY `active` (`active`),
  KEY `last_name` (`last_name`),
  KEY `password` (`password`),
  KEY `relative_id` (`relative_id`)
) ENGINE=MyISAM /*!40101 DEFAULT CHARSET=utf8 */;

DROP TABLE IF EXISTS `sch_quarters`;
CREATE TABLE `sch_quarters` (
  `quarter_id` int(10) unsigned NOT NULL auto_increment,
  `school_year_id` int(4) unsigned NOT NULL default '0',
  `quarter_name` varchar(50) NOT NULL,
  `quarter_type` tinyint(2) unsigned NOT NULL default '1',
  `current` tinyint(2) unsigned NOT NULL default '0',
  `started` date NOT NULL,
  `finished` date NOT NULL,
  PRIMARY KEY  (`quarter_id`),
  KEY `current` (`current`),
  KEY `school_year_id` (`school_year_id`),
  KEY `started` (`started`),
  KEY `finished` (`finished`),
  KEY `quarter_type` (`quarter_type`)
) ENGINE=MyISAM AUTO_INCREMENT=6 /*!40101 DEFAULT CHARSET=utf8 */;

INSERT INTO `sch_quarters` VALUES
(1, 1, '1 четверть', 1, 0, '2010-09-01', '2011-11-06'),
(2, 1, '2 четверть', 1, 1, '2011-11-14', '2011-12-31'),
(3, 1, '3 четверть', 1, 0, '2012-01-09', '2012-03-25'),
(4, 1, '4 четверть', 1, 0, '2012-01-09', '2012-04-01'),
(5, 2, '1 четверть', 1, 0, '2010-09-01', '2010-11-01');

DROP TABLE IF EXISTS `sch_relatives`;
CREATE TABLE `sch_relatives` (
  `relative_id` smallint(2) unsigned NOT NULL auto_increment,
  `relative` varchar(16) NOT NULL,
  PRIMARY KEY  (`relative_id`),
  UNIQUE KEY `relative` (`relative`)
) ENGINE=MyISAM AUTO_INCREMENT=3 /*!40101 DEFAULT CHARSET=utf8 */;

INSERT INTO `sch_relatives` VALUES
(1, 'мать'),
(2, 'отец');

DROP TABLE IF EXISTS `sch_schedule`;
CREATE TABLE `sch_schedule` (
  `id_schedule` int(10) unsigned NOT NULL auto_increment,
  `date_schedule` int(2) unsigned NOT NULL COMMENT 'День недели 0-6',
  `school_year` int(4) unsigned NOT NULL,
  `quarter_id` int(6) unsigned NOT NULL default '0',
  `discipline_id` int(10) unsigned NOT NULL default '0',
  `class_id` int(10) unsigned NOT NULL default '0',
  `cabinet` varchar(30) default NULL,
  `teacher_id` int(10) unsigned NOT NULL default '0',
  `order_schedule` int(2) unsigned NOT NULL,
  `group_id` smallint(4) unsigned NOT NULL default '0',
  `started` date NOT NULL default '0000-00-00' COMMENT 'дата включения',
  `finished` date NOT NULL default '0000-00-00' COMMENT 'дата отключения',
  PRIMARY KEY  (`id_schedule`),
  KEY `date_schedule` (`date_schedule`),
  KEY `school_year` (`school_year`),
  KEY `discipline_id` (`discipline_id`),
  KEY `class_id` (`class_id`),
  KEY `order_schedule` (`order_schedule`),
  KEY `teacher_id` (`teacher_id`),
  KEY `quarter_id` (`quarter_id`),
  KEY `started` (`started`),
  KEY `finished` (`finished`),
  KEY `group_id` (`group_id`)
) ENGINE=MyISAM AUTO_INCREMENT=1921 /*!40101 DEFAULT CHARSET=utf8 */;

INSERT INTO `sch_schedule` VALUES
(1890, 4, 1, 2, 24, 0, '', 33, 1, 0, '2011-11-14', '2011-12-31'),
(1889, 4, 1, 2, 21, 18, '', 38, 1, 0, '2011-11-14', '2011-12-31'),
(1888, 4, 1, 2, 1, 17, '', 13, 1, 0, '2011-11-14', '2011-12-31'),
(1887, 4, 1, 2, 13, 16, '', 18, 1, 0, '2011-11-14', '2011-12-31'),
(1886, 3, 1, 2, 0, 0, '', 32, 7, 0, '2011-11-14', '2011-12-31'),
(1885, 3, 1, 2, 0, 0, '', 26, 7, 0, '2011-11-14', '2011-12-31'),
(1884, 3, 1, 2, 22, 16, '', 30, 7, 0, '2011-11-14', '2011-12-31'),
(1883, 3, 1, 2, 4, 0, '', 37, 6, 0, '2011-11-14', '2011-12-31'),
(1882, 3, 1, 2, 0, 0, '', 36, 6, 0, '2011-11-14', '2011-12-31'),
(1881, 3, 1, 2, 7, 18, '', 14, 6, 0, '2011-11-14', '2011-12-31'),
(1880, 3, 1, 2, 25, 17, '', 34, 6, 0, '2011-11-14', '2011-12-31'),
(1879, 3, 1, 2, 6, 16, '', 31, 6, 0, '2011-11-14', '2011-12-31'),
(1878, 3, 1, 2, 22, 0, '', 30, 5, 0, '2011-11-14', '2011-12-31'),
(1877, 3, 1, 2, 19, 0, '', 36, 5, 0, '2011-11-14', '2011-12-31'),
(1876, 3, 1, 2, 2, 18, '', 11, 5, 0, '2011-11-14', '2011-12-31'),
(1875, 3, 1, 2, 25, 17, '', 34, 5, 0, '2011-11-14', '2011-12-31'),
(1874, 3, 1, 2, 7, 16, '', 14, 5, 0, '2011-11-14', '2011-12-31'),
(1873, 3, 1, 2, 2, 0, '', 8, 4, 0, '2011-11-14', '2011-12-31'),
(1872, 3, 1, 2, 0, 0, '', 14, 4, 0, '2011-11-14', '2011-12-31'),
(1871, 3, 1, 2, 0, 0, '', 21, 4, 0, '2011-11-14', '2011-12-31'),
(1870, 3, 1, 2, 4, 18, '', 25, 4, 0, '2011-11-14', '2011-12-31'),
(1869, 3, 1, 2, 2, 17, '', 13, 4, 0, '2011-11-14', '2011-12-31'),
(1868, 3, 1, 2, 5, 16, '', 2, 4, 0, '2011-11-14', '2011-12-31'),
(1867, 3, 1, 2, 0, 0, '', 21, 3, 0, '2011-11-14', '2011-12-31'),
(1866, 3, 1, 2, 22, 0, '', 30, 3, 0, '2011-11-14', '2011-12-31'),
(1865, 3, 1, 2, 13, 18, '', 18, 3, 0, '2011-11-14', '2011-12-31'),
(1864, 3, 1, 2, 2, 17, '', 13, 3, 0, '2011-11-14', '2011-12-31'),
(1863, 3, 1, 2, 14, 16, '', 19, 3, 0, '2011-11-14', '2011-12-31'),
(1862, 3, 1, 2, 21, 0, '', 38, 2, 0, '2011-11-14', '2011-12-31'),
(1861, 3, 1, 2, 5, 0, '', 25, 2, 0, '2011-11-14', '2011-12-31'),
(1860, 3, 1, 2, 25, 18, '', 34, 2, 0, '2011-11-14', '2011-12-31'),
(1859, 3, 1, 2, 0, 17, '', 32, 2, 0, '2011-11-14', '2011-12-31'),
(1858, 3, 1, 2, 0, 17, '', 26, 2, 0, '2011-11-14', '2011-12-31'),
(1857, 3, 1, 2, 1, 16, '', 24, 2, 0, '2011-11-14', '2011-12-31'),
(1856, 3, 1, 2, 1, 0, '', 8, 1, 0, '2011-11-14', '2011-12-31'),
(1855, 3, 1, 2, 21, 0, '', 38, 1, 0, '2011-11-14', '2011-12-31'),
(1854, 3, 1, 2, 25, 18, '', 34, 1, 0, '2011-11-14', '2011-12-31'),
(1853, 3, 1, 2, 13, 17, '', 18, 1, 0, '2011-11-14', '2011-12-31'),
(1852, 3, 1, 2, 1, 16, '', 24, 1, 0, '2011-11-14', '2011-12-31'),
(1851, 2, 1, 2, 22, 0, '', 30, 7, 0, '2011-11-14', '2011-12-31'),
(1850, 2, 1, 2, 0, 18, '', 20, 7, 0, '2011-11-14', '2011-12-31'),
(1849, 2, 1, 2, 0, 18, '', 32, 7, 0, '2011-11-14', '2011-12-31'),
(1848, 2, 1, 2, 6, 17, '', 3, 7, 0, '2011-11-14', '2011-12-31'),
(1847, 2, 1, 2, 12, 0, '', 10, 6, 0, '2011-11-14', '2011-12-31'),
(1846, 2, 1, 2, 0, 0, '', 36, 6, 0, '2011-11-14', '2011-12-31'),
(1845, 2, 1, 2, 6, 18, '', 3, 6, 0, '2011-11-14', '2011-12-31'),
(1844, 2, 1, 2, 22, 17, '', 30, 6, 0, '2011-11-14', '2011-12-31'),
(1843, 2, 1, 2, 25, 16, '', 34, 6, 0, '2011-11-14', '2011-12-31'),
(1842, 2, 1, 2, 5, 0, '', 37, 5, 0, '2011-11-14', '2011-12-31'),
(1841, 2, 1, 2, 0, 0, '', 36, 5, 0, '2011-11-14', '2011-12-31'),
(1840, 2, 1, 2, 22, 18, '', 30, 5, 0, '2011-11-14', '2011-12-31'),
(1839, 2, 1, 2, 7, 17, '', 14, 5, 0, '2011-11-14', '2011-12-31'),
(1838, 2, 1, 2, 13, 16, '', 18, 5, 0, '2011-11-14', '2011-12-31'),
(1837, 2, 1, 2, 4, 0, '', 37, 4, 0, '2011-11-14', '2011-12-31'),
(1836, 2, 1, 2, 1, 0, '', 1, 4, 0, '2011-11-14', '2011-12-31'),
(1835, 2, 1, 2, 0, 18, '', 27, 4, 0, '2011-11-14', '2011-12-31'),
(1834, 2, 1, 2, 0, 17, '', 32, 4, 0, '2011-11-14', '2011-12-31'),
(1833, 2, 1, 2, 0, 17, '', 26, 4, 0, '2011-11-14', '2011-12-31'),
(1832, 2, 1, 2, 21, 16, '', 28, 4, 0, '2011-11-14', '2011-12-31'),
(1831, 2, 1, 2, 24, 0, '', 33, 3, 0, '2011-11-14', '2011-12-31'),
(1830, 2, 1, 2, 4, 0, '', 25, 3, 0, '2011-11-14', '2011-12-31'),
(1829, 2, 1, 2, 7, 18, '', 14, 3, 0, '2011-11-14', '2011-12-31'),
(1828, 2, 1, 2, 0, 17, '', 27, 3, 0, '2011-11-14', '2011-12-31'),
(1827, 2, 1, 2, 4, 16, '', 2, 3, 0, '2011-11-14', '2011-12-31'),
(1826, 2, 1, 2, 22, 0, '', 30, 2, 0, '2011-11-14', '2011-12-31'),
(1825, 2, 1, 2, 1, 0, '', 1, 2, 0, '2011-11-14', '2011-12-31'),
(1824, 2, 1, 2, 21, 18, '', 38, 2, 0, '2011-11-14', '2011-12-31'),
(1823, 2, 1, 2, 5, 17, '', 25, 2, 0, '2011-11-14', '2011-12-31'),
(1822, 2, 1, 2, 0, 16, '', 32, 2, 0, '2011-11-14', '2011-12-31'),
(1821, 2, 1, 2, 0, 16, '', 10, 2, 0, '2011-11-14', '2011-12-31'),
(1820, 2, 1, 2, 0, 0, '', 27, 1, 0, '2011-11-14', '2011-12-31'),
(1819, 2, 1, 2, 0, 0, '', 32, 1, 0, '2011-11-14', '2011-12-31'),
(1818, 2, 1, 2, 0, 0, '', 26, 1, 0, '2011-11-14', '2011-12-31'),
(1817, 2, 1, 2, 5, 18, '', 25, 1, 0, '2011-11-14', '2011-12-31'),
(1816, 2, 1, 2, 21, 17, '', 38, 1, 0, '2011-11-14', '2011-12-31'),
(1815, 2, 1, 2, 7, 16, '', 14, 1, 0, '2011-11-14', '2011-12-31'),
(1814, 1, 1, 2, 25, 0, '', 34, 9, 0, '2011-11-14', '2011-12-31'),
(1813, 1, 1, 2, 25, 0, '', 34, 8, 0, '2011-11-14', '2011-12-31'),
(1812, 1, 1, 2, 0, 0, '', 27, 7, 0, '2011-11-14', '2011-12-31'),
(1811, 1, 1, 2, 6, 0, '', 3, 7, 0, '2011-11-14', '2011-12-31'),
(1810, 1, 1, 2, 7, 18, '', 14, 7, 0, '2011-11-14', '2011-12-31'),
(1809, 1, 1, 2, 13, 17, '', 18, 7, 0, '2011-11-14', '2011-12-31'),
(1808, 1, 1, 2, 25, 16, '', 34, 7, 0, '2011-11-14', '2011-12-31'),
(1807, 1, 1, 2, 0, 0, '', 14, 6, 0, '2011-11-14', '2011-12-31'),
(1806, 1, 1, 2, 5, 0, '', 25, 6, 0, '2011-11-14', '2011-12-31'),
(1805, 1, 1, 2, 19, 18, '', 27, 6, 0, '2011-11-14', '2011-12-31'),
(1804, 1, 1, 2, 0, 17, '', 32, 6, 0, '2011-11-14', '2011-12-31'),
(1803, 1, 1, 2, 0, 17, '', 26, 6, 0, '2011-11-14', '2011-12-31'),
(1802, 1, 1, 2, 0, 16, '', 19, 6, 0, '2011-11-14', '2011-12-31'),
(1801, 1, 1, 2, 0, 0, '', 32, 5, 0, '2011-11-14', '2011-12-31'),
(1800, 1, 1, 2, 0, 0, '', 26, 5, 0, '2011-11-14', '2011-12-31'),
(1799, 1, 1, 2, 0, 0, '', 14, 5, 0, '2011-11-14', '2011-12-31'),
(1798, 1, 1, 2, 0, 0, '', 21, 5, 0, '2011-11-14', '2011-12-31'),
(1797, 1, 1, 2, 13, 18, '', 18, 5, 0, '2011-11-14', '2011-12-31'),
(1796, 1, 1, 2, 4, 17, '', 25, 5, 0, '2011-11-14', '2011-12-31'),
(1795, 1, 1, 2, 24, 16, '', 33, 5, 0, '2011-11-14', '2011-12-31'),
(1794, 1, 1, 2, 19, 0, '', 27, 4, 0, '2011-11-14', '2011-12-31'),
(1793, 1, 1, 2, 0, 0, '', 32, 4, 0, '2011-11-14', '2011-12-31'),
(1792, 1, 1, 2, 0, 0, '', 26, 4, 0, '2011-11-14', '2011-12-31'),
(1791, 1, 1, 2, 24, 18, '', 33, 4, 0, '2011-11-14', '2011-12-31'),
(1790, 1, 1, 2, 7, 17, '', 14, 4, 0, '2011-11-14', '2011-12-31'),
(1789, 1, 1, 2, 4, 16, '', 2, 4, 0, '2011-11-14', '2011-12-31'),
(1788, 1, 1, 2, 4, 0, '', 37, 3, 0, '2011-11-14', '2011-12-31'),
(1787, 1, 1, 2, 24, 0, '', 33, 3, 0, '2011-11-14', '2011-12-31'),
(1786, 1, 1, 2, 4, 18, '', 25, 3, 0, '2011-11-14', '2011-12-31'),
(1785, 1, 1, 2, 19, 17, '', 27, 3, 0, '2011-11-14', '2011-12-31'),
(1784, 1, 1, 2, 2, 16, '', 24, 3, 0, '2011-11-14', '2011-12-31'),
(1783, 1, 1, 2, 2, 0, '', 8, 2, 0, '2011-11-14', '2011-12-31'),
(1782, 1, 1, 2, 21, 0, '', 38, 2, 0, '2011-11-14', '2011-12-31'),
(1781, 1, 1, 2, 2, 18, '', 11, 2, 0, '2011-11-14', '2011-12-31'),
(1780, 1, 1, 2, 1, 17, '', 13, 2, 0, '2011-11-14', '2011-12-31'),
(1779, 1, 1, 2, 22, 16, '', 30, 2, 0, '2011-11-14', '2011-12-31'),
(1778, 1, 1, 2, 21, 0, '', 38, 1, 0, '2011-11-14', '2011-12-31'),
(1777, 1, 1, 2, 2, 0, '', 1, 1, 0, '2011-11-14', '2011-12-31'),
(1776, 1, 1, 2, 1, 18, '', 11, 1, 0, '2011-11-14', '2011-12-31'),
(1775, 1, 1, 2, 24, 17, '', 33, 1, 0, '2011-11-14', '2011-12-31'),
(1774, 1, 1, 2, 12, 16, '', 10, 1, 0, '2011-11-14', '2011-12-31'),
(1773, 0, 1, 2, 25, 0, '', 34, 8, 0, '2011-11-14', '2011-12-31'),
(1772, 0, 1, 2, 25, 0, '', 34, 7, 0, '2011-11-14', '2011-12-31'),
(1771, 0, 1, 2, 5, 18, '', 25, 7, 0, '2011-11-14', '2011-12-31'),
(1770, 0, 1, 2, 7, 17, '', 14, 7, 0, '2011-11-14', '2011-12-31'),
(1769, 0, 1, 2, 14, 16, '', 19, 7, 0, '2011-11-14', '2011-12-31'),
(1768, 0, 1, 2, 22, 0, '', 30, 6, 0, '2011-11-14', '2011-12-31'),
(1767, 0, 1, 2, 4, 0, '', 25, 6, 0, '2011-11-14', '2011-12-31'),
(1766, 0, 1, 2, 0, 18, '', 20, 6, 0, '2011-11-14', '2011-12-31'),
(1765, 0, 1, 2, 0, 18, '', 32, 6, 0, '2011-11-14', '2011-12-31'),
(1764, 0, 1, 2, 2, 17, '', 13, 6, 0, '2011-11-14', '2011-12-31'),
(1763, 0, 1, 2, 21, 16, '', 28, 6, 0, '2011-11-14', '2011-12-31'),
(1762, 0, 1, 2, 0, 0, '', 32, 5, 0, '2011-11-14', '2011-12-31'),
(1761, 0, 1, 2, 0, 0, '', 26, 5, 0, '2011-11-14', '2011-12-31'),
(1760, 0, 1, 2, 22, 0, '', 30, 5, 0, '2011-11-14', '2011-12-31'),
(1759, 0, 1, 2, 2, 18, '', 11, 5, 0, '2011-11-14', '2011-12-31'),
(1758, 0, 1, 2, 5, 17, '', 25, 5, 0, '2011-11-14', '2011-12-31'),
(1757, 0, 1, 2, 5, 16, '', 2, 5, 0, '2011-11-14', '2011-12-31'),
(1756, 0, 1, 2, 13, 0, '', 18, 4, 0, '2011-11-14', '2011-12-31'),
(1755, 0, 1, 2, 0, 0, '', 32, 4, 0, '2011-11-14', '2011-12-31'),
(1754, 0, 1, 2, 0, 0, '', 26, 4, 0, '2011-11-14', '2011-12-31'),
(1753, 0, 1, 2, 0, 18, '', 27, 4, 0, '2011-11-14', '2011-12-31'),
(1752, 0, 1, 2, 22, 17, '', 30, 4, 0, '2011-11-14', '2011-12-31'),
(1751, 0, 1, 2, 4, 16, '', 2, 4, 0, '2011-11-14', '2011-12-31'),
(1750, 0, 1, 2, 6, 0, '', 3, 3, 0, '2011-11-14', '2011-12-31'),
(1749, 0, 1, 2, 19, 0, '', 36, 3, 0, '2011-11-14', '2011-12-31'),
(1748, 0, 1, 2, 22, 18, '', 30, 3, 0, '2011-11-14', '2011-12-31'),
(1747, 0, 1, 2, 0, 17, '', 27, 3, 0, '2011-11-14', '2011-12-31'),
(1746, 0, 1, 2, 0, 16, '', 4, 3, 0, '2011-11-14', '2011-12-31'),
(1745, 0, 1, 2, 0, 16, '', 21, 3, 0, '2011-11-14', '2011-12-31'),
(1744, 0, 1, 2, 1, 0, '', 8, 2, 0, '2011-11-14', '2011-12-31'),
(1743, 0, 1, 2, 1, 0, '', 1, 2, 0, '2011-11-14', '2011-12-31'),
(1742, 0, 1, 2, 21, 18, '', 38, 2, 0, '2011-11-14', '2011-12-31'),
(1741, 0, 1, 2, 4, 17, '', 25, 2, 0, '2011-11-14', '2011-12-31'),
(1740, 0, 1, 2, 1, 16, '', 24, 2, 0, '2011-11-14', '2011-12-31'),
(1739, 0, 1, 2, 5, 0, '', 37, 1, 0, '2011-11-14', '2011-12-31'),
(1738, 0, 1, 2, 13, 0, '', 18, 1, 0, '2011-11-14', '2011-12-31'),
(1737, 0, 1, 2, 4, 18, '', 25, 1, 0, '2011-11-14', '2011-12-31'),
(1736, 0, 1, 2, 21, 17, '', 38, 1, 0, '2011-11-14', '2011-12-31'),
(1735, 0, 1, 2, 0, 16, '', 32, 1, 0, '2011-11-14', '2011-12-31'),
(1734, 0, 1, 2, 0, 16, '', 10, 1, 0, '2011-11-14', '2011-12-31'),
(1733, 4, 1, 2, 24, 15, '', 33, 7, 0, '2011-11-14', '2011-12-31'),
(1732, 4, 1, 2, 2, 13, '', 8, 7, 0, '2011-11-14', '2011-12-31'),
(1731, 4, 1, 2, 2, 15, '', 24, 6, 0, '2011-11-14', '2011-12-31'),
(1730, 4, 1, 2, 4, 14, '', 5, 6, 0, '2011-11-14', '2011-12-31'),
(1729, 4, 1, 2, 7, 13, '', 14, 6, 0, '2011-11-14', '2011-12-31'),
(1728, 4, 1, 2, 2, 12, '', 1, 6, 0, '2011-11-14', '2011-12-31'),
(1727, 4, 1, 2, 7, 11, '', 21, 6, 0, '2011-11-14', '2011-12-31'),
(1726, 4, 1, 2, 21, 15, '', 28, 5, 0, '2011-11-14', '2011-12-31'),
(1725, 4, 1, 2, 7, 14, '', 14, 5, 0, '2011-11-14', '2011-12-31'),
(1724, 4, 1, 2, 4, 13, '', 5, 5, 0, '2011-11-14', '2011-12-31'),
(1723, 4, 1, 2, 23, 12, '', 31, 5, 0, '2011-11-14', '2011-12-31'),
(1722, 4, 1, 2, 1, 11, '', 8, 5, 0, '2011-11-14', '2011-12-31'),
(1721, 4, 1, 2, 4, 15, '', 2, 4, 0, '2011-11-14', '2011-12-31'),
(1720, 4, 1, 2, 2, 14, '', 11, 4, 0, '2011-11-14', '2011-12-31'),
(1719, 4, 1, 2, 1, 13, '', 8, 4, 0, '2011-11-14', '2011-12-31'),
(1718, 4, 1, 2, 3, 12, '', 25, 4, 0, '2011-11-14', '2011-12-31'),
(1717, 4, 1, 2, 14, 11, '', 27, 4, 0, '2011-11-14', '2011-12-31'),
(1716, 4, 1, 2, 0, 15, '', 32, 3, 0, '2011-11-14', '2011-12-31'),
(1715, 4, 1, 2, 0, 15, '', 10, 3, 0, '2011-11-14', '2011-12-31'),
(1714, 4, 1, 2, 14, 14, '', 19, 3, 0, '2011-11-14', '2011-12-31'),
(1713, 4, 1, 2, 23, 13, '', 31, 3, 0, '2011-11-14', '2011-12-31'),
(1712, 4, 1, 2, 16, 12, '', 20, 3, 0, '2011-11-14', '2011-12-31'),
(1711, 4, 1, 2, 30, 11, '', 18, 3, 0, '2011-11-14', '2011-12-31'),
(1710, 4, 1, 2, 13, 15, '', 18, 2, 0, '2011-11-14', '2011-12-31'),
(1709, 4, 1, 2, 0, 14, '', 32, 2, 0, '2011-11-14', '2011-12-31'),
(1708, 4, 1, 2, 0, 14, '', 10, 2, 0, '2011-11-14', '2011-12-31'),
(1707, 4, 1, 2, 0, 13, '', 20, 2, 0, '2011-11-14', '2011-12-31'),
(1706, 4, 1, 2, 0, 13, '', 10, 2, 0, '2011-11-14', '2011-12-31'),
(1705, 4, 1, 2, 7, 12, '', 14, 2, 0, '2011-11-14', '2011-12-31'),
(1704, 4, 1, 2, 15, 11, '', 27, 2, 0, '2011-11-14', '2011-12-31'),
(1703, 4, 1, 2, 7, 15, '', 14, 1, 0, '2011-11-14', '2011-12-31'),
(1702, 4, 1, 2, 1, 14, '', 11, 1, 0, '2011-11-14', '2011-12-31'),
(1701, 4, 1, 2, 14, 13, '', 19, 1, 0, '2011-11-14', '2011-12-31'),
(1700, 4, 1, 2, 1, 12, '', 1, 1, 0, '2011-11-14', '2011-12-31'),
(1699, 4, 1, 2, 3, 11, '', 25, 1, 0, '2011-11-14', '2011-12-31'),
(1698, 3, 1, 2, 6, 15, '', 31, 7, 0, '2011-11-14', '2011-12-31'),
(1697, 3, 1, 2, 14, 14, '', 19, 7, 0, '2011-11-14', '2011-12-31'),
(1696, 3, 1, 2, 12, 15, '', 10, 6, 0, '2011-11-14', '2011-12-31'),
(1695, 3, 1, 2, 5, 14, '', 5, 6, 0, '2011-11-14', '2011-12-31'),
(1694, 3, 1, 2, 22, 13, '', 30, 6, 0, '2011-11-14', '2011-12-31'),
(1693, 3, 1, 2, 18, 12, '', 23, 6, 0, '2011-11-14', '2011-12-31'),
(1692, 3, 1, 2, 7, 11, '', 21, 6, 0, '2011-11-14', '2011-12-31'),
(1691, 3, 1, 2, 5, 15, '', 2, 5, 0, '2011-11-14', '2011-12-31'),
(1690, 3, 1, 2, 4, 14, '', 5, 5, 0, '2011-11-14', '2011-12-31'),
(1689, 3, 1, 2, 14, 13, '', 19, 5, 0, '2011-11-14', '2011-12-31'),
(1688, 3, 1, 2, 24, 12, '', 33, 5, 0, '2011-11-14', '2011-12-31'),
(1687, 3, 1, 2, 11, 11, '', 26, 5, 0, '2011-11-14', '2011-12-31'),
(1686, 3, 1, 2, 16, 11, '', 20, 5, 0, '2011-11-14', '2011-12-31'),
(1685, 3, 1, 2, 14, 15, '', 19, 4, 0, '2011-11-14', '2011-12-31'),
(1684, 3, 1, 2, 22, 14, '', 30, 4, 0, '2011-11-14', '2011-12-31'),
(1683, 3, 1, 2, 4, 13, '', 5, 4, 0, '2011-11-14', '2011-12-31'),
(1682, 3, 1, 2, 13, 12, '', 18, 4, 0, '2011-11-14', '2011-12-31'),
(1681, 3, 1, 2, 23, 11, '', 31, 4, 0, '2011-11-14', '2011-12-31'),
(1680, 3, 1, 2, 1, 15, '', 24, 3, 0, '2011-11-14', '2011-12-31'),
(1679, 3, 1, 2, 1, 14, '', 11, 3, 0, '2011-11-14', '2011-12-31'),
(1678, 3, 1, 2, 1, 13, '', 8, 3, 0, '2011-11-14', '2011-12-31'),
(1677, 3, 1, 2, 3, 12, '', 25, 3, 0, '2011-11-14', '2011-12-31'),
(1676, 3, 1, 2, 24, 11, '', 33, 3, 0, '2011-11-14', '2011-12-31'),
(1675, 3, 1, 2, 22, 15, '', 30, 2, 0, '2011-11-14', '2011-12-31'),
(1674, 3, 1, 2, 0, 14, '', 4, 2, 0, '2011-11-14', '2011-12-31'),
(1673, 3, 1, 2, 0, 14, '', 21, 2, 0, '2011-11-14', '2011-12-31'),
(1672, 3, 1, 2, 0, 13, '', 4, 2, 0, '2011-11-14', '2011-12-31'),
(1671, 3, 1, 2, 0, 13, '', 21, 2, 0, '2011-11-14', '2011-12-31'),
(1670, 3, 1, 2, 7, 12, '', 14, 2, 0, '2011-11-14', '2011-12-31'),
(1669, 3, 1, 2, 1, 11, '', 8, 2, 0, '2011-11-14', '2011-12-31'),
(1668, 3, 1, 2, 7, 15, '', 14, 1, 0, '2011-11-14', '2011-12-31'),
(1667, 3, 1, 2, 0, 14, '', 4, 1, 0, '2011-11-14', '2011-12-31'),
(1666, 3, 1, 2, 0, 14, '', 21, 1, 0, '2011-11-14', '2011-12-31'),
(1665, 3, 1, 2, 0, 13, '', 4, 1, 0, '2011-11-14', '2011-12-31'),
(1664, 3, 1, 2, 0, 13, '', 21, 1, 0, '2011-11-14', '2011-12-31'),
(1663, 3, 1, 2, 14, 12, '', 19, 1, 0, '2011-11-14', '2011-12-31'),
(1662, 3, 1, 2, 3, 11, '', 25, 1, 0, '2011-11-14', '2011-12-31'),
(1661, 2, 1, 2, 25, 15, '', 34, 7, 0, '2011-11-14', '2011-12-31'),
(1660, 2, 1, 2, 23, 14, '', 31, 7, 0, '2011-11-14', '2011-12-31'),
(1659, 2, 1, 2, 18, 13, '', 23, 7, 0, '2011-11-14', '2011-12-31'),
(1658, 2, 1, 2, 7, 15, '', 14, 6, 0, '2011-11-14', '2011-12-31'),
(1657, 2, 1, 2, 18, 14, '', 23, 6, 0, '2011-11-14', '2011-12-31'),
(1656, 2, 1, 2, 5, 13, '', 5, 6, 0, '2011-11-14', '2011-12-31'),
(1655, 2, 1, 2, 3, 12, '', 25, 6, 0, '2011-11-14', '2011-12-31'),
(1654, 2, 1, 2, 24, 11, '', 33, 6, 0, '2011-11-14', '2011-12-31'),
(1653, 2, 1, 2, 21, 15, '', 28, 5, 0, '2011-11-14', '2011-12-31'),
(1652, 2, 1, 2, 0, 14, '', 32, 5, 0, '2011-11-14', '2011-12-31'),
(1651, 2, 1, 2, 0, 14, '', 10, 5, 0, '2011-11-14', '2011-12-31'),
(1650, 2, 1, 2, 0, 13, '', 20, 5, 0, '2011-11-14', '2011-12-31'),
(1649, 2, 1, 2, 0, 13, '', 10, 5, 0, '2011-11-14', '2011-12-31'),
(1648, 2, 1, 2, 24, 12, '', 33, 5, 0, '2011-11-14', '2011-12-31'),
(1647, 2, 1, 2, 18, 11, '', 23, 5, 0, '2011-11-14', '2011-12-31'),
(1646, 2, 1, 2, 4, 15, '', 2, 4, 0, '2011-11-14', '2011-12-31'),
(1645, 2, 1, 2, 13, 14, '', 18, 4, 0, '2011-11-14', '2011-12-31'),
(1644, 2, 1, 2, 1, 13, '', 8, 4, 0, '2011-11-14', '2011-12-31'),
(1643, 2, 1, 2, 16, 12, '', 20, 4, 0, '2011-11-14', '2011-12-31'),
(1642, 2, 1, 2, 3, 11, '', 25, 4, 0, '2011-11-14', '2011-12-31'),
(1641, 2, 1, 2, 0, 15, '', 32, 3, 0, '2011-11-14', '2011-12-31'),
(1640, 2, 1, 2, 0, 15, '', 10, 3, 0, '2011-11-14', '2011-12-31'),
(1639, 2, 1, 2, 1, 14, '', 11, 3, 0, '2011-11-14', '2011-12-31'),
(1638, 2, 1, 2, 13, 13, '', 18, 3, 0, '2011-11-14', '2011-12-31'),
(1637, 2, 1, 2, 1, 12, '', 1, 3, 0, '2011-11-14', '2011-12-31'),
(1636, 2, 1, 2, 16, 11, '', 20, 3, 0, '2011-11-14', '2011-12-31'),
(1635, 2, 1, 2, 11, 11, '', 26, 3, 0, '2011-11-14', '2011-12-31'),
(1634, 2, 1, 2, 13, 15, '', 18, 2, 0, '2011-11-14', '2011-12-31'),
(1633, 2, 1, 2, 24, 14, '', 33, 2, 0, '2011-11-14', '2011-12-31'),
(1632, 2, 1, 2, 4, 13, '', 5, 2, 0, '2011-11-14', '2011-12-31'),
(1631, 2, 1, 2, 7, 12, '', 14, 2, 0, '2011-11-14', '2011-12-31'),
(1630, 2, 1, 2, 2, 11, '', 8, 2, 0, '2011-11-14', '2011-12-31'),
(1629, 2, 1, 2, 25, 15, '', 34, 1, 0, '2011-11-14', '2011-12-31'),
(1628, 2, 1, 2, 4, 14, '', 5, 1, 0, '2011-11-14', '2011-12-31'),
(1627, 2, 1, 2, 24, 13, '', 33, 1, 0, '2011-11-14', '2011-12-31'),
(1626, 2, 1, 2, 1, 12, '', 1, 1, 0, '2011-11-14', '2011-12-31'),
(1625, 2, 1, 2, 1, 11, '', 8, 1, 0, '2011-11-14', '2011-12-31'),
(1624, 1, 1, 2, 0, 15, '', 19, 7, 0, '2011-11-14', '2011-12-31'),
(1623, 1, 1, 2, 24, 15, '', 33, 6, 0, '2011-11-14', '2011-12-31'),
(1622, 1, 1, 2, 1, 14, '', 11, 6, 0, '2011-11-14', '2011-12-31'),
(1621, 1, 1, 2, 22, 13, '', 30, 6, 0, '2011-11-14', '2011-12-31'),
(1620, 1, 1, 2, 10, 12, '', 4, 6, 0, '2011-11-14', '2011-12-31'),
(1619, 1, 1, 2, 5, 15, '', 2, 5, 0, '2011-11-14', '2011-12-31'),
(1618, 1, 1, 2, 22, 14, '', 30, 5, 0, '2011-11-14', '2011-12-31'),
(1617, 1, 1, 2, 14, 13, '', 19, 5, 0, '2011-11-14', '2011-12-31'),
(1616, 1, 1, 2, 10, 12, '', 4, 5, 0, '2011-11-14', '2011-12-31'),
(1615, 1, 1, 2, 13, 11, '', 18, 5, 0, '2011-11-14', '2011-12-31'),
(1614, 1, 1, 2, 22, 15, '', 30, 4, 0, '2011-11-14', '2011-12-31'),
(1613, 1, 1, 2, 0, 14, '', 19, 4, 0, '2011-11-14', '2011-12-31'),
(1612, 1, 1, 2, 1, 13, '', 8, 4, 0, '2011-11-14', '2011-12-31'),
(1611, 1, 1, 2, 16, 12, '', 20, 4, 0, '2011-11-14', '2011-12-31'),
(1610, 1, 1, 2, 1, 11, '', 8, 4, 0, '2011-11-14', '2011-12-31'),
(1609, 1, 1, 2, 4, 15, '', 2, 3, 0, '2011-11-14', '2011-12-31'),
(1608, 1, 1, 2, 0, 14, '', 32, 3, 0, '2011-11-14', '2011-12-31'),
(1607, 1, 1, 2, 0, 14, '', 10, 3, 0, '2011-11-14', '2011-12-31'),
(1606, 1, 1, 2, 0, 13, '', 20, 3, 0, '2011-11-14', '2011-12-31'),
(1605, 1, 1, 2, 0, 13, '', 10, 3, 0, '2011-11-14', '2011-12-31'),
(1604, 1, 1, 2, 2, 12, '', 1, 3, 0, '2011-11-14', '2011-12-31'),
(1603, 1, 1, 2, 17, 11, '', 21, 3, 0, '2011-11-14', '2011-12-31'),
(1602, 1, 1, 2, 27, 11, '', 4, 3, 0, '2011-11-14', '2011-12-31'),
(1601, 1, 1, 2, 2, 15, '', 24, 2, 0, '2011-11-14', '2011-12-31'),
(1600, 1, 1, 2, 4, 14, '', 5, 2, 0, '2011-11-14', '2011-12-31'),
(1599, 1, 1, 2, 7, 13, '', 14, 2, 0, '2011-11-14', '2011-12-31'),
(1598, 1, 1, 2, 1, 12, '', 1, 2, 0, '2011-11-14', '2011-12-31'),
(1597, 1, 1, 2, 3, 11, '', 25, 2, 0, '2011-11-14', '2011-12-31'),
(1596, 1, 1, 2, 1, 15, '', 24, 1, 0, '2011-11-14', '2011-12-31'),
(1595, 1, 1, 2, 7, 14, '', 14, 1, 0, '2011-11-14', '2011-12-31'),
(1594, 1, 1, 2, 4, 13, '', 5, 1, 0, '2011-11-14', '2011-12-31'),
(1593, 1, 1, 2, 3, 12, '', 25, 1, 0, '2011-11-14', '2011-12-31'),
(1592, 1, 1, 2, 1, 11, '', 8, 1, 0, '2011-11-14', '2011-12-31'),
(1591, 0, 1, 2, 14, 15, '', 19, 6, 0, '2011-11-14', '2011-12-31'),
(1590, 0, 1, 2, 2, 14, '', 11, 6, 0, '2011-11-14', '2011-12-31'),
(1589, 0, 1, 2, 7, 13, '', 14, 6, 0, '2011-11-14', '2011-12-31'),
(1588, 0, 1, 2, 0, 12, '', 27, 6, 0, '2011-11-14', '2011-12-31'),
(1587, 0, 1, 2, 2, 11, '', 8, 6, 0, '2011-11-14', '2011-12-31'),
(1586, 0, 1, 2, 21, 15, '', 28, 5, 0, '2011-11-14', '2011-12-31'),
(1585, 0, 1, 2, 7, 14, '', 14, 5, 0, '2011-11-14', '2011-12-31'),
(1584, 0, 1, 2, 13, 13, '', 18, 5, 0, '2011-11-14', '2011-12-31'),
(1583, 0, 1, 2, 14, 12, '', 19, 5, 0, '2011-11-14', '2011-12-31'),
(1582, 0, 1, 2, 7, 11, '', 21, 5, 0, '2011-11-14', '2011-12-31'),
(1581, 0, 1, 2, 0, 15, '', 4, 4, 0, '2011-11-14', '2011-12-31'),
(1580, 0, 1, 2, 0, 15, '', 21, 4, 0, '2011-11-14', '2011-12-31'),
(1579, 0, 1, 2, 1, 14, '', 11, 4, 0, '2011-11-14', '2011-12-31'),
(1578, 0, 1, 2, 2, 13, '', 8, 4, 0, '2011-11-14', '2011-12-31'),
(1577, 0, 1, 2, 3, 12, '', 25, 4, 0, '2011-11-14', '2011-12-31'),
(1576, 0, 1, 2, 14, 11, '', 19, 4, 0, '2011-11-14', '2011-12-31'),
(1575, 0, 1, 2, 4, 15, '', 2, 3, 0, '2011-11-14', '2011-12-31'),
(1574, 0, 1, 2, 13, 14, '', 18, 3, 0, '2011-11-14', '2011-12-31'),
(1573, 0, 1, 2, 1, 13, '', 8, 3, 0, '2011-11-14', '2011-12-31'),
(1572, 0, 1, 2, 1, 12, '', 1, 3, 0, '2011-11-14', '2011-12-31'),
(1571, 0, 1, 2, 3, 11, '', 25, 3, 0, '2011-11-14', '2011-12-31'),
(1570, 0, 1, 2, 0, 15, '', 32, 2, 0, '2011-11-14', '2011-12-31'),
(1569, 0, 1, 2, 0, 15, '', 10, 2, 0, '2011-11-14', '2011-12-31'),
(1568, 0, 1, 2, 24, 14, '', 33, 2, 0, '2011-11-14', '2011-12-31'),
(1567, 0, 1, 2, 5, 13, '', 5, 2, 0, '2011-11-14', '2011-12-31'),
(1566, 0, 1, 2, 13, 12, '', 18, 2, 0, '2011-11-14', '2011-12-31'),
(1565, 0, 1, 2, 16, 11, '', 20, 2, 0, '2011-11-14', '2011-12-31'),
(1564, 0, 1, 2, 11, 11, '', 26, 2, 0, '2011-11-14', '2011-12-31'),
(1563, 0, 1, 2, 1, 15, '', 24, 1, 0, '2011-11-14', '2011-12-31'),
(1562, 0, 1, 2, 4, 14, '', 5, 1, 0, '2011-11-14', '2011-12-31'),
(1561, 0, 1, 2, 24, 13, '', 33, 1, 0, '2011-11-14', '2011-12-31'),
(1560, 0, 1, 2, 1, 12, '', 1, 1, 0, '2011-11-14', '2011-12-31'),
(1559, 0, 1, 2, 1, 11, '', 8, 1, 0, '2011-11-14', '2011-12-31'),
(1558, 4, 1, 2, 23, 10, '', 31, 6, 0, '2011-11-14', '2011-12-31'),
(1557, 4, 1, 2, 7, 9, '', 17, 6, 0, '2011-11-14', '2011-12-31'),
(1556, 4, 1, 2, 3, 10, '', 2, 5, 0, '2011-11-14', '2011-12-31'),
(1555, 4, 1, 2, 2, 9, '', 11, 5, 0, '2011-11-14', '2011-12-31'),
(1554, 4, 1, 2, 7, 8, '', 17, 5, 0, '2011-11-14', '2011-12-31'),
(1553, 4, 1, 2, 30, 10, '', 18, 4, 0, '2011-11-14', '2011-12-31'),
(1552, 4, 1, 2, 3, 9, '', 5, 4, 0, '2011-11-14', '2011-12-31'),
(1551, 4, 1, 2, 2, 8, '', 13, 4, 0, '2011-11-14', '2011-12-31'),
(1550, 4, 1, 2, 10, 7, '', 12, 4, 0, '2011-11-14', '2011-12-31'),
(1549, 4, 1, 2, 10, 6, '', 9, 4, 0, '2011-11-14', '2011-12-31'),
(1548, 4, 1, 2, 2, 10, '', 13, 3, 0, '2011-11-14', '2011-12-31'),
(1547, 4, 1, 2, 1, 9, '', 11, 3, 0, '2011-11-14', '2011-12-31'),
(1546, 4, 1, 2, 3, 8, '', 5, 3, 0, '2011-11-14', '2011-12-31'),
(1545, 4, 1, 2, 8, 7, '', 12, 3, 0, '2011-11-14', '2011-12-31'),
(1544, 4, 1, 2, 8, 6, '', 9, 3, 0, '2011-11-14', '2011-12-31'),
(1543, 4, 1, 2, 14, 10, '', 19, 2, 0, '2011-11-14', '2011-12-31'),
(1542, 4, 1, 2, 23, 9, '', 31, 2, 0, '2011-11-14', '2011-12-31'),
(1541, 4, 1, 2, 1, 8, '', 13, 2, 0, '2011-11-14', '2011-12-31'),
(1540, 4, 1, 2, 1, 7, '', 12, 2, 0, '2011-11-14', '2011-12-31'),
(1539, 4, 1, 2, 1, 6, '', 9, 2, 0, '2011-11-14', '2011-12-31'),
(1538, 4, 1, 2, 7, 10, '', 21, 1, 0, '2011-11-14', '2011-12-31'),
(1537, 4, 1, 2, 3, 9, '', 5, 1, 0, '2011-11-14', '2011-12-31'),
(1536, 4, 1, 2, 23, 8, '', 31, 1, 0, '2011-11-14', '2011-12-31'),
(1535, 4, 1, 2, 0, 7, '', 12, 1, 0, '2011-11-14', '2011-12-31'),
(1534, 4, 1, 2, 0, 7, '', 12, 1, 0, '2011-11-14', '2011-12-31'),
(1533, 4, 1, 2, 0, 6, '', 32, 1, 0, '2011-11-14', '2011-12-31'),
(1532, 4, 1, 2, 0, 6, '', 10, 1, 0, '2011-11-14', '2011-12-31'),
(1531, 3, 1, 2, 0, 10, '', 20, 6, 0, '2011-11-14', '2011-12-31'),
(1530, 3, 1, 2, 0, 10, '', 26, 6, 0, '2011-11-14', '2011-12-31'),
(1529, 3, 1, 2, 2, 8, '', 13, 6, 0, '2011-11-14', '2011-12-31'),
(1528, 3, 1, 2, 7, 10, '', 21, 5, 0, '2011-11-14', '2011-12-31'),
(1527, 3, 1, 2, 18, 9, '', 23, 5, 0, '2011-11-14', '2011-12-31'),
(1526, 3, 1, 2, 1, 8, '', 13, 5, 0, '2011-11-14', '2011-12-31'),
(1525, 3, 1, 2, 9, 7, '', 12, 5, 0, '2011-11-14', '2011-12-31'),
(1524, 3, 1, 2, 23, 6, '', 31, 5, 0, '2011-11-14', '2011-12-31'),
(1523, 3, 1, 2, 24, 10, '', 33, 4, 0, '2011-11-14', '2011-12-31'),
(1522, 3, 1, 2, 1, 9, '', 11, 4, 0, '2011-11-14', '2011-12-31'),
(1521, 3, 1, 2, 18, 8, '', 23, 4, 0, '2011-11-14', '2011-12-31'),
(1520, 3, 1, 2, 3, 7, '', 12, 4, 0, '2011-11-14', '2011-12-31'),
(1519, 3, 1, 2, 3, 6, '', 9, 4, 0, '2011-11-14', '2011-12-31'),
(1518, 3, 1, 2, 3, 10, '', 2, 3, 0, '2011-11-14', '2011-12-31'),
(1517, 3, 1, 2, 3, 9, '', 5, 3, 0, '2011-11-14', '2011-12-31'),
(1516, 3, 1, 2, 0, 8, '', 20, 3, 0, '2011-11-14', '2011-12-31'),
(1515, 3, 1, 2, 0, 8, '', 10, 3, 0, '2011-11-14', '2011-12-31'),
(1514, 3, 1, 2, 23, 7, '', 31, 3, 0, '2011-11-14', '2011-12-31'),
(1513, 3, 1, 2, 1, 6, '', 9, 3, 0, '2011-11-14', '2011-12-31'),
(1512, 3, 1, 2, 1, 10, '', 13, 2, 0, '2011-11-14', '2011-12-31'),
(1511, 3, 1, 2, 0, 9, '', 20, 2, 0, '2011-11-14', '2011-12-31'),
(1510, 3, 1, 2, 0, 9, '', 10, 2, 0, '2011-11-14', '2011-12-31'),
(1509, 3, 1, 2, 3, 8, '', 5, 2, 0, '2011-11-14', '2011-12-31'),
(1508, 3, 1, 2, 1, 7, '', 12, 2, 0, '2011-11-14', '2011-12-31'),
(1507, 3, 1, 2, 7, 6, '', 9, 2, 0, '2011-11-14', '2011-12-31'),
(1506, 3, 1, 2, 1, 10, '', 13, 1, 0, '2011-11-14', '2011-12-31'),
(1505, 3, 1, 2, 1, 9, '', 11, 1, 0, '2011-11-14', '2011-12-31'),
(1504, 3, 1, 2, 3, 8, '', 5, 1, 0, '2011-11-14', '2011-12-31'),
(1503, 3, 1, 2, 7, 7, '', 12, 1, 0, '2011-11-14', '2011-12-31'),
(1502, 3, 1, 2, 9, 6, '', 9, 1, 0, '2011-11-14', '2011-12-31'),
(1501, 2, 1, 2, 13, 10, '', 18, 6, 0, '2011-11-14', '2011-12-31'),
(1500, 2, 1, 2, 14, 9, '', 27, 6, 0, '2011-11-14', '2011-12-31'),
(1499, 2, 1, 2, 7, 8, '', 17, 6, 0, '2011-11-14', '2011-12-31'),
(1498, 2, 1, 2, 3, 10, '', 2, 5, 0, '2011-11-14', '2011-12-31'),
(1497, 2, 1, 2, 7, 9, '', 17, 5, 0, '2011-11-14', '2011-12-31'),
(1496, 2, 1, 2, 14, 8, '', 27, 5, 0, '2011-11-14', '2011-12-31'),
(1495, 2, 1, 2, 10, 7, '', 12, 5, 0, '2011-11-14', '2011-12-31'),
(1494, 2, 1, 2, 10, 6, '', 9, 5, 0, '2011-11-14', '2011-12-31'),
(1493, 2, 1, 2, 18, 10, '', 23, 4, 0, '2011-11-14', '2011-12-31'),
(1492, 2, 1, 2, 26, 9, '', 38, 4, 0, '2011-11-14', '2011-12-31'),
(1491, 2, 1, 2, 3, 8, '', 5, 4, 0, '2011-11-14', '2011-12-31'),
(1490, 2, 1, 2, 3, 7, '', 12, 4, 0, '2011-11-14', '2011-12-31'),
(1489, 2, 1, 2, 3, 6, '', 9, 4, 0, '2011-11-14', '2011-12-31'),
(1488, 2, 1, 2, 24, 10, '', 33, 3, 0, '2011-11-14', '2011-12-31'),
(1487, 2, 1, 2, 3, 9, '', 5, 3, 0, '2011-11-14', '2011-12-31'),
(1486, 2, 1, 2, 1, 8, '', 13, 3, 0, '2011-11-14', '2011-12-31'),
(1485, 2, 1, 2, 1, 7, '', 12, 3, 0, '2011-11-14', '2011-12-31'),
(1484, 2, 1, 2, 9, 6, '', 9, 3, 0, '2011-11-14', '2011-12-31'),
(1483, 2, 1, 2, 0, 10, '', 20, 2, 0, '2011-11-14', '2011-12-31'),
(1482, 2, 1, 2, 0, 10, '', 26, 2, 0, '2011-11-14', '2011-12-31'),
(1481, 2, 1, 2, 2, 9, '', 11, 2, 0, '2011-11-14', '2011-12-31'),
(1480, 2, 1, 2, 1, 8, '', 13, 2, 0, '2011-11-14', '2011-12-31'),
(1479, 2, 1, 2, 18, 7, '', 23, 2, 0, '2011-11-14', '2011-12-31'),
(1478, 2, 1, 2, 1, 6, '', 9, 2, 0, '2011-11-14', '2011-12-31'),
(1477, 2, 1, 2, 1, 10, '', 13, 1, 0, '2011-11-14', '2011-12-31'),
(1476, 2, 1, 2, 1, 9, '', 11, 1, 0, '2011-11-14', '2011-12-31'),
(1475, 2, 1, 2, 26, 8, '', 35, 1, 0, '2011-11-14', '2011-12-31'),
(1474, 2, 1, 2, 9, 7, '', 12, 1, 0, '2011-11-14', '2011-12-31'),
(1473, 2, 1, 2, 18, 6, '', 23, 1, 0, '2011-11-14', '2011-12-31'),
(1472, 1, 1, 2, 3, 10, '', 2, 6, 0, '2011-11-14', '2011-12-31'),
(1471, 1, 1, 2, 0, 9, '', 20, 6, 0, '2011-11-14', '2011-12-31'),
(1470, 1, 1, 2, 0, 9, '', 10, 6, 0, '2011-11-14', '2011-12-31'),
(1469, 1, 1, 2, 2, 8, '', 13, 6, 0, '2011-11-14', '2011-12-31'),
(1468, 1, 1, 2, 2, 10, '', 13, 5, 0, '2011-11-14', '2011-12-31'),
(1467, 1, 1, 2, 2, 9, '', 11, 5, 0, '2011-11-14', '2011-12-31'),
(1466, 1, 1, 2, 0, 8, '', 20, 5, 0, '2011-11-14', '2011-12-31'),
(1465, 1, 1, 2, 0, 8, '', 10, 5, 0, '2011-11-14', '2011-12-31'),
(1464, 1, 1, 2, 7, 7, '', 12, 5, 0, '2011-11-14', '2011-12-31'),
(1463, 1, 1, 2, 8, 6, '', 9, 5, 0, '2011-11-14', '2011-12-31'),
(1462, 1, 1, 2, 0, 10, '', 4, 4, 0, '2011-11-14', '2011-12-31'),
(1461, 1, 1, 2, 0, 10, '', 21, 4, 0, '2011-11-14', '2011-12-31'),
(1460, 1, 1, 2, 1, 9, '', 11, 4, 0, '2011-11-14', '2011-12-31'),
(1459, 1, 1, 2, 3, 8, '', 5, 4, 0, '2011-11-14', '2011-12-31'),
(1458, 1, 1, 2, 8, 7, '', 12, 4, 0, '2011-11-14', '2011-12-31'),
(1457, 1, 1, 2, 7, 6, '', 9, 4, 0, '2011-11-14', '2011-12-31'),
(1456, 1, 1, 2, 0, 10, '', 4, 3, 0, '2011-11-14', '2011-12-31'),
(1455, 1, 1, 2, 0, 10, '', 21, 3, 0, '2011-11-14', '2011-12-31'),
(1454, 1, 1, 2, 3, 9, '', 5, 3, 0, '2011-11-14', '2011-12-31'),
(1453, 1, 1, 2, 1, 8, '', 13, 3, 0, '2011-11-14', '2011-12-31'),
(1452, 1, 1, 2, 3, 7, '', 12, 3, 0, '2011-11-14', '2011-12-31'),
(1451, 1, 1, 2, 3, 6, '', 9, 3, 0, '2011-11-14', '2011-12-31'),
(1450, 1, 1, 2, 0, 10, '', 27, 2, 0, '2011-11-14', '2011-12-31'),
(1449, 1, 1, 2, 0, 9, '', 35, 2, 0, '2011-11-14', '2011-12-31'),
(1448, 1, 1, 2, 0, 9, '', 21, 2, 0, '2011-11-14', '2011-12-31'),
(1447, 1, 1, 2, 0, 8, '', 35, 2, 0, '2011-11-14', '2011-12-31'),
(1446, 1, 1, 2, 0, 8, '', 21, 2, 0, '2011-11-14', '2011-12-31'),
(1445, 1, 1, 2, 1, 7, '', 12, 2, 0, '2011-11-14', '2011-12-31'),
(1444, 1, 1, 2, 1, 6, '', 9, 2, 0, '2011-11-14', '2011-12-31'),
(1443, 1, 1, 2, 1, 10, '', 13, 1, 0, '2011-11-14', '2011-12-31'),
(1442, 1, 1, 2, 0, 9, '', 35, 1, 0, '2011-11-14', '2011-12-31'),
(1441, 1, 1, 2, 0, 9, '', 21, 1, 0, '2011-11-14', '2011-12-31'),
(1440, 1, 1, 2, 0, 8, '', 35, 1, 0, '2011-11-14', '2011-12-31'),
(1439, 1, 1, 2, 0, 8, '', 21, 1, 0, '2011-11-14', '2011-12-31'),
(1438, 1, 1, 2, 9, 7, '', 12, 1, 0, '2011-11-14', '2011-12-31'),
(1437, 1, 1, 2, 9, 6, '', 9, 1, 0, '2011-11-14', '2011-12-31'),
(1436, 0, 1, 2, 7, 10, '', 21, 6, 0, '2011-11-14', '2011-12-31'),
(1435, 0, 1, 2, 7, 9, '', 17, 6, 0, '2011-11-14', '2011-12-31'),
(1434, 0, 1, 2, 3, 8, '', 5, 6, 0, '2011-11-14', '2011-12-31'),
(1433, 0, 1, 2, 1, 10, '', 13, 5, 0, '2011-11-14', '2011-12-31'),
(1432, 0, 1, 2, 0, 9, '', 20, 5, 0, '2011-11-14', '2011-12-31'),
(1431, 0, 1, 2, 0, 9, '', 10, 5, 0, '2011-11-14', '2011-12-31'),
(1430, 0, 1, 2, 7, 8, '', 17, 5, 0, '2011-11-14', '2011-12-31'),
(1429, 0, 1, 2, 1, 10, '', 13, 4, 0, '2011-11-14', '2011-12-31'),
(1428, 0, 1, 2, 3, 9, '', 5, 4, 0, '2011-11-14', '2011-12-31'),
(1427, 0, 1, 2, 0, 8, '', 20, 4, 0, '2011-11-14', '2011-12-31'),
(1426, 0, 1, 2, 0, 8, '', 10, 4, 0, '2011-11-14', '2011-12-31'),
(1425, 0, 1, 2, 3, 7, '', 12, 4, 0, '2011-11-14', '2011-12-31'),
(1424, 0, 1, 2, 3, 6, '', 9, 4, 0, '2011-11-14', '2011-12-31'),
(1423, 0, 1, 2, 14, 10, '', 19, 3, 0, '2011-11-14', '2011-12-31'),
(1422, 0, 1, 2, 1, 9, '', 11, 3, 0, '2011-11-14', '2011-12-31'),
(1421, 0, 1, 2, 1, 8, '', 13, 3, 0, '2011-11-14', '2011-12-31'),
(1420, 0, 1, 2, 0, 7, '', 20, 3, 0, '2011-11-14', '2011-12-31'),
(1419, 0, 1, 2, 0, 7, '', 10, 3, 0, '2011-11-14', '2011-12-31'),
(1418, 0, 1, 2, 0, 6, '', 32, 3, 0, '2011-11-14', '2011-12-31'),
(1417, 0, 1, 2, 0, 6, '', 10, 3, 0, '2011-11-14', '2011-12-31'),
(1416, 0, 1, 2, 3, 10, '', 2, 2, 0, '2011-11-14', '2011-12-31'),
(1415, 0, 1, 2, 14, 9, '', 27, 2, 0, '2011-11-14', '2011-12-31'),
(1414, 0, 1, 2, 26, 8, '', 35, 2, 0, '2011-11-14', '2011-12-31'),
(1413, 0, 1, 2, 7, 7, '', 12, 2, 0, '2011-11-14', '2011-12-31'),
(1412, 0, 1, 2, 7, 6, '', 9, 2, 0, '2011-11-14', '2011-12-31'),
(1411, 0, 1, 2, 0, 10, '', 20, 1, 0, '2011-11-14', '2011-12-31'),
(1410, 0, 1, 2, 0, 10, '', 26, 1, 0, '2011-11-14', '2011-12-31'),
(1409, 0, 1, 2, 26, 9, '', 38, 1, 0, '2011-11-14', '2011-12-31'),
(1408, 0, 1, 2, 14, 8, '', 27, 1, 0, '2011-11-14', '2011-12-31'),
(1407, 0, 1, 2, 1, 7, '', 12, 1, 0, '2011-11-14', '2011-12-31'),
(1406, 0, 1, 2, 1, 6, '', 9, 1, 0, '2011-11-14', '2011-12-31'),
(1405, 4, 1, 2, 10, 5, '', 15, 4, 0, '2011-11-14', '2011-12-31'),
(1404, 4, 1, 2, 10, 4, '', 6, 4, 0, '2011-11-14', '2011-12-31'),
(1403, 4, 1, 2, 1, 3, '', 7, 4, 0, '2011-11-14', '2011-12-31'),
(1402, 4, 1, 2, 8, 2, '', 16, 4, 0, '2011-11-14', '2011-12-31'),
(1401, 4, 1, 2, 8, 1, '', 4, 4, 0, '2011-11-14', '2011-12-31'),
(1400, 4, 1, 2, 9, 5, '', 15, 3, 0, '2011-11-14', '2011-12-31'),
(1399, 4, 1, 2, 9, 4, '', 6, 3, 0, '2011-11-14', '2011-12-31'),
(1398, 4, 1, 2, 7, 3, '', 7, 3, 0, '2011-11-14', '2011-12-31'),
(1397, 4, 1, 2, 1, 2, '', 16, 3, 0, '2011-11-14', '2011-12-31'),
(1396, 4, 1, 2, 9, 1, '', 4, 3, 0, '2011-11-14', '2011-12-31'),
(1395, 4, 1, 2, 8, 5, '', 15, 2, 0, '2011-11-14', '2011-12-31'),
(1394, 4, 1, 2, 8, 4, '', 6, 2, 0, '2011-11-14', '2011-12-31'),
(1393, 4, 1, 2, 3, 3, '', 7, 2, 0, '2011-11-14', '2011-12-31'),
(1392, 4, 1, 2, 7, 2, '', 16, 2, 0, '2011-11-14', '2011-12-31'),
(1391, 4, 1, 2, 23, 1, '', 31, 2, 0, '2011-11-14', '2011-12-31'),
(1390, 4, 1, 2, 1, 5, '', 15, 1, 0, '2011-11-14', '2011-12-31'),
(1389, 4, 1, 2, 1, 4, '', 6, 1, 0, '2011-11-14', '2011-12-31'),
(1388, 4, 1, 2, 9, 3, '', 7, 1, 0, '2011-11-14', '2011-12-31'),
(1387, 4, 1, 2, 9, 2, '', 16, 1, 0, '2011-11-14', '2011-12-31'),
(1386, 4, 1, 2, 7, 1, '', 4, 1, 0, '2011-11-14', '2011-12-31'),
(1385, 3, 1, 2, 10, 5, '', 15, 5, 0, '2011-11-14', '2011-12-31'),
(1384, 3, 1, 2, 7, 4, '', 6, 5, 0, '2011-11-14', '2011-12-31'),
(1383, 3, 1, 2, 10, 3, '', 7, 5, 0, '2011-11-14', '2011-12-31'),
(1382, 3, 1, 2, 9, 2, '', 16, 5, 0, '2011-11-14', '2011-12-31'),
(1381, 3, 1, 2, 9, 1, '', 4, 5, 0, '2011-11-14', '2011-12-31'),
(1380, 3, 1, 2, 0, 5, '', 20, 4, 0, '2011-11-14', '2011-12-31'),
(1379, 3, 1, 2, 0, 5, '', 10, 4, 0, '2011-11-14', '2011-12-31'),
(1378, 3, 1, 2, 0, 4, '', 20, 4, 0, '2011-11-14', '2011-12-31'),
(1377, 3, 1, 2, 0, 4, '', 10, 4, 0, '2011-11-14', '2011-12-31'),
(1376, 3, 1, 2, 0, 3, '', 32, 4, 0, '2011-11-14', '2011-12-31'),
(1375, 3, 1, 2, 0, 3, '', 26, 4, 0, '2011-11-14', '2011-12-31'),
(1374, 3, 1, 2, 0, 2, '', 32, 4, 0, '2011-11-14', '2011-12-31'),
(1373, 3, 1, 2, 0, 2, '', 26, 4, 0, '2011-11-14', '2011-12-31'),
(1372, 3, 1, 2, 1, 1, '', 4, 4, 0, '2011-11-14', '2011-12-31'),
(1371, 3, 1, 2, 7, 5, '', 15, 3, 0, '2011-11-14', '2011-12-31'),
(1370, 3, 1, 2, 10, 4, '', 6, 3, 0, '2011-11-14', '2011-12-31'),
(1369, 3, 1, 2, 18, 3, '', 23, 3, 0, '2011-11-14', '2011-12-31'),
(1368, 3, 1, 2, 3, 2, '', 16, 3, 0, '2011-11-14', '2011-12-31'),
(1367, 3, 1, 2, 0, 1, '', 32, 3, 0, '2011-11-14', '2011-12-31'),
(1366, 3, 1, 2, 0, 1, '', 26, 3, 0, '2011-11-14', '2011-12-31'),
(1365, 3, 1, 2, 1, 5, '', 15, 2, 0, '2011-11-14', '2011-12-31'),
(1364, 3, 1, 2, 1, 4, '', 6, 2, 0, '2011-11-14', '2011-12-31'),
(1363, 3, 1, 2, 3, 3, '', 7, 2, 0, '2011-11-14', '2011-12-31'),
(1362, 3, 1, 2, 18, 2, '', 23, 2, 0, '2011-11-14', '2011-12-31'),
(1361, 3, 1, 2, 3, 1, '', 4, 2, 0, '2011-11-14', '2011-12-31'),
(1360, 3, 1, 2, 3, 5, '', 15, 1, 0, '2011-11-14', '2011-12-31'),
(1359, 3, 1, 2, 3, 4, '', 6, 1, 0, '2011-11-14', '2011-12-31'),
(1358, 3, 1, 2, 1, 3, '', 7, 1, 0, '2011-11-14', '2011-12-31'),
(1357, 3, 1, 2, 1, 2, '', 16, 1, 0, '2011-11-14', '2011-12-31'),
(1356, 3, 1, 2, 18, 1, '', 23, 1, 0, '2011-11-14', '2011-12-31'),
(1355, 2, 1, 2, 8, 5, '', 15, 5, 0, '2011-11-14', '2011-12-31'),
(1354, 2, 1, 2, 8, 4, '', 6, 5, 0, '2011-11-14', '2011-12-31'),
(1353, 2, 1, 2, 8, 3, '', 7, 5, 0, '2011-11-14', '2011-12-31'),
(1352, 2, 1, 2, 10, 2, '', 16, 5, 0, '2011-11-14', '2011-12-31'),
(1351, 2, 1, 2, 10, 1, '', 4, 5, 0, '2011-11-14', '2011-12-31'),
(1350, 2, 1, 2, 7, 5, '', 15, 4, 0, '2011-11-14', '2011-12-31'),
(1349, 2, 1, 2, 1, 4, '', 6, 4, 0, '2011-11-14', '2011-12-31'),
(1348, 2, 1, 2, 7, 3, '', 7, 4, 0, '2011-11-14', '2011-12-31'),
(1347, 2, 1, 2, 9, 2, '', 16, 4, 0, '2011-11-14', '2011-12-31'),
(1346, 2, 1, 2, 7, 1, '', 4, 4, 0, '2011-11-14', '2011-12-31'),
(1345, 2, 1, 2, 1, 5, '', 15, 3, 0, '2011-11-14', '2011-12-31'),
(1344, 2, 1, 2, 7, 4, '', 6, 3, 0, '2011-11-14', '2011-12-31'),
(1343, 2, 1, 2, 1, 3, '', 7, 3, 0, '2011-11-14', '2011-12-31'),
(1342, 2, 1, 2, 3, 2, '', 16, 3, 0, '2011-11-14', '2011-12-31'),
(1341, 2, 1, 2, 9, 1, '', 4, 3, 0, '2011-11-14', '2011-12-31'),
(1340, 2, 1, 2, 23, 5, '', 31, 2, 0, '2011-11-14', '2011-12-31'),
(1339, 2, 1, 2, 3, 4, '', 6, 2, 0, '2011-11-14', '2011-12-31'),
(1338, 2, 1, 2, 3, 3, '', 7, 2, 0, '2011-11-14', '2011-12-31'),
(1337, 2, 1, 2, 7, 2, '', 16, 2, 0, '2011-11-14', '2011-12-31'),
(1336, 2, 1, 2, 3, 1, '', 4, 2, 0, '2011-11-14', '2011-12-31'),
(1335, 2, 1, 2, 3, 5, '', 15, 1, 0, '2011-11-14', '2011-12-31'),
(1334, 2, 1, 2, 23, 4, '', 31, 1, 0, '2011-11-14', '2011-12-31'),
(1333, 2, 1, 2, 9, 3, '', 7, 1, 0, '2011-11-14', '2011-12-31'),
(1332, 2, 1, 2, 1, 2, '', 16, 1, 0, '2011-11-14', '2011-12-31'),
(1331, 2, 1, 2, 1, 1, '', 4, 1, 0, '2011-11-14', '2011-12-31'),
(1330, 1, 1, 2, 9, 5, '', 15, 5, 0, '2011-11-14', '2011-12-31'),
(1329, 1, 1, 2, 18, 4, '', 23, 5, 0, '2011-11-14', '2011-12-31'),
(1328, 1, 1, 2, 23, 3, '', 31, 5, 0, '2011-11-14', '2011-12-31'),
(1327, 1, 1, 2, 9, 2, '', 16, 5, 0, '2011-11-14', '2011-12-31'),
(1326, 1, 1, 2, 8, 1, '', 4, 5, 0, '2011-11-14', '2011-12-31'),
(1325, 1, 1, 2, 1, 5, '', 15, 4, 0, '2011-11-14', '2011-12-31'),
(1324, 1, 1, 2, 9, 4, '', 6, 4, 0, '2011-11-14', '2011-12-31'),
(1323, 1, 1, 2, 8, 3, '', 7, 4, 0, '2011-11-14', '2011-12-31'),
(1322, 1, 1, 2, 23, 2, '', 31, 4, 0, '2011-11-14', '2011-12-31'),
(1321, 1, 1, 2, 1, 1, '', 4, 4, 0, '2011-11-14', '2011-12-31'),
(1320, 1, 1, 2, 3, 5, '', 15, 3, 0, '2011-11-14', '2011-12-31'),
(1319, 1, 1, 2, 1, 4, '', 6, 3, 0, '2011-11-14', '2011-12-31'),
(1318, 1, 1, 2, 1, 3, '', 7, 3, 0, '2011-11-14', '2011-12-31'),
(1317, 1, 1, 2, 3, 2, '', 16, 3, 0, '2011-11-14', '2011-12-31'),
(1316, 1, 1, 2, 23, 1, '', 31, 3, 0, '2011-11-14', '2011-12-31'),
(1315, 1, 1, 2, 0, 5, '', 20, 2, 0, '2011-11-14', '2011-12-31'),
(1314, 1, 1, 2, 0, 5, '', 10, 2, 0, '2011-11-14', '2011-12-31'),
(1313, 1, 1, 2, 0, 4, '', 20, 2, 0, '2011-11-14', '2011-12-31'),
(1312, 1, 1, 2, 0, 4, '', 10, 2, 0, '2011-11-14', '2011-12-31'),
(1311, 1, 1, 2, 0, 3, '', 32, 2, 0, '2011-11-14', '2011-12-31'),
(1310, 1, 1, 2, 0, 3, '', 26, 2, 0, '2011-11-14', '2011-12-31'),
(1309, 1, 1, 2, 0, 2, '', 32, 2, 0, '2011-11-14', '2011-12-31'),
(1308, 1, 1, 2, 0, 2, '', 26, 2, 0, '2011-11-14', '2011-12-31'),
(1307, 1, 1, 2, 3, 1, '', 4, 2, 0, '2011-11-14', '2011-12-31'),
(1306, 1, 1, 2, 18, 5, '', 23, 1, 0, '2011-11-14', '2011-12-31'),
(1305, 1, 1, 2, 3, 4, '', 6, 1, 0, '2011-11-14', '2011-12-31'),
(1304, 1, 1, 2, 9, 3, '', 7, 1, 0, '2011-11-14', '2011-12-31'),
(1303, 1, 1, 2, 1, 2, '', 16, 1, 0, '2011-11-14', '2011-12-31'),
(1302, 1, 1, 2, 0, 1, '', 32, 1, 0, '2011-11-14', '2011-12-31'),
(1301, 1, 1, 2, 0, 1, '', 26, 1, 0, '2011-11-14', '2011-12-31'),
(1300, 0, 1, 2, 9, 5, '', 15, 4, 0, '2011-11-14', '2011-12-31'),
(1299, 0, 1, 2, 9, 4, '', 6, 4, 0, '2011-11-14', '2011-12-31'),
(1298, 0, 1, 2, 9, 3, '', 7, 4, 0, '2011-11-14', '2011-12-31'),
(1297, 0, 1, 2, 8, 2, '', 16, 4, 0, '2011-11-14', '2011-12-31'),
(1296, 0, 1, 2, 9, 1, '', 4, 4, 0, '2011-11-14', '2011-12-31'),
(1295, 0, 1, 2, 3, 5, '', 15, 3, 0, '2011-11-14', '2011-12-31'),
(1294, 0, 1, 2, 3, 4, '', 6, 3, 0, '2011-11-14', '2011-12-31'),
(1293, 0, 1, 2, 3, 3, '', 7, 3, 0, '2011-11-14', '2011-12-31'),
(1292, 0, 1, 2, 3, 2, '', 16, 3, 0, '2011-11-14', '2011-12-31'),
(1291, 0, 1, 2, 1, 1, '', 4, 3, 0, '2011-11-14', '2011-12-31'),
(1290, 0, 1, 2, 1, 5, '', 15, 2, 0, '2011-11-14', '2011-12-31'),
(1289, 0, 1, 2, 7, 4, '', 6, 2, 0, '2011-11-14', '2011-12-31'),
(1288, 0, 1, 2, 1, 3, '', 7, 2, 0, '2011-11-14', '2011-12-31'),
(1287, 0, 1, 2, 1, 2, '', 16, 2, 0, '2011-11-14', '2011-12-31'),
(1286, 0, 1, 2, 3, 1, '', 4, 2, 0, '2011-11-14', '2011-12-31'),
(1285, 0, 1, 2, 7, 5, '', 15, 1, 0, '2011-11-14', '2011-12-31'),
(1284, 0, 1, 2, 1, 4, '', 6, 1, 0, '2011-11-14', '2011-12-31'),
(1283, 0, 1, 2, 7, 3, '', 7, 1, 0, '2011-11-14', '2011-12-31'),
(1282, 0, 1, 2, 7, 2, '', 16, 1, 0, '2011-11-14', '2011-12-31'),
(1281, 0, 1, 2, 7, 1, '', 4, 1, 0, '2011-11-14', '2011-12-31'),
(1891, 4, 1, 2, 19, 0, '', 27, 1, 0, '2011-11-14', '2011-12-31'),
(1892, 4, 1, 2, 24, 16, '', 33, 2, 0, '2011-11-14', '2011-12-31'),
(1893, 4, 1, 2, 21, 17, '', 38, 2, 0, '2011-11-14', '2011-12-31'),
(1894, 4, 1, 2, 1, 18, '', 11, 2, 0, '2011-11-14', '2011-12-31'),
(1895, 4, 1, 2, 4, 0, '', 25, 2, 0, '2011-11-14', '2011-12-31'),
(1896, 4, 1, 2, 4, 0, '', 37, 2, 0, '2011-11-14', '2011-12-31'),
(1897, 4, 1, 2, 4, 16, '', 2, 3, 0, '2011-11-14', '2011-12-31'),
(1898, 4, 1, 2, 4, 17, '', 25, 3, 0, '2011-11-14', '2011-12-31'),
(1899, 4, 1, 2, 19, 18, '', 27, 3, 0, '2011-11-14', '2011-12-31'),
(1900, 4, 1, 2, 0, 0, '', 21, 3, 0, '2011-11-14', '2011-12-31'),
(1901, 4, 1, 2, 0, 0, '', 14, 3, 0, '2011-11-14', '2011-12-31'),
(1902, 4, 1, 2, 24, 0, '', 33, 3, 0, '2011-11-14', '2011-12-31'),
(1903, 4, 1, 2, 2, 16, '', 24, 4, 0, '2011-11-14', '2011-12-31'),
(1904, 4, 1, 2, 19, 17, '', 27, 4, 0, '2011-11-14', '2011-12-31'),
(1905, 4, 1, 2, 0, 18, '', 32, 4, 0, '2011-11-14', '2011-12-31'),
(1906, 4, 1, 2, 0, 18, '', 20, 4, 0, '2011-11-14', '2011-12-31'),
(1907, 4, 1, 2, 2, 0, '', 1, 4, 0, '2011-11-14', '2011-12-31'),
(1908, 4, 1, 2, 0, 0, '', 21, 4, 0, '2011-11-14', '2011-12-31'),
(1909, 4, 1, 2, 0, 16, '', 10, 5, 0, '2011-11-14', '2011-12-31'),
(1910, 4, 1, 2, 0, 16, '', 32, 5, 0, '2011-11-14', '2011-12-31'),
(1911, 4, 1, 2, 31, 17, '', 25, 5, 0, '2011-11-14', '2011-12-31'),
(1912, 4, 1, 2, 24, 18, '', 33, 5, 0, '2011-11-14', '2011-12-31'),
(1913, 4, 1, 2, 2, 0, '', 1, 5, 0, '2011-11-14', '2011-12-31'),
(1914, 4, 1, 2, 0, 0, '', 27, 5, 0, '2011-11-14', '2011-12-31'),
(1915, 4, 1, 2, 21, 16, '', 28, 6, 0, '2011-11-14', '2011-12-31'),
(1916, 4, 1, 2, 24, 17, '', 33, 6, 0, '2011-11-14', '2011-12-31'),
(1917, 4, 1, 2, 31, 18, '', 25, 6, 0, '2011-11-14', '2011-12-31'),
(1918, 4, 1, 2, 12, 0, '', 10, 6, 0, '2011-11-14', '2011-12-31'),
(1919, 4, 1, 2, 2, 0, '', 8, 6, 0, '2011-11-14', '2011-12-31'),
(1920, 4, 1, 2, 7, 16, '', 14, 7, 0, '2011-11-14', '2011-12-31');

DROP TABLE IF EXISTS `sch_school_years`;
CREATE TABLE `sch_school_years` (
  `school_year_id` int(10) NOT NULL auto_increment,
  `name_year` varchar(50) NOT NULL,
  `current` tinyint(2) unsigned NOT NULL default '0',
  `started` date NOT NULL,
  `finished` date NOT NULL,
  PRIMARY KEY  (`school_year_id`),
  KEY `current` (`current`),
  KEY `started` (`started`),
  KEY `finished` (`finished`)
) ENGINE=MyISAM AUTO_INCREMENT=4 /*!40101 DEFAULT CHARSET=utf8 */;

INSERT INTO `sch_school_years` VALUES
(1, '2011 -2012 учебный год', 1, '2011-09-01', '2012-05-31'),
(3, '2010 -2011 учебный год', 0, '2010-09-01', '2011-05-31');

DROP TABLE IF EXISTS `sch_services`;
CREATE TABLE `sch_services` (
  `service_id` int(4) unsigned NOT NULL auto_increment,
  `service_name` varchar(32) NOT NULL,
  `tarif` int(10) unsigned NOT NULL default '0',
  `kod` varchar(16) NOT NULL default '',
  `tarif01` int(10) unsigned NOT NULL,
  `tarif02` int(10) unsigned NOT NULL,
  `tarif03` int(10) unsigned NOT NULL,
  `tarif04` int(10) unsigned NOT NULL,
  `tarif05` int(10) unsigned NOT NULL,
  `tarif06` int(10) unsigned NOT NULL,
  `tarif07` int(10) unsigned NOT NULL,
  `tarif08` int(10) unsigned NOT NULL,
  `tarif09` int(10) unsigned NOT NULL,
  `tarif10` int(10) unsigned NOT NULL,
  `tarif11` int(10) unsigned NOT NULL,
  `tarif12` int(10) unsigned NOT NULL,
  `required` tinyint(2) unsigned NOT NULL default '0' COMMENT 'Обязательный сервис',
  `dotation` tinyint(2) unsigned NOT NULL default '0' COMMENT 'Дотация',
  `active` tinyint(2) unsigned NOT NULL default '1',
  PRIMARY KEY  (`service_id`),
  KEY `required` (`required`),
  KEY `active` (`active`),
  KEY `kod` (`kod`),
  KEY `dotation` (`dotation`)
) ENGINE=MyISAM AUTO_INCREMENT=7 /*!40101 DEFAULT CHARSET=utf8 */;

INSERT INTO `sch_services` VALUES
(1, 'Доступ к сайту', 3000, 'SERV_SITE', 0, 0, 0, 0, 0, 0, 0, 0, 0, 0, 0, 0, 1, 0, 1),
(2, 'Отсылка смс с оценками', 2500, 'SERV_SMS_GRADE', 0, 0, 0, 0, 0, 0, 0, 0, 0, 0, 0, 0, 1, 0, 1),
(3, 'Отсылка смс с замечаниями', 2500, 'SERV_SMS_NOTE', 0, 0, 0, 0, 0, 0, 0, 0, 0, 0, 0, 0, 0, 0, 1),
(4, 'Отсылка смс с домашними заданиям', 3000, 'SERV_SMS_WHOME', 0, 0, 0, 0, 0, 0, 0, 0, 0, 0, 0, 0, 0, 0, 1),
(5, 'Отсылка смс с расписанием на зав', 2500, 'SERV_SMS_SCHED', 0, 0, 0, 0, 0, 0, 0, 0, 0, 0, 0, 0, 0, 0, 1),
(6, 'Отсылка смс с новостями школы', 2500, 'SERV_SMS_NEWS', 0, 0, 0, 0, 0, 0, 0, 0, 0, 0, 0, 0, 0, 0, 1);

DROP TABLE IF EXISTS `sch_sms_logs`;
CREATE TABLE `sch_sms_logs` (
  `sms_id` bigint(20) unsigned NOT NULL auto_increment,
  `studless_id` varchar(120) default NULL,
  `student_id` int(10) unsigned NOT NULL default '0',
  `type` enum('g','d','z','s','n') NOT NULL default 'g',
  `date` datetime default NULL,
  `text` text,
  PRIMARY KEY  (`sms_id`),
  KEY `student_id` (`student_id`,`date`),
  KEY `type` (`type`)
) ENGINE=MyISAM AUTO_INCREMENT=53 /*!40101 DEFAULT CHARSET=utf8 */;

INSERT INTO `sch_sms_logs` VALUES
(1, '3', 413, 'd', '2011-11-15 15:35:25', 'M9281268090;2011-11-15.Babentseva.Russkiy_yazyik:.upr._73_kontr._voprosyi_str._47;'),
(2, '3', 414, 'd', '2011-11-15 15:35:25', 'M9508585578;2011-11-15.Barannik.Russkiy_yazyik:.upr._73_kontr._voprosyi_str._47;'),
(3, '3', 415, 'd', '2011-11-15 15:35:26', 'M9043489692;2011-11-15.Belova.Russkiy_yazyik:.upr._73_kontr._voprosyi_str._47;'),
(4, '3', 416, 'd', '2011-11-15 15:35:26', 'M9525837590;2011-11-15.Vlasov.Russkiy_yazyik:.upr._73_kontr._voprosyi_str._47;'),
(5, '3', 417, 'd', '2011-11-15 15:35:26', 'M9085133691;2011-11-15.Volohova.Russkiy_yazyik:.upr._73_kontr._voprosyi_str._47;'),
(6, '3', 418, 'd', '2011-11-15 15:35:26', 'M9515360745;2011-11-15.Zvyagin.Russkiy_yazyik:.upr._73_kontr._voprosyi_str._47;'),
(7, '3', 419, 'd', '2011-11-15 15:35:27', 'M9034742698;2011-11-15.Ivanova.Russkiy_yazyik:.upr._73_kontr._voprosyi_str._47;'),
(8, '3', 420, 'd', '2011-11-15 15:35:27', 'M9185820364;2011-11-15.Ivantey.Russkiy_yazyik:.upr._73_kontr._voprosyi_str._47;'),
(9, '3', 421, 'd', '2011-11-15 15:35:27', 'M9054283613;2011-11-15.Kiseleva.Russkiy_yazyik:.upr._73_kontr._voprosyi_str._47;'),
(10, '3', 422, 'd', '2011-11-15 15:35:28', 'M9518454957;2011-11-15.Kostina.Russkiy_yazyik:.upr._73_kontr._voprosyi_str._47;'),
(11, '3', 423, 'd', '2011-11-15 15:35:28', 'M9508616748;2011-11-15.Kruglina.Russkiy_yazyik:.upr._73_kontr._voprosyi_str._47;'),
(12, '3', 424, 'd', '2011-11-15 15:35:28', 'M9508667369;2011-11-15.Lyubich.Russkiy_yazyik:.upr._73_kontr._voprosyi_str._47;'),
(13, '3', 425, 'd', '2011-11-15 15:35:28', 'M9081833119;2011-11-15.Pavlov.Russkiy_yazyik:.upr._73_kontr._voprosyi_str._47;'),
(14, '3', 426, 'd', '2011-11-15 15:35:29', 'M9044401273;2011-11-15.Pojidaev.Russkiy_yazyik:.upr._73_kontr._voprosyi_str._47;'),
(15, '3', 427, 'd', '2011-11-15 15:35:29', 'M9085072329;2011-11-15.Ryipaleva.Russkiy_yazyik:.upr._73_kontr._voprosyi_str._47;'),
(16, '3', 428, 'd', '2011-11-15 15:35:29', 'M9085070017;2011-11-15.Sinitsina.Russkiy_yazyik:.upr._73_kontr._voprosyi_str._47;'),
(17, '3', 429, 'd', '2011-11-15 15:35:29', 'M9508452244;2011-11-15.Sichkar.Russkiy_yazyik:.upr._73_kontr._voprosyi_str._47;'),
(18, '3', 430, 'd', '2011-11-15 15:35:30', 'M9045089860;2011-11-15.Soltyis.Russkiy_yazyik:.upr._73_kontr._voprosyi_str._47;'),
(19, '3', 431, 'd', '2011-11-15 15:35:30', 'M9287794200;2011-11-15.Solyanik.Russkiy_yazyik:.upr._73_kontr._voprosyi_str._47;'),
(20, '3', 432, 'd', '2011-11-15 15:35:30', 'M9045092269;2011-11-15.Starodubtseva.Russkiy_yazyik:.upr._73_kontr._voprosyi_str._47;'),
(21, '3', 433, 'd', '2011-11-15 15:35:30', 'M9185460892;2011-11-15.Tkachenko.Russkiy_yazyik:.upr._73_kontr._voprosyi_str._47;'),
(22, '3', 434, 'd', '2011-11-15 15:35:31', 'M9081833054;2011-11-15.Ukraintsev.Russkiy_yazyik:.upr._73_kontr._voprosyi_str._47;'),
(23, '3', 435, 'd', '2011-11-15 15:35:31', 'M9508521923;2011-11-15.Usachev.Russkiy_yazyik:.upr._73_kontr._voprosyi_str._47;'),
(24, '3', 436, 'd', '2011-11-15 15:35:31', 'M9085039847;2011-11-15.Hanadeeva.Russkiy_yazyik:.upr._73_kontr._voprosyi_str._47;'),
(25, '3', 437, 'd', '2011-11-15 15:35:31', 'M9081969514;2011-11-15.SHevtsova.Russkiy_yazyik:.upr._73_kontr._voprosyi_str._47;'),
(26, '3', 438, 'd', '2011-11-15 15:35:31', 'M9515099796;2011-11-15.SHevchenko.Russkiy_yazyik:.upr._73_kontr._voprosyi_str._47;'),
(27, '4', 413, 'd', '2011-11-15 15:35:32', 'M9281268090;2011-11-15.Babentseva.Literatura:.str._143-154_chitat,_voprosyi_naizust_monolog;'),
(28, '4', 414, 'd', '2011-11-15 15:35:32', 'M9508585578;2011-11-15.Barannik.Literatura:.str._143-154_chitat,_voprosyi_naizust_monolog;'),
(29, '4', 415, 'd', '2011-11-15 15:35:32', 'M9043489692;2011-11-15.Belova.Literatura:.str._143-154_chitat,_voprosyi_naizust_monolog;'),
(30, '4', 416, 'd', '2011-11-15 15:35:33', 'M9525837590;2011-11-15.Vlasov.Literatura:.str._143-154_chitat,_voprosyi_naizust_monolog;'),
(31, '4', 417, 'd', '2011-11-15 15:35:33', 'M9085133691;2011-11-15.Volohova.Literatura:.str._143-154_chitat,_voprosyi_naizust_monolog;'),
(32, '4', 418, 'd', '2011-11-15 15:35:33', 'M9515360745;2011-11-15.Zvyagin.Literatura:.str._143-154_chitat,_voprosyi_naizust_monolog;'),
(33, '4', 419, 'd', '2011-11-15 15:35:33', 'M9034742698;2011-11-15.Ivanova.Literatura:.str._143-154_chitat,_voprosyi_naizust_monolog;'),
(34, '4', 420, 'd', '2011-11-15 15:35:33', 'M9185820364;2011-11-15.Ivantey.Literatura:.str._143-154_chitat,_voprosyi_naizust_monolog;'),
(35, '4', 421, 'd', '2011-11-15 15:35:34', 'M9054283613;2011-11-15.Kiseleva.Literatura:.str._143-154_chitat,_voprosyi_naizust_monolog;'),
(36, '4', 422, 'd', '2011-11-15 15:35:34', 'M9518454957;2011-11-15.Kostina.Literatura:.str._143-154_chitat,_voprosyi_naizust_monolog;'),
(37, '4', 423, 'd', '2011-11-15 15:35:34', 'M9508616748;2011-11-15.Kruglina.Literatura:.str._143-154_chitat,_voprosyi_naizust_monolog;'),
(38, '4', 424, 'd', '2011-11-15 15:35:34', 'M9508667369;2011-11-15.Lyubich.Literatura:.str._143-154_chitat,_voprosyi_naizust_monolog;'),
(39, '4', 425, 'd', '2011-11-15 15:35:35', 'M9081833119;2011-11-15.Pavlov.Literatura:.str._143-154_chitat,_voprosyi_naizust_monolog;'),
(40, '4', 426, 'd', '2011-11-15 15:35:35', 'M9044401273;2011-11-15.Pojidaev.Literatura:.str._143-154_chitat,_voprosyi_naizust_monolog;'),
(41, '4', 427, 'd', '2011-11-15 15:35:35', 'M9085072329;2011-11-15.Ryipaleva.Literatura:.str._143-154_chitat,_voprosyi_naizust_monolog;'),
(42, '4', 428, 'd', '2011-11-15 15:35:35', 'M9085070017;2011-11-15.Sinitsina.Literatura:.str._143-154_chitat,_voprosyi_naizust_monolog;'),
(43, '4', 429, 'd', '2011-11-15 15:35:36', 'M9508452244;2011-11-15.Sichkar.Literatura:.str._143-154_chitat,_voprosyi_naizust_monolog;'),
(44, '4', 430, 'd', '2011-11-15 15:35:36', 'M9045089860;2011-11-15.Soltyis.Literatura:.str._143-154_chitat,_voprosyi_naizust_monolog;'),
(45, '4', 431, 'd', '2011-11-15 15:35:36', 'M9287794200;2011-11-15.Solyanik.Literatura:.str._143-154_chitat,_voprosyi_naizust_monolog;'),
(46, '4', 432, 'd', '2011-11-15 15:35:36', 'M9045092269;2011-11-15.Starodubtseva.Literatura:.str._143-154_chitat,_voprosyi_naizust_monolog;'),
(47, '4', 433, 'd', '2011-11-15 15:35:37', 'M9185460892;2011-11-15.Tkachenko.Literatura:.str._143-154_chitat,_voprosyi_naizust_monolog;'),
(48, '4', 434, 'd', '2011-11-15 15:35:37', 'M9081833054;2011-11-15.Ukraintsev.Literatura:.str._143-154_chitat,_voprosyi_naizust_monolog;'),
(49, '4', 435, 'd', '2011-11-15 15:35:37', 'M9508521923;2011-11-15.Usachev.Literatura:.str._143-154_chitat,_voprosyi_naizust_monolog;'),
(50, '4', 436, 'd', '2011-11-15 15:35:37', 'M9085039847;2011-11-15.Hanadeeva.Literatura:.str._143-154_chitat,_voprosyi_naizust_monolog;'),
(51, '4', 437, 'd', '2011-11-15 15:35:37', 'M9081969514;2011-11-15.SHevtsova.Literatura:.str._143-154_chitat,_voprosyi_naizust_monolog;'),
(52, '4', 438, 'd', '2011-11-15 15:35:38', 'M9515099796;2011-11-15.SHevchenko.Literatura:.str._143-154_chitat,_voprosyi_naizust_monolog;');

DROP TABLE IF EXISTS `sch_students`;
CREATE TABLE `sch_students` (
  `student_id` int(10) unsigned NOT NULL auto_increment,
  `last_name` varchar(25) NOT NULL,
  `first_name` varchar(25) NOT NULL,
  `middle_name` varchar(25) NOT NULL,
  `login` varchar(32) NOT NULL,
  `password` varchar(32) NOT NULL,
  `birthday` date NOT NULL default '0000-00-00',
  `address` varchar(255) NOT NULL,
  `phone` varchar(25) NOT NULL,
  `mother_fio` varchar(50) NOT NULL,
  `mother_work_phone` varchar(25) NOT NULL,
  `mother_cell_phone` varchar(25) NOT NULL,
  `father_fio` varchar(50) NOT NULL,
  `father_work_phone` varchar(25) NOT NULL,
  `father_cell_phone` varchar(25) NOT NULL,
  `pin_code` int(6) unsigned NOT NULL default '0',
  `email` varchar(25) NOT NULL,
  `photo` varchar(50) default NULL,
  `update_photo` int(10) unsigned default '0',
  `send_from` date NOT NULL,
  `send_to` date NOT NULL,
  `mode` smallint(6) unsigned NOT NULL,
  `active` tinyint(2) unsigned NOT NULL default '1',
  `date_last` date NOT NULL default '2011-10-01',
  PRIMARY KEY  (`student_id`),
  UNIQUE KEY `pin_code` (`pin_code`),
  UNIQUE KEY `login` (`login`),
  KEY `active` (`active`),
  KEY `mode` (`mode`),
  KEY `last_name` (`last_name`),
  KEY `password` (`password`),
  KEY `date_last` (`date_last`)
) ENGINE=MyISAM AUTO_INCREMENT=495 /*!40101 DEFAULT CHARSET=utf8 */;

INSERT INTO `sch_students` VALUES
(1, 'Артюхова', 'Юлия', 'Владимировна', '1Артюхова', '5fe0ea7a', '0000-00-00', '', '', 'Артюхова Елена Владимировна', '', '7 (904) 3499865', '', '', '', 637725, '', NULL, 0, '0000-00-00', '0000-00-00', 1, 1, '2011-10-01'),
(2, 'Астанкова', 'Олеся', 'Дмитриевна', '2Астанкова', '37c6d23d', '0000-00-00', '', '', 'Астанкова Валерия валерьевна', '', '7 (908) 5174322', '', '', '', 860556, '', NULL, 0, '0000-00-00', '0000-00-00', 1, 1, '2011-10-01'),
(3, 'Байрамов', 'Кемран', 'Шукюрович', '3Байрамов', '34a54e46', '0000-00-00', '', '', 'Лисунова Любовь Федоровна', '', '7 (908) 1931661', '', '', '', 722485, '', NULL, 0, '0000-00-00', '0000-00-00', 1, 1, '2011-10-01'),
(4, 'Бекирова', 'Дарья', 'Дмитриевна', '4Бекирова', '92f4885f', '0000-00-00', '', '', 'Бекирова Оксана Викторовна', '', '7 (904) 5036451', '', '', '', 677468, '', NULL, 0, '0000-00-00', '0000-00-00', 1, 1, '2011-10-01'),
(5, 'Белый', 'Владислав', 'Валентинович', '5Белый', 'a218dd91', '0000-00-00', '', '', 'Белая Олеся Сергеевна', '', '7 (904) 4491775', '', '', '', 481610, '', NULL, 0, '0000-00-00', '0000-00-00', 1, 1, '2011-10-01'),
(6, 'Ганин', 'Михаил', 'Сергеевич', '6Ганин', 'a97ece4a', '0000-00-00', '', '', 'Ганина Ольга Михайловна', '', '7 (904) 5090163', '', '', '', 325192, '', NULL, 0, '0000-00-00', '0000-00-00', 1, 1, '2011-10-01'),
(7, 'Гелашвили', 'Екатерина', 'Автандиловна', '7Гелашвили', 'ca447f91', '0000-00-00', '', '', 'Рыжова Инна Вячеславовна', '', '7 (904) 3466692', '', '', '', 924084, '', NULL, 0, '0000-00-00', '0000-00-00', 1, 1, '2011-10-01'),
(8, 'Давыдов', 'Илья', 'Валерьевич', '8Давыдов', '6b2527b8', '0000-00-00', '', '', 'Каплунова Евгения Ивановна', '', '7 (904) 5082977', '', '', '', 883023, '', NULL, 0, '0000-00-00', '0000-00-00', 1, 1, '2011-10-01'),
(9, 'Звягин', 'Никита', 'Сергеевич', '9Звягин', 'f4e56360', '0000-00-00', '', '', 'Звягина Татьяна Владимировна', '', '7 (951) 5360745', '', '', '', 893267, '', NULL, 0, '0000-00-00', '0000-00-00', 1, 1, '2011-10-01'),
(10, 'Зубова', 'Валерия', 'Алексеевна', '10Зубова', '664a626f', '0000-00-00', '', '', 'Зубова Марина Сергеевна', '', '7 (928) 1581459', '', '', '', 477133, '', NULL, 0, '0000-00-00', '0000-00-00', 1, 1, '2011-10-01'),
(11, 'Иванова', 'Валерия', 'Евгеньевна', '11Иванова', '538300de', '0000-00-00', '', '', 'Иванова Людмила Павловна', '', '7 (908) 1999764', '', '', '', 441894, '', NULL, 0, '0000-00-00', '0000-00-00', 1, 1, '2011-10-01'),
(12, 'Козменко', 'Степан', 'Андреевич', '12Козменко', '792ae89a', '0000-00-00', '', '', 'Козменко Елена Геннадьевна', '', '7 (904) 3435309', '', '', '', 355569, '', NULL, 0, '0000-00-00', '0000-00-00', 1, 1, '2011-10-01'),
(13, 'Лаврешина', 'Валерия', 'Евгеньевна', '13Лаврешина', 'e36d9a06', '0000-00-00', '', '', 'Лаврешина Светлана Николаевна', '', '7 (951) 5148894', '', '', '', 607073, '', NULL, 0, '0000-00-00', '0000-00-00', 1, 1, '2011-10-01'),
(14, 'Мацута', 'Алена', 'Юрьевна', '14Мацута', 'c0a2696e', '0000-00-00', '', '', 'Макарова Наталья Петровна', '', '7 (904) 3483656', '', '', '', 163253, '', NULL, 0, '0000-00-00', '0000-00-00', 1, 1, '2011-10-01'),
(15, 'Мухер', 'Елизавета', 'Игоревна', '15Мухер', 'eb42807a', '0000-00-00', '', '', 'Мухер Ирина Николаевна', '', '7 (951) 8456907', '', '', '', 485290, '', NULL, 0, '0000-00-00', '0000-00-00', 1, 1, '2011-10-01'),
(16, 'Недобоев', 'Егор', 'Русланович', '16Недобоев', '344c06ff', '0000-00-00', '', '', 'Недобоева Наталья Владимировна', '', '7 (908) 5006667', '', '', '', 416983, '', NULL, 0, '0000-00-00', '0000-00-00', 1, 1, '2011-10-01'),
(17, 'Орехова', 'Валерия', 'Викторовна', '17Орехова', 'd8bff11c', '0000-00-00', '', '', 'Орехова Анна Александровна', '', '7 (904) 3476563', '', '', '', 607403, '', NULL, 0, '0000-00-00', '0000-00-00', 1, 1, '2011-10-01'),
(18, 'Родионов', 'Андрей', 'Сергеевич', '18Родионов', '358acc05', '0000-00-00', '', '', 'Родионова Юлия Михайловна', '', '7 (918) 5821414', '', '', '', 480429, '', NULL, 0, '0000-00-00', '0000-00-00', 1, 1, '2011-10-01'),
(19, 'Саенков', 'Данила', 'Евгеньевич', '19Саенков', '5b0a0eeb', '0000-00-00', '', '', 'Маркина Людмила Валерьевна', '', '7 (951) 5184720', '', '', '', 913647, '', NULL, 0, '0000-00-00', '0000-00-00', 1, 1, '2011-10-01'),
(20, 'Семенова', 'Александра', 'Владимировна', '20Семенова', '2af6049f', '0000-00-00', '', '', 'Семенова Надежда Николаевна', '', '7 (908) 5039941', '', '', '', 139138, '', NULL, 0, '0000-00-00', '0000-00-00', 1, 1, '2011-10-01'),
(21, 'Семенова', 'Анна', 'Дмитриевна', '21Семенова', '21718274', '0000-00-00', '', '', 'Семенова Ирина Владимировна', '', '7 (908) 5006912', '', '', '', 528631, '', NULL, 0, '0000-00-00', '0000-00-00', 1, 1, '2011-10-01'),
(22, 'Синицына', 'Екатерина', 'Алексеевна', '22Синицына', 'a941df99', '0000-00-00', '', '', 'Синицына Марина Владимировна', '', '7 (908) 5070017', '', '', '', 275534, '', NULL, 0, '0000-00-00', '0000-00-00', 1, 1, '2011-10-01'),
(23, 'Синяпкин', 'Данил', 'Романович', '23Синяпкин', '2333abae', '0000-00-00', '', '', 'Синяпкина Светлана Анатольевна', '', '7 (918) 5675554', '', '', '', 236340, '', NULL, 0, '0000-00-00', '0000-00-00', 1, 1, '2011-10-01'),
(24, 'Фоминых', 'Татьяна', 'Андреевна', '24Фоминых', '2c092e6f', '0000-00-00', '', '', 'Фоминых Татьяна Сергеевна', '', '7 (904) 3433790', '', '', '', 843911, '', NULL, 0, '0000-00-00', '0000-00-00', 1, 1, '2011-10-01'),
(25, 'Хантемирова', 'Эльвира', 'Камалудиновна', '25Хантемирова', '6298d212', '0000-00-00', '', '', 'Хантемирова Вера Александровна', '', '7 (951) 4905981', '', '', '', 455133, '', NULL, 0, '0000-00-00', '0000-00-00', 1, 1, '2011-10-01'),
(26, 'Черненко', 'Артем', 'Алексеевич', '26Черненко', 'e61891da', '0000-00-00', '', '', 'Черненко Ирина Николаевна', '', '7 (908) 1722788', '', '', '', 645443, '', NULL, 0, '0000-00-00', '0000-00-00', 1, 1, '2011-10-01'),
(27, 'Швец', 'Валентина', 'Дмитриевна', '27Швец', '32edb674', '0000-00-00', '', '', 'Швец Светлана Николаевна', '', '7 (928) 1543077', '', '', '', 112744, '', NULL, 0, '0000-00-00', '0000-00-00', 1, 1, '2011-10-01'),
(28, 'Шрамко', 'Вероника', 'Алексеевна', '28Шрамко', '1582d2bb', '0000-00-00', '', '', 'Шрамко Лилия Николаевна', '', '7 (951) 4926285', '', '', '', 703176, '', NULL, 0, '0000-00-00', '0000-00-00', 1, 1, '2011-10-01'),
(29, 'Беляев', 'Максим', 'Олегович', '29Беляев', 'ad4e5fee', '0000-00-00', '', '', 'Седова Елена Ивановна', '', '7 (904) 5087332', '', '', '', 718475, '', NULL, 0, '0000-00-00', '0000-00-00', 1, 1, '2011-10-01'),
(30, 'Вшивцева', 'Кристина', 'Александровна', '30Вшивцева', 'e86978da', '0000-00-00', '', '', 'Вшивцева Татьяна Владимировна', '', '7 (908) 1804045', '', '', '', 268502, '', NULL, 0, '0000-00-00', '0000-00-00', 1, 1, '2011-10-01'),
(31, 'Грибов', 'Глеб', 'Михайлович', '31Грибов', 'e3589c21', '0000-00-00', '', '', 'Грибова Татьяна Валерьевна', '', '7 (908) 5020198', '', '', '', 369934, '', NULL, 0, '0000-00-00', '0000-00-00', 1, 1, '2011-10-01'),
(32, 'Дмитриева', 'Анна', 'Игоревна', '32Дмитриева', 'fd6091f5', '0000-00-00', '', '', 'Дмитриева Ольга Петровна', '', '7 (908) 1760190', '', '', '', 105630, '', NULL, 0, '0000-00-00', '0000-00-00', 1, 1, '2011-10-01'),
(33, 'Зубова', 'Татьяна', 'Юрьевна', '33Зубова', 'f147173a', '0000-00-00', '', '', 'Зубова Оксана Васильевна', '', '7 (908) 5135052', '', '', '', 982476, '', NULL, 0, '0000-00-00', '0000-00-00', 1, 1, '2011-10-01'),
(34, 'Иванова', 'Екатерина', 'Романовна', '34Иванова', '1f626580', '0000-00-00', '', '', 'Иванова Наталья Викторовна', '', '7 (908) 1736815', '', '', '', 525912, '', NULL, 0, '0000-00-00', '0000-00-00', 1, 1, '2011-10-01'),
(35, 'Исмаилов', 'Дмитрий', 'Тулканович', '35Исмаилов', 'c78d01a6', '0000-00-00', '', '', 'Исмаилова Оксана Владимировна', '', '7 (952) 5755733', '', '', '', 583837, '', NULL, 0, '0000-00-00', '0000-00-00', 1, 1, '2011-10-01'),
(36, 'Ковалев', 'Иван', 'Алексеевич', '36Ковалев', 'd0784262', '0000-00-00', '', '', 'Ковалева Татьяна Николаевна', '', '7 (918) 5109966', '', '', '', 752395, '', NULL, 0, '0000-00-00', '0000-00-00', 1, 1, '2011-10-01'),
(37, 'Ковтюх', 'Диана', 'Родионовна', '37Ковтюх', 'c545dd96', '0000-00-00', '', '', 'Ковтюх Ольга Викторовна', '', '7 (904) 3498329', '', '', '', 886126, '', NULL, 0, '0000-00-00', '0000-00-00', 1, 1, '2011-10-01'),
(38, 'Колесников', 'Андрей', 'Михайлович', '38Колесников', 'a5270df9', '0000-00-00', '', '', 'Колесникова Галина Николаевна', '', '7 (908) 1747042', '', '', '', 205001, '', NULL, 0, '0000-00-00', '0000-00-00', 1, 1, '2011-10-01'),
(39, 'Макаренко', 'Павел', 'Анатольевич', '39Макаренко', '57e6011a', '0000-00-00', '', '', 'Макаренко Вера Александровна', '', '7 (908) 5160346', '', '', '', 760827, '', NULL, 0, '0000-00-00', '0000-00-00', 1, 1, '2011-10-01'),
(40, 'Матвеева', 'Виктория', 'Николаевна', '40Матвеева', '2e5f9571', '0000-00-00', '', '', 'Матвеева Оксана Павловна', '', '7 (928) 1622798', '', '', '', 975527, '', NULL, 0, '0000-00-00', '0000-00-00', 1, 1, '2011-10-01'),
(41, 'Махнова', 'Юлия', 'Витальевна', '41Махнова', '438e5ff8', '0000-00-00', '', '', 'Малолеткова Екатерина Алексеевна', '', '7 (904) 4437703', '', '', '', 513800, '', NULL, 0, '0000-00-00', '0000-00-00', 1, 1, '2011-10-01'),
(42, 'Мельник', 'Мария', 'Викторовна', '42Мельник', '67adcc40', '0000-00-00', '', '', 'Мельник Даниэлла Федоровна', '', '7 (950) 8667402', '', '', '', 402645, '', NULL, 0, '0000-00-00', '0000-00-00', 1, 1, '2011-10-01'),
(43, 'Мищенко', 'Анастасия', 'Денисовна', '43Мищенко', 'df77af84', '0000-00-00', '', '', 'Котова Ольга Александровна', '', '7 (952) 6029897', '', '', '', 760278, '', NULL, 0, '0000-00-00', '0000-00-00', 1, 1, '2011-10-01'),
(44, 'Подкосов', 'Никита', 'Александрович', '44Подкосов', '54b3ab69', '0000-00-00', '', '', 'Подкосова Наталья Владимировна', '', '7 (908) 1728689', '', '', '', 746902, '', NULL, 0, '0000-00-00', '0000-00-00', 1, 1, '2011-10-01'),
(45, 'Савина', 'Анастасия', 'Александровна', '45Савина', '63ed2cb6', '0000-00-00', '', '', 'Савина Людмила Николаевна', '', '7 (928) 1182198', '', '', '', 399871, '', NULL, 0, '0000-00-00', '0000-00-00', 1, 1, '2011-10-01'),
(46, 'Смирнов', 'Григорий', 'Юрьевич', '46Смирнов', '815b3382', '0000-00-00', '', '', 'Смирнова Елена Федоровна', '', '7 (908) 5050215', '', '', '', 865719, '', NULL, 0, '0000-00-00', '0000-00-00', 1, 1, '2011-10-01'),
(47, 'Сухинин', 'Юрий', 'Николаевич', '47Сухинин', '2716a6af', '0000-00-00', '', '', 'Сухинина Ирина Юрьевна', '', '7 (951) 8286706', '', '', '', 891564, '', NULL, 0, '0000-00-00', '0000-00-00', 1, 1, '2011-10-01'),
(48, 'Сыропятов', 'Евгений', 'Игоревич', '48Сыропятов', 'c3d6eb7b', '0000-00-00', '', '', 'Сыропятова Елена Сергеевна', '', '7 (952) 5679221', '', '', '', 488394, '', NULL, 0, '0000-00-00', '0000-00-00', 1, 1, '2011-10-01'),
(49, 'Черножукова', 'Анастасия', 'Васильевна', '49Черножукова', '40b9f720', '0000-00-00', '', '', 'Манякин Василий Анатольевич', '', '7 (950) 8672584', '', '', '', 628717, '', NULL, 0, '0000-00-00', '0000-00-00', 1, 1, '2011-10-01'),
(50, 'Чернюк', 'Евгения', 'Вячеславовна', '50Чернюк', '2331eb9d', '0000-00-00', '', '', 'Чернюк Любовь Александровна', '', '7 (951) 8310556', '', '', '', 891098, '', NULL, 0, '0000-00-00', '0000-00-00', 1, 1, '2011-10-01'),
(51, 'Шевченко', 'Юлия', 'Александровна', '51Шевченко', 'd31c0705', '0000-00-00', '', '', 'Шевченко Нина Дмитриевна', '', '7 (904) 5086866', '', '', '', 114062, '', NULL, 0, '0000-00-00', '0000-00-00', 1, 1, '2011-10-01'),
(52, 'Щербин', 'Георгий', 'Евгеньевич', '52Щербин', '53a1452f', '0000-00-00', '', '', 'Щербина Лейла Геловна', '', '7 (951) 5192941', '', '', '', 171878, '', NULL, 0, '0000-00-00', '0000-00-00', 1, 1, '2011-10-01'),
(53, 'Ягловский', 'Антон', 'Сергеевич', '53Ягловский', '1cb45e1f', '0000-00-00', '', '', 'Ягловская Елена Константиновна', '', '7 (951) 8288609', '', '', '', 834710, '', NULL, 0, '0000-00-00', '0000-00-00', 1, 1, '2011-10-01'),
(54, 'Алиев', 'Альберт', 'Селимович', '54Алиев', '1395791d', '0000-00-00', '', '', 'Алиева Марият Аваевна', '', '7 (960) 4431804', '', '', '', 753219, '', NULL, 0, '0000-00-00', '0000-00-00', 1, 1, '2011-10-01'),
(55, 'Гриценко', 'Владимир', 'Викторович', '55Гриценко', '9c4dcf99', '0000-00-00', '', '', 'Гриценко Галина Павловна', '', '7 (951) 8278476', '', '', '', 329064, '', NULL, 0, '0000-00-00', '0000-00-00', 1, 1, '2011-10-01'),
(56, 'Грушевский', 'Евгений', 'Евгеньевич', '56Грушевский', 'b5631244', '0000-00-00', '', '', 'Грушевская Оксана Александровна', '', '7 (952) 5854648', '', '', '', 375894, '', NULL, 0, '0000-00-00', '0000-00-00', 1, 1, '2011-10-01'),
(57, 'Ерошенко', 'Яна', 'Вадимовна', '57Ерошенко', '0fe7df70', '0000-00-00', '', '', 'Ерошенко Вадим Петрович', '', '7 (951) 4945505', '', '', '', 966217, '', NULL, 0, '0000-00-00', '0000-00-00', 1, 1, '2011-10-01'),
(58, 'Змеева', 'Олеся', 'Евгеньевна', '58Змеева', 'ac551213', '0000-00-00', '', '', 'Змеева Елена Владимировна', '', '7 (952) 6007638', '', '', '', 778598, '', NULL, 0, '0000-00-00', '0000-00-00', 1, 1, '2011-10-01'),
(59, 'Козодёров', 'Артем', 'Алексеевич', '59Козодёров', 'c7c6cce0', '0000-00-00', '', '', 'Козодёров Алексей Валерьевич', '', '7 (928) 6418308', '', '', '', 451562, '', NULL, 0, '0000-00-00', '0000-00-00', 1, 1, '2011-10-01'),
(60, 'Миронова', 'Анна', 'Андреевна', '60Миронова', 'caacc8c9', '0000-00-00', '', '', 'Миронова Марина Викторовна', '', '7 (904) 5092665', '', '', '', 959378, '', NULL, 0, '0000-00-00', '0000-00-00', 1, 1, '2011-10-01'),
(61, 'Михиенко', 'Елизавета', 'Андреевна', '61Михиенко', 'b6d347bf', '0000-00-00', '', '', 'Михиенко Наталья Ивановна', '', '7 (908) 1929426', '', '', '', 272210, '', NULL, 0, '0000-00-00', '0000-00-00', 1, 1, '2011-10-01'),
(62, 'Навоян', 'Полина', 'Вартановна', '62Навоян', '6cb79036', '0000-00-00', '', '', 'Котиева Галина Александровна', '', '7 (951) 5017568', '', '', '', 113156, '', NULL, 0, '0000-00-00', '0000-00-00', 1, 1, '2011-10-01'),
(63, 'Нарышкин', 'Кирилл', 'Витальевич', '63Нарышкин', 'bd0c7387', '0000-00-00', '', '', 'Нарышкина Марина Александровна', '', '7 (908) 1941639', '', '', '', 874645, '', NULL, 0, '0000-00-00', '0000-00-00', 1, 1, '2011-10-01'),
(64, 'Неменко', 'Евгений', 'Витальевич', '64Неменко', 'deddeec7', '0000-00-00', '', '', 'Неменко Наталья Николаевна', '', '7 (951) 4991065', '', '', '', 106729, '', NULL, 0, '0000-00-00', '0000-00-00', 1, 1, '2011-10-01'),
(65, 'Новохацкий', 'Виталий', 'Сергеевич', '65Новохацкий', 'd241e3b7', '0000-00-00', '', '', 'Березникова Виктория Вячеславовна', '', '7 (908) 1762990', '', '', '', 539727, '', NULL, 0, '0000-00-00', '0000-00-00', 1, 1, '2011-10-01'),
(66, 'Олейникова', 'Оксана', 'Александровна', '66Олейникова', '7d27701d', '0000-00-00', '', '', 'Олейникова Татьяна Александровна', '', '7 (952) 5761379', '', '', '', 753768, '', NULL, 0, '0000-00-00', '0000-00-00', 1, 1, '2011-10-01'),
(67, 'Павленко', 'Андрей', 'Алексеевич', '67Павленко', '7d3c63e8', '0000-00-00', '', '', 'Трубицына Инна Николаевна', '', '7 (950) 8489976', '', '', '', 557690, '', NULL, 0, '0000-00-00', '0000-00-00', 1, 1, '2011-10-01'),
(68, 'Пасовец', 'Виктор', 'Сергеевич', '68Пасовец', '460d63e6', '0000-00-00', '', '', 'Пасовец Светлана Эдуардовна', '', '7 (951) 5017578', '', '', '', 489822, '', NULL, 0, '0000-00-00', '0000-00-00', 1, 1, '2011-10-01'),
(69, 'Полторацкая', 'Анастасия', 'Анатольевна', '69Полторацкая', '8a720dda', '0000-00-00', '', '', 'Полторацкая Лариса Анатольевна', '', '7 (928) 1508815', '', '', '', 503143, '', NULL, 0, '0000-00-00', '0000-00-00', 1, 1, '2011-10-01'),
(70, 'Скубак', 'Ольга', 'Ивановна', '70Скубак', 'fd31cdc2', '0000-00-00', '', '', 'Скубак Наталья Владимировна', '', '7 (951) 4935316', '', '', '', 647311, '', NULL, 0, '0000-00-00', '0000-00-00', 1, 1, '2011-10-01'),
(71, 'Сухоруков', 'Николай', 'Анатольевич', '71Сухоруков', '10d8fc2e', '0000-00-00', '', '', 'Сухорукова Галина Николаевна', '', '7 (904) 5092166', '', '', '', 710070, '', NULL, 0, '0000-00-00', '0000-00-00', 1, 1, '2011-10-01'),
(72, 'Тараканова', 'Анастасия', 'Романовна', '72Тараканова', 'ac1a9a16', '0000-00-00', '', '', 'Ажинова Ирина Георгиевна', '', '7 (960) 4529225', '', '', '', 730532, '', NULL, 0, '0000-00-00', '0000-00-00', 1, 1, '2011-10-01'),
(73, 'Тимофеев', 'Денис', 'Алексеевич', '73Тимофеев', 'd54a3bea', '0000-00-00', '', '', 'Тимофеева Татьяна Владимировна', '', '7 (908) 5123577', '', '', '', 246832, '', NULL, 0, '0000-00-00', '0000-00-00', 1, 1, '2011-10-01'),
(74, 'Топчук', 'Роман', 'Иванович', '74Топчук', 'c8e9dd4b', '0000-00-00', '', '', 'Топчук Маргарита Сергеевна', '', '7 (904) 4422850', '', '', '', 890658, '', NULL, 0, '0000-00-00', '0000-00-00', 1, 1, '2011-10-01'),
(75, 'Усачев', 'Анатолий', 'Андреевич', '75Усачев', '43b6ab79', '0000-00-00', '', '', 'Агафонова Лина Николаевна', '', '7 (908) 5098751', '', '', '', 291162, '', NULL, 0, '0000-00-00', '0000-00-00', 1, 1, '2011-10-01'),
(76, 'Чурон', 'Василий', 'Васильевич', '76Чурон', '2edaca16', '0000-00-00', '', '', 'Чурон Светлана Михайловна', '', '7 (928) 1364774', '', '', '', 800735, '', NULL, 0, '0000-00-00', '0000-00-00', 1, 1, '2011-10-01'),
(77, 'Шевченко', 'Полина', 'Федоровна', '77Шевченко', 'd210969f', '0000-00-00', '', '', 'Шевченко Ирина Александровна', '', '7 (908) 1984963', '', '', '', 305169, '', NULL, 0, '0000-00-00', '0000-00-00', 1, 1, '2011-10-01'),
(78, 'Шумилина', 'Татьяна', 'Сергеевна', '78Шумилина', '7dcf8ed2', '0000-00-00', '', '', 'Комарова Ольга Александровна', '', '7 (951) 5211791', '', '', '', 330685, '', NULL, 0, '0000-00-00', '0000-00-00', 1, 1, '2011-10-01'),
(79, 'Юрина', 'Анастасия', 'Александровна', '79Юрина', '2cc6e969', '0000-00-00', '', '', 'Юрина Лилия Аслановна', '', '7 (904) 4405701', '', '', '', 510339, '', NULL, 0, '0000-00-00', '0000-00-00', 1, 1, '2011-10-01'),
(80, 'Алексеева', 'Анастасия', 'Андреевна', '80Алексеева', '6edca2bd', '0000-00-00', '', '', 'Радько Ольга Александровна', '', '7 (950) 8583524', '', '', '', 183303, '', NULL, 0, '0000-00-00', '0000-00-00', 1, 1, '2011-10-01'),
(81, 'Бойчевская', 'Диана', 'Федоровна', '81Бойчевская', 'da0d5f54', '0000-00-00', '', '', 'Драч Марина Александровна', '', '7 (950) 8548361', '', '', '', 730120, '', NULL, 0, '0000-00-00', '0000-00-00', 1, 1, '2011-10-01'),
(82, 'Гончаров', 'Илья', 'Павлович', '82Гончаров', '5868a3d4', '0000-00-00', '', '', 'Гончарова Оксана Павловна', '', '7 (951) 5119679', '', '', '', 975363, '', NULL, 0, '0000-00-00', '0000-00-00', 1, 1, '2011-10-01'),
(83, 'Горбов', 'Дмитрий', 'Сергеевич', '83Горбов', '8bc6503d', '0000-00-00', '', '', 'Горбова Оксана Анатольевна', '', '7 (928) 7752029', '', '', '', 805212, '', NULL, 0, '0000-00-00', '0000-00-00', 1, 1, '2011-10-01'),
(84, 'Гордиенко', 'Данил', 'Владимирович', '84Гордиенко', '1b351f31', '0000-00-00', '', '', 'Гордиенко Ольга Александровна', '', '7 (928) 1463663', '', '', '', 188467, '', NULL, 0, '0000-00-00', '0000-00-00', 1, 1, '2011-10-01'),
(85, 'Данилов', 'Яков', 'Сергеевич', '85Данилов', 'bf089e27', '0000-00-00', '', '', 'Данилова Юлия Юрьевна', '', '7 (950) 8407645', '', '', '', 899200, '', NULL, 0, '0000-00-00', '0000-00-00', 1, 1, '2011-10-01'),
(86, 'Дыбцев', 'Сергей', 'Евгеньевич', '86Дыбцев', '5860f17d', '0000-00-00', '', '', 'Дыбцев Евгений Сергеевич', '', '7 (928) 1831657', '', '', '', 786288, '', NULL, 0, '0000-00-00', '0000-00-00', 1, 1, '2011-10-01'),
(87, 'Железненко', 'Егор', 'Сергеевич', '87Железненко', 'c1e3ebc3', '0000-00-00', '', '', 'Заточкина Анжелика Петровна', '', '7 (952) 6016052', '', '', '', 952319, '', NULL, 0, '0000-00-00', '0000-00-00', 1, 1, '2011-10-01'),
(88, 'Зубов', 'Данил', 'Юрьевич', '88Зубов', '5f786b20', '0000-00-00', '', '', 'Зубов  ', '', '', '', '', '', 754373, '', NULL, 0, '0000-00-00', '0000-00-00', 0, 1, '2011-10-01'),
(89, 'Кононов', 'Кирилл', 'Дмитриевич', '89Кононов', '90b276c6', '0000-00-00', '', '', 'Кононова Светлана Викторовна', '', '7 (908) 1934047', '', '', '', 989178, '', NULL, 0, '0000-00-00', '0000-00-00', 1, 1, '2011-10-01'),
(90, 'Кравченко', 'Александр', 'Сергеевич', '90Кравченко', 'a5effa08', '0000-00-00', '', '', 'Кравченко Галина Анатольевна', '', '7 (908) 5082459', '', '', '', 975143, '', NULL, 0, '0000-00-00', '0000-00-00', 1, 1, '2011-10-01'),
(91, 'Кривцова', 'Ирина', 'Витальевна', '91Кривцова', '97512ed5', '0000-00-00', '', '', 'Кривцова Светлана Леонидовна', '', '7 (951) 5178185', '', '', '', 893762, '', NULL, 0, '0000-00-00', '0000-00-00', 1, 1, '2011-10-01'),
(92, 'Кудинова', 'София', 'Владимировна', '92Кудинова', '57adef68', '0000-00-00', '', '', 'Кудинова Елена Сергеевна', '', '7 (950) 8407683', '', '', '', 502896, '', NULL, 0, '0000-00-00', '0000-00-00', 1, 1, '2011-10-01'),
(93, 'Кузьмин', 'Максим', 'Сергеевич', '93Кузьмин', 'a6a8e65b', '0000-00-00', '', '', 'Кузьмина Юлия Александровна', '', '7 (950) 8471275', '', '', '', 184429, '', NULL, 0, '0000-00-00', '0000-00-00', 1, 1, '2011-10-01'),
(94, 'Лобанов', 'Артем', 'Викторович', '94Лобанов', 'fa49b04f', '0000-00-00', '', '', 'Лобанова Светлана Викторовна', '', '7 (908) 1864311', '', '', '', 838803, '', NULL, 0, '0000-00-00', '0000-00-00', 1, 1, '2011-10-01'),
(95, 'Навоян', 'Леонид', 'Вартанович', '95Навоян', 'bf1a578a', '0000-00-00', '', '', 'Котиева Галина Александровна', '', '7 (951) 5017568', '', '', '', 488916, '', NULL, 0, '0000-00-00', '0000-00-00', 1, 1, '2011-10-01'),
(96, 'Нистратова', 'Анастасия', 'Вадимовна', '96Нистратова', 'c6a24d89', '0000-00-00', '', '', 'Нистратова Наталья Александровна', '', '7 (918) 5951584', '', '', '', 305911, '', NULL, 0, '0000-00-00', '0000-00-00', 1, 1, '2011-10-01'),
(97, 'Павленко', 'Ксения', 'Васильевна', '97Павленко', '8aff3c92', '0000-00-00', '', '', 'Павленко Ольга Евгеньевна', '', '7 (951) 8280016', '', '', '', 819329, '', NULL, 0, '0000-00-00', '0000-00-00', 1, 1, '2011-10-01'),
(98, 'Резникова', 'Марина', 'Алексеевна', '98Резникова', 'ac1ca94d', '0000-00-00', '', '', 'Резникова Ольга Владимировна', '', '7 (918) 8540324', '', '', '', 124142, '', NULL, 0, '0000-00-00', '0000-00-00', 1, 1, '2011-10-01'),
(99, 'Рябчикова', 'Валерия', 'Александровна', '99Рябчикова', 'c860a237', '0000-00-00', '', '', 'Рябчикова Оксана Александровна', '', '7 (951) 5247963', '', '', '', 947155, '', NULL, 0, '0000-00-00', '0000-00-00', 1, 1, '2011-10-01'),
(100, 'Ткачев', 'Никита', 'Владимирович', '100Ткачев', '521803ef', '0000-00-00', '', '', 'Ткачев Владимир Николаевич', '', '7 (928) 1756959', '', '', '', 585293, '', NULL, 0, '0000-00-00', '0000-00-00', 1, 1, '2011-10-01'),
(101, 'Финогенова', 'Анна', 'Игоревна', '101Финогенова', 'e5ad9123', '0000-00-00', '', '', 'Финогенова Надежда Браниславовна', '', '7 (904) 4451357', '', '', '', 278253, '', NULL, 0, '0000-00-00', '0000-00-00', 1, 1, '2011-10-01'),
(102, 'Хайменова', 'Дарья', 'Витальевна', '102Хайменова', '7307e835', '0000-00-00', '', '', 'Тюринова Татьяна Евгеньевна', '', '7 (908) 5076490', '', '', '', 828036, '', NULL, 0, '0000-00-00', '0000-00-00', 1, 1, '2011-10-01'),
(103, 'Черкасов', 'Вадим', 'Андреевич', '103Черкасов', '1e4feb99', '0000-00-00', '', '', 'Черкасова Наталья Александровна', '', '7 (928) 1900954', '', '', '', 327856, '', NULL, 0, '0000-00-00', '0000-00-00', 1, 1, '2011-10-01'),
(104, 'Шелухин', 'Даниил', 'Анатольевич', '104Шелухин', '61732203', '0000-00-00', '', '', 'Шелухина Ирина Владимировна', '', '7 (951) 5071134', '', '', '', 412918, '', NULL, 0, '0000-00-00', '0000-00-00', 1, 1, '2011-10-01'),
(105, 'Гамидов', 'Хазар', 'Натигович', '105Гамидов', '8a84c206', '0000-00-00', '', '', 'Гамидов Натиг Банди Оглы', '', '7 (951) 8480292', '', '', '', 209780, '', NULL, 0, '0000-00-00', '0000-00-00', 1, 1, '2011-10-01'),
(106, 'Гнездилова', 'Ксения', 'Алексеевна', '106Гнездилова', '627216ea', '0000-00-00', '', '', 'Гнездилова Анна Николаевна', '', '7 (904) 3473529', '', '', '', 409869, '', NULL, 0, '0000-00-00', '0000-00-00', 1, 1, '2011-10-01'),
(107, 'Забильский', 'Владислав', 'Дмитриевич', '107Забильский', '24e970dd', '0000-00-00', '', '', 'Забильский Дмитрий Сергеевич', '', '7 (908) 1804851', '', '', '', 886703, '', NULL, 0, '0000-00-00', '0000-00-00', 1, 1, '2011-10-01'),
(108, 'Зелюкова', 'Алина', 'Максимовна', '108Зелюкова', 'daafcd2f', '0000-00-00', '', '', 'Зелюкова Марина Владимировна', '', '7 (904) 3489846', '', '', '', 985058, '', NULL, 0, '0000-00-00', '0000-00-00', 1, 1, '2011-10-01'),
(109, 'Земляков', 'Егор', 'Андреевич', '109Земляков', '4054f50a', '0000-00-00', '', '', 'Землякова Алёна Анатольевна', '', '7 (951) 5361212', '', '', '', 160452, '', NULL, 0, '0000-00-00', '0000-00-00', 1, 1, '2011-10-01'),
(110, 'Кашина', 'Александра', 'Александровна', '110Кашина', 'eeb20cd0', '0000-00-00', '', '', 'Кашина Марина Ивановна', '', '7 (950) 8583276', '', '', '', 939300, '', NULL, 0, '0000-00-00', '0000-00-00', 1, 1, '2011-10-01'),
(111, 'Киштаев', 'Александр', 'Николаевич', '111Киштаев', '21d8b7ed', '0000-00-00', '', '', 'Киштаев Николай Викторович', '', '7 (951) 4916143', '', '', '', 375949, '', NULL, 0, '0000-00-00', '0000-00-00', 1, 1, '2011-10-01'),
(112, 'Киштаев', 'Сергей', 'Николаевич', '112Киштаев', 'ccf54cc3', '0000-00-00', '', '', 'Киштаев Николай Викторович', '', '7 (951) 4916143', '', '', '', 269079, '', NULL, 0, '0000-00-00', '0000-00-00', 1, 1, '2011-10-01'),
(113, 'Корунченко', 'Данил', 'Сергеевич', '113Корунченко', 'fd0bc1cc', '0000-00-00', '', '', 'Корунченко  ', '', '', '', '', '', 249990, '', NULL, 0, '0000-00-00', '0000-00-00', 0, 1, '2011-10-01'),
(114, 'Крупий', 'Ярослав', 'Владимирович', '114Крупий', 'd45ef02c', '0000-00-00', '', '', 'Крупий Елена Васильевна', '', '7 (950) 8662658', '', '', '', 405255, '', NULL, 0, '0000-00-00', '0000-00-00', 1, 1, '2011-10-01'),
(115, 'Ларионова', 'Людмила', 'Ролановна', '115Ларионова', '381c0acd', '0000-00-00', '', '', 'Ларионова Ольга Владимировна', '', '7 (908) 5110566', '', '', '', 946249, '', NULL, 0, '0000-00-00', '0000-00-00', 1, 1, '2011-10-01'),
(116, 'Матвеев', 'Данил', 'Евгеньевич', '116Матвеев', '3c9e8d12', '0000-00-00', '', '', 'Матвеева Оксана Александровна', '', '7 (950) 8499703', '', '', '', 388061, '', NULL, 0, '0000-00-00', '0000-00-00', 1, 1, '2011-10-01'),
(117, 'Мясникова', 'Анастасия', 'Сергеевна', '117Мясникова', '3773dc1b', '0000-00-00', '', '', 'Мясникова Елена Сергеевна', '', '7 (951) 4935412', '', '', '', 450271, '', NULL, 0, '0000-00-00', '0000-00-00', 1, 1, '2011-10-01'),
(118, 'Новолокина', 'Полина', 'Васильевна', '118Новолокина', '7e58fa82', '0000-00-00', '', '', 'Ковтунова Марина Борисовна', '', '7 (951) 8244842', '', '', '', 242108, '', NULL, 0, '0000-00-00', '0000-00-00', 1, 1, '2011-10-01'),
(119, 'Перепелицин', 'Сергей', 'Сергеевич', '119Перепелицин', '88025251', '0000-00-00', '', '', 'Перепелицина Наталья Петровна', '', '7 (951) 8282953', '', '', '', 544479, '', NULL, 0, '0000-00-00', '0000-00-00', 1, 1, '2011-10-01'),
(120, 'Пугачёв', 'Александр', 'Олегович', '120Пугачёв', '333488b2', '0000-00-00', '', '', 'Пугачёва Наталья Алексеевна', '', '7 (951) 8377484', '', '', '', 751379, '', NULL, 0, '0000-00-00', '0000-00-00', 1, 1, '2011-10-01'),
(121, 'Пугачёва', 'Алина', 'Олеговна', '121Пугачёва', 'ff90d5a8', '0000-00-00', '', '', 'Пугачёва Наталья Алексеевна', '', '7 (951) 8377484', '', '', '', 283169, '', NULL, 0, '0000-00-00', '0000-00-00', 1, 1, '2011-10-01'),
(122, 'Ситников', 'Максим', 'Юрьевич', '122Ситников', '9c04ebf5', '0000-00-00', '', '', 'Ситникова Татьяна Николаевна', '', '7 (928) 7766209', '', '', '', 534234, '', NULL, 0, '0000-00-00', '0000-00-00', 1, 1, '2011-10-01'),
(123, 'Сурганова', 'Елизавета', 'Евгеньевна', '123Сурганова', '48b79a23', '0000-00-00', '', '', 'Сурганова Татьяна Михайловна', '', '7 (904) 3473957', '', '', '', 267514, '', NULL, 0, '0000-00-00', '0000-00-00', 1, 1, '2011-10-01'),
(124, 'Суржок', 'Екатерина', 'Васильевна', '124Суржок', '071f78a7', '0000-00-00', '', '', 'Суржок Лаура Геловна', '', '7 (908) 1810171', '', '', '', 318408, '', NULL, 0, '0000-00-00', '0000-00-00', 1, 1, '2011-10-01'),
(125, 'Сыщенко', 'Юрий', 'Александрович', '125Сыщенко', '7e10ed99', '0000-00-00', '', '', 'Сыщенко Татьяна Александровна', '', '7 (908) 5106707', '', '', '', 620559, '', NULL, 0, '0000-00-00', '0000-00-00', 1, 1, '2011-10-01'),
(126, 'Татаренко', 'Станислав', 'Алексеевич', '126Татаренко', '91a23ecf', '0000-00-00', '', '', 'Дахновец Оксана Викторовна', '', '7 (951) 4984992', '', '', '', 916009, '', NULL, 0, '0000-00-00', '0000-00-00', 1, 1, '2011-10-01'),
(127, 'Тоцкий', 'Владислав', 'Андреевич', '127Тоцкий', '5e572b17', '0000-00-00', '', '', 'Тоцкая Ирина Васильевна', '', '7 (904) 5086102', '', '', '', 762228, '', NULL, 0, '0000-00-00', '0000-00-00', 1, 1, '2011-10-01'),
(128, 'Хитрина', 'Вероника', 'Сергеевна', '128Хитрина', '5339002d', '0000-00-00', '', '', 'Хитрина Ирина Петровна', '', '7 (908) 5027910', '', '', '', 298522, '', NULL, 0, '0000-00-00', '0000-00-00', 1, 1, '2011-10-01'),
(129, 'Черкашина', 'Анастасия', 'Вячеславовна', '129Черкашина', '9cd9345f', '0000-00-00', '', '', 'Черкашина Олеся Владимировна', '', '7 (908) 5052807', '', '', '', 984317, '', NULL, 0, '0000-00-00', '0000-00-00', 1, 1, '2011-10-01'),
(130, 'Шкуратова', 'Екатерина', 'Павловна', '130Шкуратова', 'a8794834', '0000-00-00', '', '', 'Шкуратова Оксана Геннадьевна', '', '7 (951) 5239271', '', '', '', 571807, '', NULL, 0, '0000-00-00', '0000-00-00', 1, 1, '2011-10-01'),
(131, 'Шрамко', 'Андрей', 'Алексеевич', '131Шрамко', '2f172268', '0000-00-00', '', '', 'Шрамко Лилия Николаевна', '', '7 (951) 4926285', '', '', '', 425497, '', NULL, 0, '0000-00-00', '0000-00-00', 1, 1, '2011-10-01'),
(132, 'Яковенко', 'Ангелина', 'Дмитриевна', '132Яковенко', '03a2bd77', '0000-00-00', '', '', 'Яковенко Юлия Викторовна', '', '7 (928) 7677896', '', '', '', 551098, '', NULL, 0, '0000-00-00', '0000-00-00', 1, 1, '2011-10-01'),
(133, 'Белова', 'Кристина', 'Дмитриевна', '133Белова', 'bf7afcd1', '0000-00-00', '', '', 'Громова Екатерина Владимировна', '', '7 (908) 1845868', '', '', '', 704000, '', NULL, 0, '0000-00-00', '0000-00-00', 1, 1, '2011-10-01'),
(134, 'Беляев', 'Евгений', 'Евгеньевич', '134Беляев', '44ccadd8', '0000-00-00', '', '', 'Беляева Наталья Владимировна', '', '7 (952) 5844377', '', '', '', 364221, '', NULL, 0, '0000-00-00', '0000-00-00', 1, 1, '2011-10-01'),
(135, 'Беляева', 'Владлена', 'Евгеньевна', '135Беляева', '844f2f96', '0000-00-00', '', '', 'Беляева Валентина Алекандровна', '', '7 (951) 5318683', '', '', '', 607925, '', NULL, 0, '0000-00-00', '0000-00-00', 1, 1, '2011-10-01'),
(136, 'Бочеров', 'Александр', 'Иванович', '136Бочеров', '365c7820', '0000-00-00', '', '', 'Бочерова Наталья Александровна', '', '7 (908) 1728660', '', '', '', 157623, '', NULL, 0, '0000-00-00', '0000-00-00', 1, 1, '2011-10-01'),
(137, 'Галуцкая', 'Виктория', 'Сергеевна', '137Галуцкая', 'd4b1c4c9', '0000-00-00', '', '', 'Галуцкая Тамара Анатольевна', '', '7 (951) 5032314', '', '', '', 841879, '', NULL, 0, '0000-00-00', '0000-00-00', 1, 1, '2011-10-01'),
(138, 'Иванов', 'Сергей', 'Романович', '138Иванов', '3fd74e87', '0000-00-00', '', '', 'Иванова Наталья Викторовна', '', '7 (908) 1736815', '', '', '', 149218, '', NULL, 0, '0000-00-00', '0000-00-00', 1, 1, '2011-10-01'),
(139, 'Касаркин', 'Виталий', 'Владимирович', '139Касаркин', 'd475f46a', '0000-00-00', '', '', 'Касаркина Олеся Владимировна', '', '7 (904) 3474370', '', '', '', 403909, '', NULL, 0, '0000-00-00', '0000-00-00', 1, 1, '2011-10-01'),
(140, 'Клец', 'Геннадий', 'Дмитриевич', '140Клец', 'bf1ea343', '0000-00-00', '', '', 'Клец Юлия Николаевна', '', '7 (904) 5087143', '', '', '', 926116, '', NULL, 0, '0000-00-00', '0000-00-00', 1, 1, '2011-10-01'),
(141, 'Кравченко', 'София', 'Сергеевна', '141Кравченко', '3b07909f', '0000-00-00', '', '', 'Кравченко Галина Анатольевна', '', '7 (908) 5082459', '', '', '', 288937, '', NULL, 0, '0000-00-00', '0000-00-00', 1, 1, '2011-10-01'),
(142, 'Кружилин', 'Дмитрий', 'Вадимович', '142Кружилин', '97c8a02f', '0000-00-00', '', '', 'Кружилина Ольга Николаевна', '', '7 (928) 6157294', '', '', '', 234802, '', NULL, 0, '0000-00-00', '0000-00-00', 1, 1, '2011-10-01'),
(143, 'Лебедев', 'Николай', 'Олегович', '143Лебедев', 'ca65af6a', '0000-00-00', '', '', 'Петухова Людмила Владимировна', '', '7 (950) 8465857', '', '', '', 563760, '', NULL, 0, '0000-00-00', '0000-00-00', 1, 1, '2011-10-01'),
(144, 'Мазнева', 'Виктория', 'Владимировна', '144Мазнева', 'e0c77ff1', '0000-00-00', '', '', 'Мазнева Алена Борисовна', '', '7 (908) 1984910', '', '', '', 856134, '', NULL, 0, '0000-00-00', '0000-00-00', 1, 1, '2011-10-01'),
(145, 'Маркевич', 'Матвей', 'Николаевич', '145Маркевич', '598ca2f6', '0000-00-00', '', '', 'Маркевич Елена Викторовна', '', '7 (908) 1927109', '', '', '', 142050, '', NULL, 0, '0000-00-00', '0000-00-00', 1, 1, '2011-10-01'),
(146, 'Матвеева', 'Марина', 'Николаевна', '146Матвеева', '52db9162', '0000-00-00', '', '', 'Матвеева Оксана Павловна', '', '7 (928) 1622798', '', '', '', 480346, '', NULL, 0, '0000-00-00', '0000-00-00', 1, 1, '2011-10-01'),
(147, 'Нигматуллина', 'Алина', 'Авельевна', '147Нигматуллина', 'e601017d', '0000-00-00', '', '', 'Нигматуллина Наталья Петровна', '', '7 (952) 6001851', '', '', '', 159353, '', NULL, 0, '0000-00-00', '0000-00-00', 1, 1, '2011-10-01'),
(148, 'Прядкина', 'Юлия', 'Олеговна', '148Прядкина', '96429d0f', '0000-00-00', '', '', 'Прядкина Наталья Александровна', '', '7 (908) 1877281', '', '', '', 482049, '', NULL, 0, '0000-00-00', '0000-00-00', 1, 1, '2011-10-01'),
(149, 'Раудермель', 'Анастасия', 'Викторовна', '149Раудермель', '881da17f', '0000-00-00', '', '', 'Раудермель Ирина Алексеевна', '', '7 (951) 4990890', '', '', '', 148092, '', NULL, 0, '0000-00-00', '0000-00-00', 1, 1, '2011-10-01'),
(150, 'Родионов', 'Дмитрий', 'Игоревич', '150Родионов', '7e7a4641', '0000-00-00', '', '', 'Родионова Светлана Анатольевна', '', '7 (952) 6061806', '', '', '', 295227, '', NULL, 0, '0000-00-00', '0000-00-00', 1, 1, '2011-10-01'),
(151, 'Тюринов', 'Александр', 'Андреевич', '151Тюринов', 'e3ac7395', '0000-00-00', '', '', 'Тюринова Татьяна Петровна', '', '7 (960) 4648162', '', '', '', 512564, '', NULL, 0, '0000-00-00', '0000-00-00', 1, 1, '2011-10-01'),
(152, 'Удовенко', 'Никита', 'Андреевич', '152Удовенко', '9565b1bb', '0000-00-00', '', '', 'Удовенко Юлия Сергеевна', '', '7 (950) 8652874', '', '', '', 788238, '', NULL, 0, '0000-00-00', '0000-00-00', 1, 1, '2011-10-01'),
(153, 'Уразовская', 'Ольга', 'Юрьевна', '153Уразовская', 'a8464fe7', '0000-00-00', '', '', 'Уразовская Юлия Алексеевна', '', '7 (952) 5711210', '', '', '', 503939, '', NULL, 0, '0000-00-00', '0000-00-00', 1, 1, '2011-10-01'),
(154, 'Фуртуна', 'Алина', 'Дмитриевна', '154Фуртуна', 'e8374ac2', '0000-00-00', '', '', 'Фуртуна Наталья Дмитриевна', '', '7 (918) 5378036', '', '', '', 438818, '', NULL, 0, '0000-00-00', '0000-00-00', 1, 1, '2011-10-01'),
(155, 'Хитрова', 'Алеся', 'Андреевна', '155Хитрова', 'd3814afe', '0000-00-00', '', '', 'Хитрова Ирина Владимировна', '', '7 (951) 5093910', '', '', '', 695266, '', NULL, 0, '0000-00-00', '0000-00-00', 1, 1, '2011-10-01'),
(156, 'Холостова', 'Анастасия', 'Игоревна', '156Холостова', '3030edf5', '0000-00-00', '', '', 'Холостова Наталья Владимировна', '', '7 (904) 3480639', '', '', '', 509075, '', NULL, 0, '0000-00-00', '0000-00-00', 1, 1, '2011-10-01'),
(157, 'Черножукова', 'Валенсия', 'Васильевна', '157Черножукова', 'b8b78284', '0000-00-00', '', '', 'Манякин Василий Анатольевич', '', '7 (950) 8672584', '', '', '', 956466, '', NULL, 0, '0000-00-00', '0000-00-00', 1, 1, '2011-10-01'),
(158, 'Шуляк', 'Алина', 'Андреевна', '158Шуляк', '1da5d6b9', '0000-00-00', '', '', 'Шуляк Татьяна Валерьевна', '', '7 (952) 5716929', '', '', '', 320495, '', NULL, 0, '0000-00-00', '0000-00-00', 1, 1, '2011-10-01'),
(159, 'Якушева', 'Ангелина', 'Викторовна', '159Якушева', 'c1cb9b95', '0000-00-00', '', '', 'Якушева Галина Ивановна', '', '7 (952) 5761061', '', '', '', 229336, '', NULL, 0, '0000-00-00', '0000-00-00', 1, 1, '2011-10-01'),
(160, 'Авилов', 'Вадим', 'Александрович', '160Авилов', '2eda3478', '0000-00-00', '', '', 'Авилова Елена Николаевна', '', '7 (908) 5144657', '', '', '', 998022, '', NULL, 0, '0000-00-00', '0000-00-00', 1, 1, '2011-10-01'),
(161, 'Васильченко', 'Вера', 'Алексеевна', '161Васильченко', '76b059cf', '0000-00-00', '', '', 'Кладова Светлана Федоровна', '', '7 (950) 8407709', '', '', '', 336013, '', NULL, 0, '0000-00-00', '0000-00-00', 1, 1, '2011-10-01'),
(162, 'Виноградов', 'Владислав', 'Ильич', '162Виноградов', '914c0865', '0000-00-00', '', '', 'Виноградова Елена Александровна', '', '7 (951) 5330804', '', '', '', 388006, '', NULL, 0, '0000-00-00', '0000-00-00', 1, 1, '2011-10-01'),
(163, 'Дворникова', 'Анна', 'Валерьевна', '163Дворникова', 'ea6a70a6', '0000-00-00', '', '', 'Дворникова Татьяна Александровна', '', '7 (908) 1891817', '', '', '', 247409, '', NULL, 0, '0000-00-00', '0000-00-00', 1, 1, '2011-10-01'),
(164, 'Дерлыш', 'Елена', '', '164Дерлыш', '650cab31', '0000-00-00', '', '', 'Дерлыш Наталья Евгеньевна', '', '7 (928) 6061360', '', '', '', 770715, '', NULL, 0, '0000-00-00', '0000-00-00', 1, 1, '2011-10-01'),
(165, 'Евсюков', 'Евгений', 'Алексеевич', '165Евсюков', '35530362', '0000-00-00', '', '', 'Евсюкова Светлана Юрьевна', '', '7 (904) 3498222', '', '', '', 590786, '', NULL, 0, '0000-00-00', '0000-00-00', 1, 1, '2011-10-01'),
(166, 'Ермолин', 'Михаил', 'Юрьевич', '166Ермолин', '460bf55c', '0000-00-00', '', '', 'Ермолина Наталья Васильевна', '', '7 (908) 1818491', '', '', '', 764508, '', NULL, 0, '0000-00-00', '0000-00-00', 1, 1, '2011-10-01'),
(167, 'Зубова', 'Дарья', 'Павловна', '167Зубова', 'f535f408', '0000-00-00', '', '', 'Зубова Светлана Викторовна', '', '7 (904) 3435038', '', '', '', 167318, '', NULL, 0, '0000-00-00', '0000-00-00', 1, 1, '2011-10-01'),
(168, 'Ильин', 'Николай', 'Андреевич', '168Ильин', '514c8fe7', '0000-00-00', '', '', 'Ильина Алла Федоровна', '', '7 (908) 5061425', '', '', '', 197119, '', NULL, 0, '0000-00-00', '0000-00-00', 1, 1, '2011-10-01'),
(169, 'Кириленко', 'Александр', 'Иванович', '169Кириленко', '72da3c9f', '0000-00-00', '', '', 'Кириленко Наталья Александровна', '', '7 (950) 8465927', '', '', '', 900051, '', NULL, 0, '0000-00-00', '0000-00-00', 1, 1, '2011-10-01'),
(170, 'Кочережко', 'Павел', 'Вадимович', '170Кочережко', '27284b5e', '0000-00-00', '', '', 'Кочережко Ольга Ивановна', '', '7 (904) 3435416', '', '', '', 780657, '', NULL, 0, '0000-00-00', '0000-00-00', 1, 1, '2011-10-01'),
(171, 'Кравченко', 'Анна', 'Вадимовна', '171Кравченко', 'c192a6b1', '0000-00-00', '', '', 'Кравченко Ирина Александровна', '', '7 (904) 3489959', '', '', '', 408908, '', NULL, 0, '0000-00-00', '0000-00-00', 1, 1, '2011-10-01'),
(172, 'Кравченко', 'Никита', 'Вадимович', '172Кравченко', '4392f1f6', '0000-00-00', '', '', 'Кравченко Ирина Александровна', '', '7 (904) 3489959', '', '', '', 486608, '', NULL, 0, '0000-00-00', '0000-00-00', 1, 1, '2011-10-01'),
(173, 'Красюк', 'Яна', 'Викторовна', '173Красюк', '5aa24734', '0000-00-00', '', '', 'Красюк Вера Васильевна', '', '7 (908) 1789412', '', '', '', 785684, '', NULL, 0, '0000-00-00', '0000-00-00', 1, 1, '2011-10-01'),
(174, 'Мелехова', 'Екатерина', 'Евгеньевна', '174Мелехова', '9e89c77a', '0000-00-00', '', '', 'Мелехова Надежда Юрьевна', '', '7 (952) 6062824', '', '', '', 520831, '', NULL, 0, '0000-00-00', '0000-00-00', 1, 1, '2011-10-01'),
(175, 'Михеев', 'Сергей', 'Алексеевич', '175Михеев', '66b4955e', '0000-00-00', '', '', 'Михеева Оксана Сергеевна', '', '7 (951) 5116303', '', '', '', 269052, '', NULL, 0, '0000-00-00', '0000-00-00', 1, 1, '2011-10-01'),
(176, 'Мудрик', 'Роман', 'Романович', '176Мудрик', '87e362c5', '0000-00-00', '', '', 'Мудрик Вера Никитична', '', '7 (904) 5037446', '', '', '', 598559, '', NULL, 0, '0000-00-00', '0000-00-00', 1, 1, '2011-10-01'),
(177, 'Нетесова', 'Наталия', 'Ильинична', '177Нетесова', '870aa6fc', '0000-00-00', '', '', 'Букач Светлана Александровна', '', '7 (904) 3483659', '', '', '', 219558, '', NULL, 0, '0000-00-00', '0000-00-00', 1, 1, '2011-10-01'),
(178, 'Павленко', 'Татьяна', 'Васильевна', '178Павленко', '1234a386', '0000-00-00', '', '', 'Павленко Ольга Евгеньевна', '', '7 (951) 8280016', '', '', '', 519403, '', NULL, 0, '0000-00-00', '0000-00-00', 1, 1, '2011-10-01'),
(179, 'Петрова', 'Яна', 'Алексеевна', '179Петрова', '29691323', '0000-00-00', '', '', 'Петрова Оксана Владимировна', '', '7 (950) 8522058', '', '', '', 394625, '', NULL, 0, '0000-00-00', '0000-00-00', 1, 1, '2011-10-01'),
(180, 'Понизов', 'Максим', 'Александрович', '180Понизов', '68ef8388', '0000-00-00', '', '', 'Понизова Оксана Александровна', '', '7 (950) 8452750', '', '', '', 842346, '', NULL, 0, '0000-00-00', '0000-00-00', 1, 1, '2011-10-01'),
(181, 'Ращибин', 'Денис', 'Михайлович', '181Ращибин', '6a89f675', '0000-00-00', '', '', 'Ращибина Инна Александровна', '', '7 (950) 8452210', '', '', '', 523550, '', NULL, 0, '0000-00-00', '0000-00-00', 1, 1, '2011-10-01'),
(182, 'Сергиенко', 'Анастасия', 'Олеговна', '182Сергиенко', 'dedeeb07', '0000-00-00', '', '', 'Сергиенко Ольга Юрьевна', '', '7 (951) 8422758', '', '', '', 860748, '', NULL, 0, '0000-00-00', '0000-00-00', 1, 1, '2011-10-01'),
(183, 'Соколовская', 'Анна', 'Юрьевна', '183Соколовская', 'a239dfb0', '0000-00-00', '', '', 'Соколовская Наталия Ивановна', '', '7 (904) 3483852', '', '', '', 982504, '', NULL, 0, '0000-00-00', '0000-00-00', 1, 1, '2011-10-01'),
(184, 'Соловьёв', 'Вадим', 'Александрович', '184Соловьёв', 'a30dcb86', '0000-00-00', '', '', 'Соловьёва Ольга Васильевна', '', '7 (951) 5015375', '', '', '', 177343, '', NULL, 0, '0000-00-00', '0000-00-00', 1, 1, '2011-10-01'),
(185, 'Сучкова', 'Татьяна', 'Витальевна', '185Сучкова', '220dbea3', '0000-00-00', '', '', 'Старкова Светлана Анатольевна', '', '7 (951) 5167139', '', '', '', 769534, '', NULL, 0, '0000-00-00', '0000-00-00', 1, 1, '2011-10-01'),
(186, 'Ткаченко', 'Лилия', 'Романовна', '186Ткаченко', '5c2b2efc', '0000-00-00', '', '', 'Ткаченко Роман Васильевич', '', '7 (908) 1819482', '', '', '', 279241, '', NULL, 0, '0000-00-00', '0000-00-00', 1, 1, '2011-10-01'),
(187, 'Шапочанская', 'Наталья', 'Сергеевна', '187Шапочанская', '6eb37fab', '0000-00-00', '', '', 'Шапочанская Наталья Сергеевна', '', '7 (908) 1873109', '', '', '', 879562, '', NULL, 0, '0000-00-00', '0000-00-00', 1, 1, '2011-10-01'),
(188, 'Акимова', 'Юлия', 'Алексеевна', '188Акимова', '6e9f80b7', '0000-00-00', '', '', 'Акимова Людмила Александровна', '', '7 (904) 4439298', '', '', '', 547198, '', NULL, 0, '0000-00-00', '0000-00-00', 1, 1, '2011-10-01'),
(189, 'Алтухова', 'Алина', 'Романовна', '189Алтухова', '0ac17a55', '0000-00-00', '', '', 'Алтухова Марина Анатольевна', '', '7 (904) 5087167', '', '', '', 443075, '', NULL, 0, '0000-00-00', '0000-00-00', 1, 1, '2011-10-01'),
(190, 'Быков', 'Иван', 'Иванович', '190Быков', '89368e5c', '0000-00-00', '', '', 'Быкова Юлия Викторовна', '', '7 (951) 5044804', '', '', '', 667114, '', NULL, 0, '0000-00-00', '0000-00-00', 1, 1, '2011-10-01'),
(191, 'Гайваненко', 'Дмитрий', 'Владимирович', '191Гайваненко', '3df32a0c', '0000-00-00', '', '', 'Гайваненко Марина Леонидовна', '', '7 (904) 3424098', '', '', '', 492019, '', NULL, 0, '0000-00-00', '0000-00-00', 1, 1, '2011-10-01'),
(192, 'Громакова', 'Анна', 'Константиновна', '192Громакова', '64fdb6d9', '0000-00-00', '', '', 'Громакова Ирина Анатольевна', '', '7 (904) 3483274', '', '', '', 517645, '', NULL, 0, '0000-00-00', '0000-00-00', 1, 1, '2011-10-01'),
(193, 'Зеленков', 'Владислав', 'Сергеевич', '193Зеленков', 'a41bc101', '0000-00-00', '', '', 'Зеленкова Елена Петровна', '', '7 (951) 5211761', '', '', '', 203024, '', NULL, 0, '0000-00-00', '0000-00-00', 1, 1, '2011-10-01'),
(194, 'Златов', 'Анатолий', 'Романович', '194Златов', '2196d888', '0000-00-00', '', '', 'Златова Оксана Александровна', '', '7 (952) 6075324', '', '', '', 657775, '', NULL, 0, '0000-00-00', '0000-00-00', 1, 1, '2011-10-01'),
(195, 'Карчагин', 'Вадим', 'Сергеевич', '195Карчагин', '267bce4e', '0000-00-00', '', '', 'Карчагина Анна Александровна', '', '7 (904) 3481132', '', '', '', 205386, '', NULL, 0, '0000-00-00', '0000-00-00', 1, 1, '2011-10-01'),
(196, 'Коноваленко', 'Ольга', 'Алексеевна', '196Коноваленко', 'c9b0be5a', '0000-00-00', '', '', 'Коноваленко Лариса Александровна', '', '7 (951) 5206127', '', '', '', 380865, '', NULL, 0, '0000-00-00', '0000-00-00', 1, 1, '2011-10-01'),
(197, 'Кострова', 'Анастасия', 'Дмитриевна', '197Кострова', 'fd654f16', '0000-00-00', '', '', 'Кострова Евгения Александровна', '', '7 (908) 5110722', '', '', '', 875277, '', NULL, 0, '0000-00-00', '0000-00-00', 1, 1, '2011-10-01'),
(198, 'Крюкова', 'Екатерина', 'Алексеевна', '198Крюкова', '89d92276', '0000-00-00', '', '', 'Алёшина Марина Андреевна', '', '7 (904) 3475287', '', '', '', 189648, '', NULL, 0, '0000-00-00', '0000-00-00', 1, 1, '2011-10-01'),
(199, 'Мамедов', 'Абузар', 'Мамед оглы', '199Мамедов', '5df73568', '0000-00-00', '', '', 'Мамедов Мамед Абузар оглы', '', '7 (908) 5161283', '', '', '', 310745, '', NULL, 0, '0000-00-00', '0000-00-00', 1, 1, '2011-10-01'),
(200, 'Мароховец', 'Роман', 'Максимович', '200Мароховец', '069d509c', '0000-00-00', '', '', 'Мароховец Инна Алексеевна', '', '7 (904) 4472563', '', '', '', 671234, '', NULL, 0, '0000-00-00', '0000-00-00', 1, 1, '2011-10-01'),
(201, 'Мисиченко', 'Даниил', 'Александрович', '201Мисиченко', 'e444e37f', '0000-00-00', '', '', 'Мисиченко Елена Анатольевна', '', '7 (951) 8251516', '', '', '', 406710, '', NULL, 0, '0000-00-00', '0000-00-00', 1, 1, '2011-10-01'),
(202, 'Мисиченко', 'Никита', 'Александрович', '202Мисиченко', '67be52e9', '0000-00-00', '', '', 'Мисиченко Елена Анатольевна', '', '7 (951) 8251516', '', '', '', 472106, '', NULL, 0, '0000-00-00', '0000-00-00', 1, 1, '2011-10-01'),
(203, 'Пасовец', 'Анастасия', 'Сергеевна', '203Пасовец', 'ea7f736b', '0000-00-00', '', '', 'Пасовец Светлана Эдуардовна', '', '7 (951) 5017578', '', '', '', 329971, '', NULL, 0, '0000-00-00', '0000-00-00', 1, 1, '2011-10-01'),
(204, 'Побережняя', 'Юлия', 'Юрьевна', '204Побережняя', '8e932338', '0000-00-00', '', '', 'Побережняя Наталья Алексеевна', '', '7 (951) 8209084', '', '', '', 573126, '', NULL, 0, '0000-00-00', '0000-00-00', 1, 1, '2011-10-01'),
(205, 'Савинцев', 'Антон', 'Юрьевич', '205Савинцев', 'f5e31701', '0000-00-00', '', '', 'Савинцева Наталья Ивановна', '', '7 (904) 5088536', '', '', '', 794198, '', NULL, 0, '0000-00-00', '0000-00-00', 1, 1, '2011-10-01'),
(206, 'Слюсарева', 'Эллина', 'Сергеевна', '206Слюсарева', 'c6d272a9', '0000-00-00', '', '', 'Слюсарева Елена Михайловна', '', '7 (950) 8604837', '', '', '', 464526, '', NULL, 0, '0000-00-00', '0000-00-00', 1, 1, '2011-10-01'),
(207, 'Сухин', 'Эмиль', 'Ямарович', '207Сухин', '37cab8d0', '0000-00-00', '', '', 'Сухина Юлия Владимировна', '', '7 (904) 5081669', '', '', '', 234939, '', NULL, 0, '0000-00-00', '0000-00-00', 1, 1, '2011-10-01'),
(208, 'Уразовская', 'Ирина', 'Юрьевна', '208Уразовская', '5fb84a1d', '0000-00-00', '', '', 'Уразовская Юлия Алексеевна', '', '7 (952) 5711210', '', '', '', 620916, '', NULL, 0, '0000-00-00', '0000-00-00', 1, 1, '2011-10-01'),
(209, 'Чурон', 'Анатолий', 'Георгиевич', '209Чурон', '8895b489', '0000-00-00', '', '', 'Чурон Руфина Борисовна', '', '7 (928) 1143638', '', '', '', 884616, '', NULL, 0, '0000-00-00', '0000-00-00', 1, 1, '2011-10-01'),
(210, 'Швачкина', 'Анна', 'Павловна', '210Швачкина', 'fb98a532', '0000-00-00', '', '', 'Швачкина Оксана Анатольевна', '', '7 (928) 7730484', '', '', '', 476281, '', NULL, 0, '0000-00-00', '0000-00-00', 1, 1, '2011-10-01'),
(211, 'Шмелькова', 'Александра', 'Анатольевна', '211Шмелькова', '3ba6a5c6', '0000-00-00', '', '', 'Шмелькова Оксана Александровна', '', '7 (951) 5314477', '', '', '', 447525, '', NULL, 0, '0000-00-00', '0000-00-00', 1, 1, '2011-10-01'),
(212, 'Юренко', 'Владислав', 'Васильевич', '212Юренко', '628d14f1', '0000-00-00', '', '', 'Чурон Руфина Борисовна', '', '7 (928) 1143638', '', '', '', 898980, '', NULL, 0, '0000-00-00', '0000-00-00', 1, 1, '2011-10-01'),
(213, 'Анохина', 'Галина', 'Алексеевна', '213Анохина', 'f80d5e38', '0000-00-00', '', '', 'Анохина Наталья Юрьевна', '', '7 (951) 5333408', '', '', '', 601800, '', NULL, 0, '0000-00-00', '0000-00-00', 1, 1, '2011-10-01'),
(214, 'Бедун', 'Роман', 'Игоревич', '214Бедун', '28bf3814', '0000-00-00', '', '', 'Бедун Оксана Юрьевна', '', '7 (951) 5329837', '', '', '', 488449, '', NULL, 0, '0000-00-00', '0000-00-00', 1, 1, '2011-10-01'),
(215, 'Блинов', 'Андрей', 'Сергеевич', '215Блинов', 'cbbe9065', '0000-00-00', '', '', 'Блинова Нталья Сергеевна', '', '7 (952) 5740290', '', '', '', 831579, '', NULL, 0, '0000-00-00', '0000-00-00', 1, 1, '2011-10-01'),
(216, 'Бурлачук', 'Данил', 'Валерьевич', '216Бурлачук', '26274082', '0000-00-00', '', '', 'Бурлачук Ирина Ивановна', '', '7 (908) 5064707', '', '', '', 362490, '', NULL, 0, '0000-00-00', '0000-00-00', 1, 1, '2011-10-01'),
(217, 'Бурлачук', 'Дарья', 'Валерьевна', '217Бурлачук', 'd194fd9b', '0000-00-00', '', '', 'Бурлачук Ирина Ивановна', '', '7 (908) 5064707', '', '', '', 967755, '', NULL, 0, '0000-00-00', '0000-00-00', 1, 1, '2011-10-01'),
(218, 'Врабие', 'Дмитрий', '', '218Врабие', '1e459f3b', '0000-00-00', '', '', 'Врабие  ', '', '', '', '', '', 158749, '', NULL, 0, '0000-00-00', '0000-00-00', 0, 1, '2011-10-01'),
(219, 'Давыденко', 'Кирилл', 'Сергеевич', '219Давыденко', 'e4ca01d3', '0000-00-00', '', '', 'Бондарь Инна Анатольевна', '', '7 (951) 8414363', '', '', '', 950561, '', NULL, 0, '0000-00-00', '0000-00-00', 1, 1, '2011-10-01'),
(220, 'Ефремов', 'Кирилл', 'Андреевич', '220Ефремов', 'c7f42376', '0000-00-00', '', '', 'Чудиенко Вера Борисовна', '', '7 (951) 8367299', '', '', '', 562771, '', NULL, 0, '0000-00-00', '0000-00-00', 1, 1, '2011-10-01'),
(221, 'Загрядская', 'Эллина', 'Олеговна', '221Загрядская', '583e5699', '0000-00-00', '', '', 'Загрядская Елена Ивановна', '', '7 (904) 3478764', '', '', '', 804608, '', NULL, 0, '0000-00-00', '0000-00-00', 1, 1, '2011-10-01'),
(222, 'Левизов', 'Артём', 'Геннадьевич', '222Левизов', '10808321', '0000-00-00', '', '', 'Царская Елена Алексеевна', '', '7 (950) 8522076', '', '', '', 656979, '', NULL, 0, '0000-00-00', '0000-00-00', 1, 1, '2011-10-01'),
(223, 'Мелехова', 'Ксения', 'Евгеньевна', '223Мелехова', '640301cd', '0000-00-00', '', '', 'Мелехова Надежда Юрьевна', '', '7 (952) 6062824', '', '', '', 413879, '', NULL, 0, '0000-00-00', '0000-00-00', 1, 1, '2011-10-01'),
(224, 'Побережная', 'Анастасия', 'Юрьевна', '224Побережная', '5a202c77', '0000-00-00', '', '', 'Побережняя Наталья Алексеевна', '', '7 (951) 8209084', '', '', '', 395669, '', NULL, 0, '0000-00-00', '0000-00-00', 1, 1, '2011-10-01'),
(225, 'Прусаков', 'Сергей', 'Алексеевич', '225Прусаков', '4447be58', '0000-00-00', '', '', 'Медведева Олеся Александровна', '', '7 (950) 8497808', '', '', '', 196734, '', NULL, 0, '0000-00-00', '0000-00-00', 1, 1, '2011-10-01'),
(226, 'Сердечникова', 'Анастасия', '', '226Сердечникова', '50ba277e', '0000-00-00', '', '', 'Сердечникова Екатерина Николаевна', '', '7 (908) 5132994', '', '', '', 380014, '', NULL, 0, '0000-00-00', '0000-00-00', 1, 1, '2011-10-01'),
(227, 'Стародубов', 'Сергей', 'Юрьевич', '227Стародубов', 'c17a899b', '0000-00-00', '', '', 'Стародубова Виктория Сергеевна', '', '7 (951) 5239296', '', '', '', 880908, '', NULL, 0, '0000-00-00', '0000-00-00', 1, 1, '2011-10-01'),
(228, 'Таловерова', 'Любовь', 'Андреевна', '228Таловерова', 'ecffab50', '0000-00-00', '', '', 'Таловерова Екатерина Владимировна', '', '7 (904) 3425174', '', '', '', 733059, '', NULL, 0, '0000-00-00', '0000-00-00', 1, 1, '2011-10-01'),
(229, 'Ткачев', 'Михаил', 'Сергеевич', '229Ткачев', '32856672', '0000-00-00', '', '', 'Ткачева Татьяна Борисовна', '', '7 (952) 5760991', '', '', '', 578509, '', NULL, 0, '0000-00-00', '0000-00-00', 1, 1, '2011-10-01'),
(230, 'Ткачев', 'Николай', 'Сергеевич', '230Ткачев', '9a7e99b1', '0000-00-00', '', '', 'Ткачева Татьяна Борисовна', '', '7 (952) 5760991', '', '', '', 874728, '', NULL, 0, '0000-00-00', '0000-00-00', 1, 1, '2011-10-01'),
(231, 'Финогенов', 'Дмитрий', 'Игоревич', '231Финогенов', '8549eabb', '0000-00-00', '', '', 'Финогенова Надежда Браниславовна', '', '7 (904) 4451357', '', '', '', 861022, '', NULL, 0, '0000-00-00', '0000-00-00', 1, 1, '2011-10-01'),
(232, 'Хитрин', 'Сергей', 'Владимирович', '232Хитрин', '718b0394', '0000-00-00', '', '', 'Хитрина Наталья Петровна', '', '7 (951) 5089357', '', '', '', 196817, '', NULL, 0, '0000-00-00', '0000-00-00', 1, 1, '2011-10-01'),
(233, 'Чернышев', 'Вадим', 'Андреевич', '233Чернышев', '1fb25b83', '0000-00-00', '', '', 'Чернышева Яна Александровна', '', '7 (951) 8359737', '', '', '', 234307, '', NULL, 0, '0000-00-00', '0000-00-00', 1, 1, '2011-10-01'),
(234, 'Яковишина', 'Алена', 'Александровна', '234Яковишина', '4fb36424', '0000-00-00', '', '', 'Джанобергенова Раиса Владимировна', '', '7 (950) 8534210', '', '', '', 537997, '', NULL, 0, '0000-00-00', '0000-00-00', 1, 1, '2011-10-01'),
(235, 'Акимов', 'Тимофей', 'Алексеевич', '235Акимов', '126a1346', '0000-00-00', '', '', 'Акимова Людмила Александровна', '', '7 (904) 4439298', '', '', '', 920513, '', NULL, 0, '0000-00-00', '0000-00-00', 1, 1, '2011-10-01'),
(236, 'Архипов', 'Дмитрий', 'Алексеевич', '236Архипов', '7a658eeb', '0000-00-00', '', '', 'Архипова Ольга Владимировна', '', '7 (908) 1820158', '', '', '', 296957, '', NULL, 0, '0000-00-00', '0000-00-00', 1, 1, '2011-10-01'),
(237, 'Ахов', 'Никита', 'Васильевич', '237Ахов', '0e5416ca', '0000-00-00', '', '', 'Ахова Татьяна Анатольевна', '', '7 (904) 5082369', '', '', '', 152734, '', NULL, 0, '0000-00-00', '0000-00-00', 1, 1, '2011-10-01'),
(238, 'Буценко', 'Наталья', 'Сергеевна', '238Буценко', 'd5b07677', '0000-00-00', '', '', 'Буценко Елена Вячеславовна', '', '7 (904) 3472521', '', '', '', 787112, '', NULL, 0, '0000-00-00', '0000-00-00', 1, 1, '2011-10-01'),
(239, 'Горбатова', 'Ксения', 'Валерьевна', '239Горбатова', 'a9b8386f', '0000-00-00', '', '', 'Горбатова Оксана Васильевна', '', '7 (908) 1736795', '', '', '', 395257, '', NULL, 0, '0000-00-00', '0000-00-00', 1, 1, '2011-10-01'),
(240, 'Закатченко', 'Дмитрий', 'Сергеевич', '240Закатченко', 'f5c4537e', '0000-00-00', '', '', 'Закатченко Елена Евгеньевна', '', '7 (908) 1729042', '', '', '', 925265, '', NULL, 0, '0000-00-00', '0000-00-00', 1, 1, '2011-10-01'),
(241, 'Зеленская', 'Дарья', 'Федоровна', '241Зеленская', 'b8a8afa8', '0000-00-00', '', '', 'Зеленская Лариса Владимировна', '', '7 (918) 5467333', '', '', '', 294567, '', NULL, 0, '0000-00-00', '0000-00-00', 1, 1, '2011-10-01'),
(242, 'Канунникова', 'Елена', 'Дмитриевна', '242Канунникова', '7881e1ee', '0000-00-00', '', '', 'Канунникова Наталья Викторовна', '', '7 (951) 5211051', '', '', '', 778213, '', NULL, 0, '0000-00-00', '0000-00-00', 1, 1, '2011-10-01'),
(243, 'Козменко', 'Кирилл', 'Андреевич', '243Козменко', 'c577f410', '0000-00-00', '', '', 'Козменко Елена Геннадьевна', '', '7 (904) 3435309', '', '', '', 831524, '', NULL, 0, '0000-00-00', '0000-00-00', 1, 1, '2011-10-01'),
(244, 'Котова', 'Виктория', 'Юрьевна', '244Котова', '06328980', '0000-00-00', '', '', 'Котова Оксана Александровна', '', '7 (908) 1927115', '', '', '', 159628, '', NULL, 0, '0000-00-00', '0000-00-00', 1, 1, '2011-10-01'),
(245, 'Латанская', 'Анна', 'Михайловна', '245Латанская', '26ffc349', '0000-00-00', '', '', 'Латанская Виктория Борисовна', '', '7 (950) 8440752', '', '', '', 596362, '', NULL, 0, '0000-00-00', '0000-00-00', 1, 1, '2011-10-01'),
(246, 'Лисовская', 'Анастасия', 'Викторовна', '246Лисовская', '57c39b23', '0000-00-00', '', '', 'Лисовская Татьяна Ивановна', '', '7 (950) 8696537', '', '', '', 205056, '', NULL, 0, '0000-00-00', '0000-00-00', 1, 1, '2011-10-01'),
(247, 'Палий', 'Инна', 'Романовна', '247Палий', '3a9ec92e', '0000-00-00', '', '', 'Палий Инна Романовна', '', '7 (908) 1927712', '', '', '', 963690, '', NULL, 0, '0000-00-00', '0000-00-00', 1, 1, '2011-10-01'),
(248, 'Переходов', 'Павел', 'Александрович', '248Переходов', '43be2b95', '0000-00-00', '', '', 'Просянова Елена Евгеньевна', '', '7 (904) 3481762', '', '', '', 446920, '', NULL, 0, '0000-00-00', '0000-00-00', 1, 1, '2011-10-01'),
(249, 'Пильчук', 'Анна', 'Юрьевна', '249Пильчук', 'faa1c7f4', '0000-00-00', '', '', 'Пильчук Лариса Васильевна', '', '7 (904) 3473093', '', '', '', 467492, '', NULL, 0, '0000-00-00', '0000-00-00', 1, 1, '2011-10-01'),
(250, 'Резников', 'Станислав', 'Алексеевич', '250Резников', 'afcad233', '0000-00-00', '', '', 'Резникова Ольга Владимировна', '', '7 (918) 8540324', '', '', '', 389517, '', NULL, 0, '0000-00-00', '0000-00-00', 1, 1, '2011-10-01'),
(251, 'Семенова', 'Юлия', 'Владимировна', '251Семенова', '5c8b300a', '0000-00-00', '', '', 'Семенова Надежда Николаевна', '', '7 (908) 5039941', '', '', '', 876129, '', NULL, 0, '0000-00-00', '0000-00-00', 1, 1, '2011-10-01'),
(252, 'Симоненко', 'Максим', '', '252Симоненко', 'cebf4ae2', '0000-00-00', '', '', 'Симоненко  ', '', '', '', '', '', 184017, '', NULL, 0, '0000-00-00', '0000-00-00', 0, 1, '2011-10-01'),
(253, 'Томилин', 'Андрей', 'Сергеевич', '253Томилин', 'b83c4d47', '0000-00-00', '', '', 'Томилина Наталья Валентиновна', '', '7 (906) 4259660', '', '', '', 667333, '', NULL, 0, '0000-00-00', '0000-00-00', 1, 1, '2011-10-01'),
(254, 'Чекановкин', 'Андрей', 'Евгеньевич', '254Чекановкин', 'dbbe5bf5', '0000-00-00', '', '', 'Чекановкина Ирина Ивановна', '', '7 (950) 8647217', '', '', '', 403469, '', NULL, 0, '0000-00-00', '0000-00-00', 1, 1, '2011-10-01'),
(255, 'Чернова', 'Нина', 'Михайловна', '255Чернова', 'bab1b392', '0000-00-00', '', '', 'Чернова Марина Борисовна', '', '7 (951) 5155879', '', '', '', 203216, '', NULL, 0, '0000-00-00', '0000-00-00', 1, 1, '2011-10-01'),
(256, 'Шрамко', 'Роман', 'Алексеевич', '256Шрамко', '9f34b71d', '0000-00-00', '', '', 'Шрамко Лилия Николаевна', '', '7 (951) 4926285', '', '', '', 917794, '', NULL, 0, '0000-00-00', '0000-00-00', 1, 1, '2011-10-01'),
(257, 'Шуляк', 'Роман', 'Михайлович', '257Шуляк', '9c4423ee', '0000-00-00', '', '', 'Шуляк Татьяна Ивановна', '', '7 (950) 8667391', '', '', '', 605261, '', NULL, 0, '0000-00-00', '0000-00-00', 1, 1, '2011-10-01'),
(258, 'Ященко', 'Екатерина', 'Алексеевна', '258Ященко', '65ba7603', '0000-00-00', '', '', 'Ященко Елена Леонидовна', '', '7 (904) 3483099', '', '', '', 668789, '', NULL, 0, '0000-00-00', '0000-00-00', 1, 1, '2011-10-01'),
(259, 'Байрамов', 'Керим', 'Шукюрович', '259Байрамов', '53d04045', '0000-00-00', '', '', 'Лисунова Любовь Федоровна', '', '7 (908) 1931661', '', '', '', 454061, '', NULL, 0, '0000-00-00', '0000-00-00', 1, 1, '2011-10-01'),
(260, 'Беляков', 'Дмитрий', 'Игоревич', '260Беляков', '203aa6ce', '0000-00-00', '', '', 'Белякова Галина Николаевна', '', '7 (950) 8684659', '', '', '', 739624, '', NULL, 0, '0000-00-00', '0000-00-00', 1, 1, '2011-10-01'),
(261, 'Бричикова', 'Виктория', 'Игоревна', '261Бричикова', '92170f08', '0000-00-00', '', '', 'Бричикова Светлана Николаевна', '', '7 (919) 8974867', '', '', '', 970584, '', NULL, 0, '0000-00-00', '0000-00-00', 1, 1, '2011-10-01'),
(262, 'Будяков', 'Виталий', 'Сергеевич', '262Будяков', 'd30d2194', '0000-00-00', '', '', 'Грачева Светлана Георгиевна', '', '7 (908) 5002815', '', '', '', 256170, '', NULL, 0, '0000-00-00', '0000-00-00', 1, 1, '2011-10-01'),
(263, 'Головко', 'Александр', 'Алексеевич', '263Головко', '026667d9', '0000-00-00', '', '', 'Головко Галина Михайловна', '', '7 (904) 5090042', '', '', '', 277291, '', NULL, 0, '0000-00-00', '0000-00-00', 1, 1, '2011-10-01'),
(264, 'Дробот', 'Дарья', 'Вадимовна', '264Дробот', '5e581ab7', '0000-00-00', '', '', 'Дробот Татьяна Борисовна', '', '7 (950) 8521846', '', '', '', 427941, '', NULL, 0, '0000-00-00', '0000-00-00', 1, 1, '2011-10-01'),
(265, 'Езута', 'Татьяна', 'Васильевна', '265Езута', '5c3a9157', '0000-00-00', '', '', 'Езута Наталья Владимировна', '', '7 (951) 5014675', '', '', '', 128482, '', NULL, 0, '0000-00-00', '0000-00-00', 1, 1, '2011-10-01'),
(266, 'Ермолов', 'Александр', 'Александрович', '266Ермолов', 'ccfb1143', '0000-00-00', '', '', 'Ермолова Ирина Михайловна', '', '7 (908) 5082909', '', '', '', 773297, '', NULL, 0, '0000-00-00', '0000-00-00', 1, 1, '2011-10-01'),
(267, 'Забильский', 'Евгений', 'Максимович', '267Забильский', '48399c41', '0000-00-00', '', '', 'Забильская Ольга Федоровна', '', '7 (908) 5148720', '', '', '', 225326, '', NULL, 0, '0000-00-00', '0000-00-00', 1, 1, '2011-10-01'),
(268, 'Ильенко', 'Нина', 'Александровна', '268Ильенко', '118da426', '0000-00-00', '', '', 'Ильенко Ирина Александровна', '', '7 (950) 8546421', '', '', '', 219970, '', NULL, 0, '0000-00-00', '0000-00-00', 1, 1, '2011-10-01'),
(269, 'Калугин', 'Виталий', 'Андреевич', '269Калугин', '2f4bf2b4', '0000-00-00', '', '', 'Калугина Наталья Леонидовна', '', '7 (905) 4561170', '', '', '', 690872, '', NULL, 0, '0000-00-00', '0000-00-00', 1, 1, '2011-10-01'),
(270, 'Качаловская', 'Яна', 'Владимировна', '270Качаловская', 'efe98f8c', '0000-00-00', '', '', 'Ткачук Оксана Сергеевна', '', '7 (905) 4585301', '', '', '', 480072, '', NULL, 0, '0000-00-00', '0000-00-00', 1, 1, '2011-10-01'),
(271, 'Кислякова', 'Виталия', 'Витальевна', '271Кислякова', 'aee4baa2', '0000-00-00', '', '', 'Обухова Екатерина Вениаминовна', '', '7 (904) 5081430', '', '', '', 945040, '', NULL, 0, '0000-00-00', '0000-00-00', 1, 1, '2011-10-01'),
(272, 'Мустофаев', 'Теймур', 'Ибадович', '272Мустофаев', '5025c100', '0000-00-00', '', '', 'Шикина Наталья Михайловна', '', '7 (904) 3482472', '', '', '', 425085, '', NULL, 0, '0000-00-00', '0000-00-00', 1, 1, '2011-10-01'),
(273, 'Нагорный', 'Николай', 'Васильевич', '273Нагорный', '4d556134', '0000-00-00', '', '', 'Нагорная Ольга Анатольевна', '', '7 (904) 5053523', '', '', '', 379629, '', NULL, 0, '0000-00-00', '0000-00-00', 1, 1, '2011-10-01'),
(274, 'Некрасова', 'Анастасия', 'Николаевна', '274Некрасова', '6cf22ada', '0000-00-00', '', '', 'Некрасова Елена Александровна', '', '7 (928) 1820553', '', '', '', 360870, '', NULL, 0, '0000-00-00', '0000-00-00', 1, 1, '2011-10-01'),
(275, 'Нестеренко', 'Евгения', 'Сергеевна', '275Нестеренко', 'ff8e3dda', '0000-00-00', '', '', 'Нестеренко Екатерина Сергеевна', '', '7 (904) 4429682', '', '', '', 833309, '', NULL, 0, '0000-00-00', '0000-00-00', 1, 1, '2011-10-01'),
(276, 'Реук', 'Максим', 'Владимирович', '276Реук', '41eac8e4', '0000-00-00', '', '', 'Реук Елена Васильевна', '', '7 (951) 5185361', '', '', '', 902661, '', NULL, 0, '0000-00-00', '0000-00-00', 1, 1, '2011-10-01'),
(277, 'Трубкина', 'Дарья', 'Александровна', '277Трубкина', '03076e0a', '0000-00-00', '', '', 'Ворошилина Людмила Анатольевна', '', '7 (919) 8810939', '', '', '', 966629, '', NULL, 0, '0000-00-00', '0000-00-00', 1, 1, '2011-10-01'),
(278, 'Усенко', 'Анастасия', 'Сергеевна', '278Усенко', '162a4009', '0000-00-00', '', '', 'Усенко Ольга Вячеславовна', '', '7 (904) 5083110', '', '', '', 950067, '', NULL, 0, '0000-00-00', '0000-00-00', 1, 1, '2011-10-01'),
(279, 'Фатеев', 'Иван', 'Валерьевич', '279Фатеев', 'cc79ee98', '0000-00-00', '', '', 'Фатеева Наталья Ивановна', '', '7 (904) 3476299', '', '', '', 537008, '', NULL, 0, '0000-00-00', '0000-00-00', 1, 1, '2011-10-01'),
(280, 'Ширяева', 'Анастасия', 'Андреевна', '280Ширяева', 'e2f371a2', '0000-00-00', '', '', 'Ширяева Анна Александровна', '', '7 (904) 3473112', '', '', '', 162072, '', NULL, 0, '0000-00-00', '0000-00-00', 1, 1, '2011-10-01'),
(281, 'Шуляк', 'Кристина', 'Андреевна', '281Шуляк', '9a6de0db', '0000-00-00', '', '', 'Шуляк Татьяна Сергеевна', '', '7 (952) 5763613', '', '', '', 173745, '', NULL, 0, '0000-00-00', '0000-00-00', 1, 1, '2011-10-01'),
(282, 'Якушева', 'Елизавета', 'Викторовна', '282Якушева', '2188a19d', '0000-00-00', '', '', 'Якушева Галина Ивановна', '', '7 (952) 5761061', '', '', '', 532037, '', NULL, 0, '0000-00-00', '0000-00-00', 1, 1, '2011-10-01'),
(283, 'Андронова', 'Анна', 'Сергеевна', '283Андронова', 'fdadf5e3', '0000-00-00', '', '', 'Рыжова Марина Сергеевна', '', '7 (951) 8398651', '', '', '', 838116, '', NULL, 0, '0000-00-00', '0000-00-00', 1, 1, '2011-10-01'),
(284, 'Бородин', 'Даниил', 'Александрович', '284Бородин', 'c70b5bca', '0000-00-00', '', '', 'Бородин Александр Геннадьевич', '', '7 (908) 1985068', '', '', '', 203134, '', NULL, 0, '0000-00-00', '0000-00-00', 1, 1, '2011-10-01'),
(285, 'Веселовский', 'Георгий', 'Владимирович', '285Веселовский', 'bf87374a', '0000-00-00', '', '', 'Лошневская Татьяна Леонидовна', '', '7 (928) 7624107', '', '', '', 163500, '', NULL, 0, '0000-00-00', '0000-00-00', 1, 1, '2011-10-01'),
(286, 'Давыденко', 'Александр', 'Сергеевич', '286Давыденко', 'ede3d9c2', '0000-00-00', '', '', 'Макеева Виктория Владимировна', '', '7 (951) 5249921', '', '', '', 948171, '', NULL, 0, '0000-00-00', '0000-00-00', 1, 1, '2011-10-01'),
(287, 'Донцова', 'Валерия', 'Михайловна', '287Донцова', '9d8e36b1', '0000-00-00', '', '', 'Донцова Анна Александровна', '', '7 (952) 6062761', '', '', '', 288250, '', NULL, 0, '0000-00-00', '0000-00-00', 1, 1, '2011-10-01'),
(288, 'Захаров', 'Давид', 'Александрович', '288Захаров', 'c0fec78e', '0000-00-00', '', '', 'Захарова Татьяна Федоровна', '', '7 (908) 5017704', '', '', '', 849020, '', NULL, 0, '0000-00-00', '0000-00-00', 1, 1, '2011-10-01'),
(289, 'Зуев', 'Олег', 'Юрьевич', '289Зуев', '0c8dc521', '0000-00-00', '', '', 'Зуев Юрий Анатольевич', '', '7 (928) 1413431', '', '', '', 421350, '', NULL, 0, '0000-00-00', '0000-00-00', 1, 1, '2011-10-01'),
(290, 'Кузнецова', 'Елизавета', 'Андреевна', '290Кузнецова', '2ca423f7', '0000-00-00', '', '', 'Кузнецова Елена Анатольевна', '', '7 (951) 8369440', '', '', '', 984976, '', NULL, 0, '0000-00-00', '0000-00-00', 1, 1, '2011-10-01'),
(291, 'Курьянов', 'Денис', '', '291Курьянов', 'aaec8d3c', '0000-00-00', '', '', 'Курьянов Василий Борисович', '', '7 (950) 8520852', '', '', '', 306158, '', NULL, 0, '0000-00-00', '0000-00-00', 1, 1, '2011-10-01'),
(292, 'Любимов', 'Максим', 'Валерьевич', '292Любимов', '435f983c', '0000-00-00', '', '', 'Любимова Татьяна Ивановна', '', '7 (950) 8496577', '', '', '', 382211, '', NULL, 0, '0000-00-00', '0000-00-00', 1, 1, '2011-10-01'),
(293, 'Николаев', 'Илья', 'Николаевич', '293Николаев', 'b04bcd49', '0000-00-00', '', '', 'Николаева Ольга Николаевна', '', '7 (918) 5390932', '', '', '', 895410, '', NULL, 0, '0000-00-00', '0000-00-00', 1, 1, '2011-10-01'),
(294, 'Орищенко', 'Анастасия', 'Дмитриевна', '294Орищенко', '9107eee6', '0000-00-00', '', '', 'Мухонова Татьяна Сергеевна', '', '7 (904) 3412330', '', '', '', 288772, '', NULL, 0, '0000-00-00', '0000-00-00', 1, 1, '2011-10-01'),
(295, 'Слюнько', 'Дарья', 'Витальевна', '295Слюнько', '8e06033d', '0000-00-00', '', '', 'Слюнько Виктория Геннадьевна', '', '7 (904) 3482119', '', '', '', 526214, '', NULL, 0, '0000-00-00', '0000-00-00', 1, 1, '2011-10-01'),
(296, 'Соколенко', 'Татьяна', 'Алексеевна', '296Соколенко', 'b16ce21a', '0000-00-00', '', '', 'Соколенко  ', '', '', '', '', '', 349581, '', NULL, 0, '0000-00-00', '0000-00-00', 0, 1, '2011-10-01'),
(297, 'Сотников', 'Алексей', 'Дмитриевич', '297Сотников', '9effc23b', '0000-00-00', '', '', 'Сотникова Екатерина Владимировна', '', '7 (908) 1739416', '', '', '', 995056, '', NULL, 0, '0000-00-00', '0000-00-00', 1, 1, '2011-10-01'),
(298, 'Хохрина', 'Светлана', 'Александровна', '298Хохрина', '63a4c3c2', '0000-00-00', '', '', 'Хохрина Елена Николаевна', '', '7 (904) 3482221', '', '', '', 181436, '', NULL, 0, '0000-00-00', '0000-00-00', 1, 1, '2011-10-01'),
(299, 'Андриевская', 'Эльвира', 'Артуровна', '299Андриевская', '47819cdd', '0000-00-00', '', '', 'Андриевская Виктория Петровна', '', '7 (908) 5012560', '', '', '', 875057, '', NULL, 0, '0000-00-00', '0000-00-00', 1, 1, '2011-10-01'),
(300, 'Давыдов', 'Вадим', 'Андреевич', '300Давыдов', '8bd2ce5b', '0000-00-00', '', '', 'Давыдова Ирина Викторовна', '', '7 (908) 1891508', '', '', '', 278198, '', NULL, 0, '0000-00-00', '0000-00-00', 1, 1, '2011-10-01'),
(301, 'Кашин', 'Денис', 'Александрович', '301Кашин', '8fb43e5e', '0000-00-00', '', '', 'Кашина Марина Ивановна', '', '7 (950) 8583276', '', '', '', 625173, '', NULL, 0, '0000-00-00', '0000-00-00', 1, 1, '2011-10-01'),
(302, 'Крамаров', 'Михаил', 'Александрович', '302Крамаров', '1cccbed0', '0000-00-00', '', '', 'Крамарова Татьяна Александровна', '', '7 (951) 8377487', '', '', '', 856463, '', NULL, 0, '0000-00-00', '0000-00-00', 1, 1, '2011-10-01'),
(303, 'Лобанова', 'Олеся', 'Алексеевна', '303Лобанова', '7cc833c4', '0000-00-00', '', '', 'Лобанова Светлана Викторовна', '', '7 (908) 1864311', '', '', '', 459225, '', NULL, 0, '0000-00-00', '0000-00-00', 1, 1, '2011-10-01'),
(304, 'Лысоконь', 'Анастасия', 'Алексеевна', '304Лысоконь', '91b9c7e3', '0000-00-00', '', '', 'Лысоконь Оксана Николаевна', '', '7 (904) 3412974', '', '', '', 908703, '', NULL, 0, '0000-00-00', '0000-00-00', 1, 1, '2011-10-01'),
(305, 'Макаренко', 'Алина', 'Александровна', '305Макаренко', '11e3903b', '0000-00-00', '', '', 'Макаренко Татьяна Ивановна', '', '7 (951) 8301480', '', '', '', 781509, '', NULL, 0, '0000-00-00', '0000-00-00', 1, 1, '2011-10-01'),
(306, 'Манякина', 'Александра', 'Васильевна', '306Манякина', '57228398', '0000-00-00', '', '', 'Манякин Василий Анатольевич', '', '7 (950) 8672584', '', '', '', 403277, '', NULL, 0, '0000-00-00', '0000-00-00', 1, 1, '2011-10-01'),
(307, 'Минаева', 'Маргарита', 'Сергеевна', '307Минаева', 'd2750358', '0000-00-00', '', '', 'Минаева Ольга Петровна', '', '7 (951) 5250626', '', '', '', 843197, '', NULL, 0, '0000-00-00', '0000-00-00', 1, 1, '2011-10-01'),
(308, 'Мишин', 'Даниил', 'Сергеевич', '308Мишин', 'cfe69d72', '0000-00-00', '', '', 'Брагина Наталья Николаевна', '', '7 (951) 5235497', '', '', '', 517919, '', NULL, 0, '0000-00-00', '0000-00-00', 1, 1, '2011-10-01'),
(309, 'Панасович', 'Максим', 'Алексеевич', '309Панасович', 'de91eaa8', '0000-00-00', '', '', 'Панасович Татьяна Александровна', '', '7 (918) 5961065', '', '', '', 317337, '', NULL, 0, '0000-00-00', '0000-00-00', 1, 1, '2011-10-01'),
(310, 'Пешкова', 'Дарья', 'Сергеевна', '310Пешкова', '032f3b6e', '0000-00-00', '', '', 'Пешкова Ольга Васильевна', '', '7 (928) 6106656', '', '', '', 714739, '', NULL, 0, '0000-00-00', '0000-00-00', 1, 1, '2011-10-01'),
(311, 'Пивненко', 'Алексей', 'Алексеевич', '311Пивненко', 'c60fa45e', '0000-00-00', '', '', 'Пивненко Марина Вячеславовна', '', '7 (904) 5088189', '', '', '', 873849, '', NULL, 0, '0000-00-00', '0000-00-00', 1, 1, '2011-10-01'),
(312, 'Пшеничнов', 'Денис', 'Андреевич', '312Пшеничнов', 'b781332d', '0000-00-00', '', '', 'Пшеничнов Андрей Викторович', '', '7 (908) 1999125', '', '', '', 315222, '', NULL, 0, '0000-00-00', '0000-00-00', 1, 1, '2011-10-01'),
(313, 'Реук', 'Анна', 'Владимировна', '313Реук', 'e3e83ed3', '0000-00-00', '', '', 'Реук Елена Васильевна', '', '7 (951) 5185361', '', '', '', 554531, '', NULL, 0, '0000-00-00', '0000-00-00', 1, 1, '2011-10-01'),
(314, 'Самойленко', 'Руслан', 'Александрович', '314Самойленко', 'c072f09e', '0000-00-00', '', '', 'Самойленко Галина Петровна', '', '7 (908) 1908046', '', '', '', 975225, '', NULL, 0, '0000-00-00', '0000-00-00', 1, 1, '2011-10-01'),
(315, 'Стадников', 'Александр', 'Александрович', '315Стадников', 'b0336e68', '0000-00-00', '', '', 'Стадникова Наталья Владимировна', '', '7 (905) 4559696', '', '', '', 748056, '', NULL, 0, '0000-00-00', '0000-00-00', 1, 1, '2011-10-01'),
(316, 'Стаценко', 'Андрей', 'Андреевич', '316Стаценко', 'e32ed639', '0000-00-00', '', '', 'Стаценко Наталья Николаевна', '', '7 (951) 5025602', '', '', '', 159985, '', NULL, 0, '0000-00-00', '0000-00-00', 1, 1, '2011-10-01'),
(317, 'Стерлядников', 'Сергей', 'Александрович', '317Стерлядников', '086c7320', '0000-00-00', '', '', 'Стерлядников Александр Викторович', '', '7 (928) 1056223', '', '', '', 564968, '', NULL, 0, '0000-00-00', '0000-00-00', 1, 1, '2011-10-01'),
(318, 'Ханова', 'Кристина', 'Григорьевна', '318Ханова', '7719e053', '0000-00-00', '', '', 'Максимова Марина Николаевна', '', '7 (908) 1966214', '', '', '', 819110, '', NULL, 0, '0000-00-00', '0000-00-00', 1, 1, '2011-10-01'),
(319, 'Беляков', 'Егор', 'Вячеславович', '319Беляков', '66cfc1d0', '0000-00-00', '', '', 'Мельникова Тамара Геннадьевна', '', '7 (908) 1864323', '', '', '', 766815, '', NULL, 0, '0000-00-00', '0000-00-00', 1, 1, '2011-10-01'),
(320, 'Бескостин', 'Валерий', 'Евгеньевич', '320Бескостин', '3bf6c73d', '0000-00-00', '', '', 'Бескостина Любовь Леонидовна', '', '7 (951) 4990886', '', '', '', 587545, '', NULL, 0, '0000-00-00', '0000-00-00', 1, 1, '2011-10-01'),
(321, 'Борисова', 'Елена', 'Владимировна', '321Борисова', 'f8589960', '0000-00-00', '', '', 'Борисова Надежда Анатольевна', '', '7 (908) 5178269', '', '', '', 495617, '', NULL, 0, '0000-00-00', '0000-00-00', 1, 1, '2011-10-01'),
(322, 'Волчков', 'Александр', 'Евгеньевич', '322Волчков', '306475ea', '0000-00-00', '', '', 'Самохина Елена Анатольевна', '', '7 (904) 3482590', '', '', '', 755142, '', NULL, 0, '0000-00-00', '0000-00-00', 1, 1, '2011-10-01'),
(323, 'Зайцева', 'Анастасия', 'Константиновна', '323Зайцева', '09f8f26a', '0000-00-00', '', '', 'Зайцева Ирина Владимировна', '', '7 (908) 1804845', '', '', '', 229254, '', NULL, 0, '0000-00-00', '0000-00-00', 1, 1, '2011-10-01'),
(324, 'Зенов', 'Александр', 'Сергеевич', '324Зенов', 'c74f1b3c', '0000-00-00', '', '', 'Зенова Лариса Владимировна', '', '7 (951) 8491564', '', '', '', 774642, '', NULL, 0, '0000-00-00', '0000-00-00', 1, 1, '2011-10-01'),
(325, 'Зимин', 'Данил', 'Константинович', '325Зимин', '88e34adb', '0000-00-00', '', '', 'Зимина Любовь Владимировна', '', '7 (918) 5136437', '', '', '', 245458, '', NULL, 0, '0000-00-00', '0000-00-00', 1, 1, '2011-10-01'),
(326, 'Кулева', 'Светлана', 'Васильевна', '326Кулева', '2ded48b5', '0000-00-00', '', '', 'Щеголева Ирина Вячеславовна', '', '7 (951) 5296657', '', '', '', 319094, '', NULL, 0, '0000-00-00', '0000-00-00', 1, 1, '2011-10-01'),
(327, 'Ломакина', 'Арина', 'Игоревна', '327Ломакина', 'a3f3091f', '0000-00-00', '', '', 'Ломакина Валентина Петровна', '', '7 (951) 5330790', '', '', '', 906341, '', NULL, 0, '0000-00-00', '0000-00-00', 1, 1, '2011-10-01'),
(328, 'Мамаева', 'Татьяна', 'Витальевна', '328Мамаева', '59379f07', '0000-00-00', '', '', 'Мамаева Оксана Николаевна', '', '7 (951) 8421968', '', '', '', 158419, '', NULL, 0, '0000-00-00', '0000-00-00', 1, 1, '2011-10-01'),
(329, 'Мамедов', 'Хайям', 'Мамед оглы', '329Мамедов', '895fabe6', '0000-00-00', '', '', 'Мамедова Светлана Мамедовна', '', '7 (950) 8521862', '', '', '', 633386, '', NULL, 0, '0000-00-00', '0000-00-00', 1, 1, '2011-10-01'),
(330, 'Михайленко', 'Андрей', 'Олегович', '330Михайленко', '0602f4e2', '0000-00-00', '', '', 'Литовкина Оксана Анатольевна', '', '7 (951) 5008398', '', '', '', 134414, '', NULL, 0, '0000-00-00', '0000-00-00', 1, 1, '2011-10-01'),
(331, 'Олексюк', 'Олеся', 'Игоревна', '331Олексюк', 'f8d267fc', '0000-00-00', '', '', 'Кабанова Ирина Витальевна', '', '7 (904) 5017935', '', '', '', 182452, '', NULL, 0, '0000-00-00', '0000-00-00', 1, 1, '2011-10-01'),
(332, 'Подкосов', 'Алексей', 'Александрович', '332Подкосов', 'a0499b2c', '0000-00-00', '', '', 'Подкосова Наталья Владимировна', '', '7 (908) 1728689', '', '', '', 735751, '', NULL, 0, '0000-00-00', '0000-00-00', 1, 1, '2011-10-01'),
(333, 'Ромащенко', 'Валерий', 'Валерьевич', '333Ромащенко', 'c781dcb9', '0000-00-00', '', '', 'Ромащенко Светлана Борисовна', '', '7 (951) 4994526', '', '', '', 618774, '', NULL, 0, '0000-00-00', '0000-00-00', 1, 1, '2011-10-01'),
(334, 'Саенков', 'Артем', 'Евгеньевич', '334Саенков', 'c32e7a85', '0000-00-00', '', '', 'Маркина Людмила Валерьевна', '', '7 (951) 5184720', '', '', '', 172976, '', NULL, 0, '0000-00-00', '0000-00-00', 1, 1, '2011-10-01'),
(335, 'Ситникова', 'Алина', 'Юрьевна', '335Ситникова', 'abe3c2eb', '0000-00-00', '', '', 'Ситникова Татьяна Николаевна', '', '7 (928) 7766209', '', '', '', 391961, '', NULL, 0, '0000-00-00', '0000-00-00', 1, 1, '2011-10-01'),
(336, 'Суханов', 'Алексей', 'Сергеевич', '336Суханов', 'c54f669d', '0000-00-00', '', '', 'Суханова Ольга Васильевна', '', '7 (951) 5361025', '', '', '', 453512, '', NULL, 0, '0000-00-00', '0000-00-00', 1, 1, '2011-10-01'),
(337, 'Федоров', 'Святослав', 'Леонидович', '337Федоров', 'b832c36d', '0000-00-00', '', '', 'Федорова Татьяна Алексеевна', '', '7 (950) 8473512', '', '', '', 510998, '', NULL, 0, '0000-00-00', '0000-00-00', 1, 1, '2011-10-01'),
(338, 'Царевская', 'Виктория', 'Александровна', '338Царевская', '7c597cef', '0000-00-00', '', '', 'Мешалкина Ирина Петровна', '', '7 (908) 1864342', '', '', '', 856655, '', NULL, 0, '0000-00-00', '0000-00-00', 1, 1, '2011-10-01'),
(339, 'Черноморец', 'Светослав', 'Александрович', '339Черноморец', 'ac8fd61b', '0000-00-00', '', '', 'Черноморец Лариса Владиславовна', '', '7 (904) 5088805', '', '', '', 719244, '', NULL, 0, '0000-00-00', '0000-00-00', 1, 1, '2011-10-01'),
(340, 'Чернядьева', 'Алина', 'Дмитриевна', '340Чернядьева', 'b38fde44', '0000-00-00', '', '', 'Чернядьева Татьяна Геннадьевна', '', '7 (952) 5761240', '', '', '', 408578, '', NULL, 0, '0000-00-00', '0000-00-00', 1, 1, '2011-10-01'),
(341, 'Беляева', 'Лидия', 'Андреевна', '341Беляева', 'cfe621f8', '0000-00-00', '', '', 'Беляева Ирина Валентиновна', '', '7 (951) 8280869', '', '', '', 528164, '', NULL, 0, '0000-00-00', '0000-00-00', 1, 1, '2011-10-01'),
(342, 'Большенко', 'Владимир', 'Валерьевич', '342Большенко', 'd1686ca2', '0000-00-00', '', '', 'Большенко Елена Владимировна', '', '7 (908) 1813367', '', '', '', 801202, '', NULL, 0, '0000-00-00', '0000-00-00', 1, 1, '2011-10-01'),
(343, 'Будков', 'Артем', 'Игоревич', '343Будков', 'f8f351e7', '0000-00-00', '', '', 'Будкова Оксана Викторовна', '', '7 (950) 8498663', '', '', '', 679501, '', NULL, 0, '0000-00-00', '0000-00-00', 1, 1, '2011-10-01'),
(344, 'Владыкин', 'Сергей', 'Андреевич', '344Владыкин', '1234582a', '0000-00-00', '', '', 'Владыкина Инна Алексеевна', '', '7 (908) 1736799', '', '', '', 787524, '', NULL, 0, '0000-00-00', '0000-00-00', 1, 1, '2011-10-01'),
(345, 'Господынько', 'Роман', 'Дмитриевич', '345Господынько', 'f86b6736', '0000-00-00', '', '', 'Господынько Светлана Ивановна', '', '', '', '', '', 566726, '', NULL, 0, '0000-00-00', '0000-00-00', 0, 1, '2011-10-01'),
(346, 'Киреев', 'Александр', 'Александрович', '346Киреев', '76e02247', '0000-00-00', '', '', 'Киреева Светлана Дмитриевна', '', '7 (908) 5004789', '', '', '', 110711, '', NULL, 0, '0000-00-00', '0000-00-00', 1, 1, '2011-10-01'),
(347, 'Клопот', 'Евгений', 'Андреевич', '347Клопот', '87068715', '0000-00-00', '', '', 'Клопот Наталья Викторовна', '', '7 (928) 1756569', '', '', '', 397262, '', NULL, 0, '0000-00-00', '0000-00-00', 1, 1, '2011-10-01'),
(348, 'Ковалёв', 'Евгений', 'Владимирович', '348Ковалёв', 'db98f83b', '0000-00-00', '', '', 'Ковалёва Елена Викторовна', '', '7 (904) 3498143', '', '', '', 679748, '', NULL, 0, '0000-00-00', '0000-00-00', 1, 1, '2011-10-01'),
(349, 'Коваленко', 'Пётр', 'Викторович', '349Коваленко', '98a96287', '0000-00-00', '', '', 'Коваленко Анна Васильевна', '', '7 (904) 3417038', '', '', '', 350405, '', NULL, 0, '0000-00-00', '0000-00-00', 1, 1, '2011-10-01'),
(350, 'Колесникова', 'Анна', 'Михайловна', '350Колесникова', '59e5956c', '0000-00-00', '', '', 'Колесникова Галина Николаевна', '', '7 (908) 1747042', '', '', '', 437994, '', NULL, 0, '0000-00-00', '0000-00-00', 1, 1, '2011-10-01'),
(351, 'Кондратюк', 'Иван', 'Петрович', '351Кондратюк', '8174523a', '0000-00-00', '', '', 'Кондратюк Татьяна Ивановна', '', '7 (908) 5107204', '', '', '', 352328, '', NULL, 0, '0000-00-00', '0000-00-00', 1, 1, '2011-10-01'),
(352, 'Корчагин', 'Георгий', 'Олегович', '352Корчагин', '12d83e11', '0000-00-00', '', '', 'Корчагина Елена Васильевна', '', '7 (928) 6014598', '', '', '', 338183, '', NULL, 0, '0000-00-00', '0000-00-00', 1, 1, '2011-10-01'),
(353, 'Лиманская', 'Ксения', 'Олеговна', '353Лиманская', '624e32a3', '0000-00-00', '', '', 'Лиманская Наталья Николаевна', '', '7 (928) 1359749', '', '', '', 751077, '', NULL, 0, '0000-00-00', '0000-00-00', 1, 1, '2011-10-01'),
(354, 'Маковская', 'Виктория', 'Игоревна', '354Маковская', 'd31d867c', '0000-00-00', '', '', 'Маковская Ольга Викторовна', '', '7 (950) 8473046', '', '', '', 517425, '', NULL, 0, '0000-00-00', '0000-00-00', 1, 1, '2011-10-01'),
(355, 'Матяшук', 'Александра', 'Павловна', '355Матяшук', 'c690a864', '0000-00-00', '', '', 'Матяшук Татьяна Юрьевна', '', '7 (952) 5839728', '', '', '', 291574, '', NULL, 0, '0000-00-00', '0000-00-00', 1, 1, '2011-10-01'),
(356, 'Панарин', 'Алексей', 'Васильевич', '356Панарин', '2355f7e6', '0000-00-00', '', '', 'Панарина Татьяна Викторовна', '', '7 (904) 5090885', '', '', '', 972204, '', NULL, 0, '0000-00-00', '0000-00-00', 1, 1, '2011-10-01'),
(357, 'Пищейко', 'Владислав', 'Игоревич', '357Пищейко', 'e514a179', '0000-00-00', '', '', 'Пищейко Лилия Ивановн', '', '7 (951) 4913606', '', '', '', 390615, '', NULL, 0, '0000-00-00', '0000-00-00', 1, 1, '2011-10-01'),
(358, 'Приходько', 'Александра', 'Олеговна', '358Приходько', 'ef55a5d1', '0000-00-00', '', '', 'Приходько Светлана Сергеевна', '', '7 (918) 5181863', '', '', '', 433380, '', NULL, 0, '0000-00-00', '0000-00-00', 1, 1, '2011-10-01'),
(359, 'Романенко', 'Дарья', 'Владимировна', '359Романенко', 'feff98db', '0000-00-00', '', '', 'Романенко Валентина Ивановна', '', '7 (904) 5095566', '', '', '', 411874, '', NULL, 0, '0000-00-00', '0000-00-00', 1, 1, '2011-10-01'),
(360, 'Сыщенко', 'Иван', 'Александрович', '360Сыщенко', '283e2d14', '0000-00-00', '', '', 'Сыщенко Татьяна Александровна', '', '7 (908) 5106707', '', '', '', 641186, '', NULL, 0, '0000-00-00', '0000-00-00', 1, 1, '2011-10-01'),
(361, 'Трушевич', 'Александр', 'Дмитриевич', '361Трушевич', '45f16786', '0000-00-00', '', '', 'Трушевич Ирина Александровна', '', '7 (905) 4570599', '', '', '', 140896, '', NULL, 0, '0000-00-00', '0000-00-00', 1, 1, '2011-10-01'),
(362, 'Хитрина', 'Екатерина', 'Сергеевна', '362Хитрина', 'b9f723dc', '0000-00-00', '', '', 'Хитрина Ирина Петровна', '', '7 (908) 5027910', '', '', '', 720233, '', NULL, 0, '0000-00-00', '0000-00-00', 1, 1, '2011-10-01'),
(363, 'Шипов', 'Леонид', 'Владимирович', '363Шипов', 'a8d4a370', '0000-00-00', '', '', 'Шипова Оксана Викторовна', '', '7 (918) 5846327', '', '', '', 460104, '', NULL, 0, '0000-00-00', '0000-00-00', 1, 1, '2011-10-01'),
(364, 'Яковлева', 'Алина', 'Александровна', '364Яковлева', 'b3855402', '0000-00-00', '', '', 'Яковлева Людмила Алексеевна', '', '7 (951) 5155796', '', '', '', 554504, '', NULL, 0, '0000-00-00', '0000-00-00', 1, 1, '2011-10-01'),
(365, 'Яниди', 'Эллада', 'Дмитриевна', '365Яниди', '2cf24471', '0000-00-00', '', '', 'Яниди Виктория Дмитриевна', '', '7 (952) 5893736', '', '', '', 423794, '', NULL, 0, '0000-00-00', '0000-00-00', 1, 1, '2011-10-01'),
(366, 'Андреева', 'Инесса', 'Алексеевна', '366Андреева', '009be8e4', '0000-00-00', '', '', 'Андреева Светлана Викторовна', '', '7 (908) 1864926', '', '', '', 268695, '', NULL, 0, '0000-00-00', '0000-00-00', 1, 1, '2011-10-01'),
(367, 'Болдырев', 'Иван', 'Алексеевич', '367Болдырев', '7c1f3964', '0000-00-00', '', '', 'Болдырева Ольга Михайловна', '', '7 (951) 4990915', '', '', '', 629953, '', NULL, 0, '0000-00-00', '0000-00-00', 1, 1, '2011-10-01'),
(368, 'Брусило', 'Лилия', 'Юрьевна', '368Брусило', 'f903c497', '0000-00-00', '', '', 'Брусило Наталья Юрьевна', '', '7 (904) 5021574', '', '', '', 505505, '', NULL, 0, '0000-00-00', '0000-00-00', 1, 1, '2011-10-01'),
(369, 'Бугаев', 'Владислав', 'Иванович', '369Бугаев', 'e22c05c5', '0000-00-00', '', '', 'Бугаева Наталья Андреевна', '', '7 (904) 4437710', '', '', '', 370401, '', NULL, 0, '0000-00-00', '0000-00-00', 1, 1, '2011-10-01'),
(370, 'Бузалова', 'Александра', 'Сергеевна', '370Бузалова', '9c2efbe1', '0000-00-00', '', '', 'Бузалова Любовь Юрьевна', '', '7 (904) 3475732', '', '', '', 479962, '', NULL, 0, '0000-00-00', '0000-00-00', 1, 1, '2011-10-01'),
(371, 'Волчков', 'Вячеслав', 'Юрьевич', '371Волчков', 'eb3d1a48', '0000-00-00', '', '', 'Волчков Юрий Валерьевич', '', '7 (908) 1702787', '', '', '', 539315, '', NULL, 0, '0000-00-00', '0000-00-00', 1, 1, '2011-10-01'),
(372, 'Газзаев', 'Павел', 'Сергеевич', '372Газзаев', 'c326994a', '0000-00-00', '', '', 'Газзаева Светлана Алексеевна', '', '7 (950) 8521958', '', '', '', 582299, '', NULL, 0, '0000-00-00', '0000-00-00', 1, 1, '2011-10-01'),
(373, 'Газиев', 'Керим', 'Маликович', '373Газиев', '4eaa5f23', '0000-00-00', '', '', 'Газиева Наталья Михайловна', '', '7 (904) 3489116', '', '', '', 472244, '', NULL, 0, '0000-00-00', '0000-00-00', 1, 1, '2011-10-01'),
(374, 'Глушко', 'Кристина', 'Сергеевна', '374Глушко', '9a0f2e38', '0000-00-00', '', '', 'Глушко Оксана Викторовна', '', '7 (904) 3434612', '', '', '', 387127, '', NULL, 0, '0000-00-00', '0000-00-00', 1, 1, '2011-10-01'),
(375, 'Зинченко', 'Максим', 'Анатольевич', '375Зинченко', '73359152', '0000-00-00', '', '', 'Сивашова Наталья Николаевна', '', '7 (950) 8449694', '', '', '', 601608, '', NULL, 0, '0000-00-00', '0000-00-00', 1, 1, '2011-10-01'),
(376, 'Иванов', 'Александр', 'Андреевич', '376Иванов', '36cf3049', '0000-00-00', '', '', 'Иванова Татьяна Федоровна', '', '7 (908) 5161994', '', '', '', 228430, '', NULL, 0, '0000-00-00', '0000-00-00', 1, 1, '2011-10-01'),
(377, 'Кожемяченко', 'Михаил', 'Андреевич', '377Кожемяченко', '105c6399', '0000-00-00', '', '', 'Кожемяченко Наталья Александровна', '', '7 (904) 3473762', '', '', '', 431704, '', NULL, 0, '0000-00-00', '0000-00-00', 1, 1, '2011-10-01'),
(378, 'Кокошников', 'Сергей', 'Игоревич', '378Кокошников', 'f1c2ca32', '0000-00-00', '', '', 'Кокошникова Лариса Леонидовна', '', '7 (928) 7733093', '', '', '', 974566, '', NULL, 0, '0000-00-00', '0000-00-00', 1, 1, '2011-10-01'),
(379, 'Кострубин', 'Леонид', 'Игоревич', '379Кострубин', '26e38195', '0000-00-00', '', '', 'Кострубина Лариса Петровна', '', '7 (908) 5006993', '', '', '', 113705, '', NULL, 0, '0000-00-00', '0000-00-00', 1, 1, '2011-10-01'),
(380, 'Кошкина', 'Кристина', 'Игоревна', '380Кошкина', 'e13b8822', '0000-00-00', '', '', 'Кошкина Анна Антоновна', '', '7 (928) 7719357', '', '', '', 203271, '', NULL, 0, '0000-00-00', '0000-00-00', 1, 1, '2011-10-01'),
(381, 'Лежава', 'Виктория', 'Николаевна', '381Лежава', '36e4827b', '0000-00-00', '', '', 'Лежава Марина Николаевна', '', '7 (908) 1762538', '', '', '', 220657, '', NULL, 0, '0000-00-00', '0000-00-00', 1, 1, '2011-10-01'),
(382, 'Мамедов', 'Хейрулла', 'Мубариз Оглы', '382Мамедов', 'c91d9c04', '0000-00-00', '', '', 'Мамедова Нурона Тариэл кызы', '', '7 (951) 4914714', '', '', '', 976654, '', NULL, 0, '0000-00-00', '0000-00-00', 1, 1, '2011-10-01'),
(383, 'Мацегора', 'Алексей', 'Александрович', '383Мацегора', '3ade2804', '0000-00-00', '', '', 'Мацегора Евгения Владимировна', '', '7 (904) 4437666', '', '', '', 622482, '', NULL, 0, '0000-00-00', '0000-00-00', 1, 1, '2011-10-01'),
(384, 'Мацейко', 'Андрей', 'Вячеславович', '384Мацейко', '29476158', '0000-00-00', '', '', 'Мацейко Оксана Леонидовна', '', '7 (918) 5650173', '', '', '', 816198, '', NULL, 0, '0000-00-00', '0000-00-00', 1, 1, '2011-10-01'),
(385, 'Полторацкая', 'Татьяна', 'Анатольевна', '385Полторацкая', '45c09387', '0000-00-00', '', '', 'Полторацкая Лариса Анатольевна', '', '7 (928) 1508815', '', '', '', 260977, '', NULL, 0, '0000-00-00', '0000-00-00', 1, 1, '2011-10-01'),
(386, 'Полякова', 'Кристина', 'Евгеньевна', '386Полякова', 'ffaaac20', '0000-00-00', '', '', 'Полякова Ирина Викторовна', '', '7 (904) 3489075', '', '', '', 477764, '', NULL, 0, '0000-00-00', '0000-00-00', 1, 1, '2011-10-01'),
(387, 'Рыбаков', 'Алексей', 'Игоревич', '387Рыбаков', 'a745a254', '0000-00-00', '', '', 'Рыбакова Татьяна Вячеславовна', '', '7 (904) 3473200', '', '', '', 524813, '', NULL, 0, '0000-00-00', '0000-00-00', 1, 1, '2011-10-01'),
(388, 'Рындин', 'Анатолий', 'Андреевич', '388Рындин', 'cfa535d8', '0000-00-00', '', '', 'Рындина Елена Анатольевна', '', '7 (928) 1340725', '', '', '', 126586, '', NULL, 0, '0000-00-00', '0000-00-00', 1, 1, '2011-10-01'),
(389, 'Соколовский', 'Сергей', 'Витальевич', '389Соколовский', 'bcb3eaee', '0000-00-00', '', '', 'Соколовская Ирина Анатольевна', '', '7 (905) 4547816', '', '', '', 524539, '', NULL, 0, '0000-00-00', '0000-00-00', 1, 1, '2011-10-01'),
(390, 'Теплянская', 'Карина', 'Владимировна', '390Теплянская', '233652db', '0000-00-00', '', '', 'Теплянская Татьяна Николаевна', '', '7 (952) 5761899', '', '', '', 912274, '', NULL, 0, '0000-00-00', '0000-00-00', 1, 1, '2011-10-01'),
(391, 'Ткачёв', 'Дмитрий', 'Владимирович', '391Ткачёв', '78a49a32', '0000-00-00', '', '', 'Ткачёва Ирина Владимировна', '', '7 (928) 1757254', '', '', '', 467575, '', NULL, 0, '0000-00-00', '0000-00-00', 1, 1, '2011-10-01'),
(392, 'Токарева', 'Екатерина', 'Александровна', '392Токарева', '5aaca941', '0000-00-00', '', '', 'Кочережко Ольга Ивановна', '', '7 (904) 3435416', '', '', '', 243811, '', NULL, 0, '0000-00-00', '0000-00-00', 1, 1, '2011-10-01'),
(393, 'Асадова', 'Нармина', 'Мардановна', '393Асадова', '5b72dcea', '0000-00-00', '', '', 'Асадова Басди Гидаятовна', '', '7 (952) 5653629', '', '', '', 404980, '', NULL, 0, '0000-00-00', '0000-00-00', 1, 1, '2011-10-01'),
(394, 'Белашева', 'Мария', 'Петровна', '394Белашева', 'dd36314e', '0000-00-00', '', '', 'Белашева Лариса Васильевна', '', '7 (951) 4934267', '', '', '', 831936, '', NULL, 0, '0000-00-00', '0000-00-00', 1, 1, '2011-10-01'),
(395, 'Бочкарев', 'Николай', 'Юрьевич', '395Бочкарев', '6e06c494', '0000-00-00', '', '', 'Соломенникова Лариса Николаевна', '', '7 (909) 4412544', '', '', '', 331097, '', NULL, 0, '0000-00-00', '0000-00-00', 1, 1, '2011-10-01'),
(396, 'Варнавская', 'Анна', 'Владимировна', '396Варнавская', '30a62359', '0000-00-00', '', '', 'Омельченко Ирина Викторовна', '', '7 (908) 1723892', '', '', '', 681808, '', NULL, 0, '0000-00-00', '0000-00-00', 1, 1, '2011-10-01'),
(397, 'Галёпа', 'Валерий', 'Александрович', '397Галёпа', '60c9d135', '0000-00-00', '', '', 'Златова Галина Анатольевна', '', '7 (904) 5081399', '', '', '', 307751, '', NULL, 0, '0000-00-00', '0000-00-00', 1, 1, '2011-10-01'),
(398, 'Громакова', 'Вера', 'Константиновна', '398Громакова', 'f83faf17', '0000-00-00', '', '', 'Громакова Ирина Анатольевна', '', '7 (904) 3483274', '', '', '', 865225, '', NULL, 0, '0000-00-00', '0000-00-00', 1, 1, '2011-10-01'),
(399, 'Дмитров', 'Денис', 'Александрович', '399Дмитров', '0447e9b5', '0000-00-00', '', '', 'Смачная Наталья Николаевна', '', '7 (908) 1702777', '', '', '', 865802, '', NULL, 0, '0000-00-00', '0000-00-00', 1, 1, '2011-10-01'),
(400, 'Емельянов', 'Илья', 'Андреевич', '400Емельянов', '6fcd7af6', '0000-00-00', '', '', 'Емельянова Ольга Николаевна', '', '7 (928) 1263161', '', '', '', 745858, '', NULL, 0, '0000-00-00', '0000-00-00', 1, 1, '2011-10-01'),
(401, 'Иванов', 'Андрей', 'Викторович', '401Иванов', 'b00177f2', '0000-00-00', '', '', 'Иванова Анна Яковлевна', '', '7 (908) 5064672', '', '', '', 145483, '', NULL, 0, '0000-00-00', '0000-00-00', 1, 1, '2011-10-01'),
(402, 'Калашников', 'Александр', 'Сергеевич', '402Калашников', '9930ee03', '0000-00-00', '', '', 'Калашникова Елена Владимировна', '', '7 (952) 5810547', '', '', '', 109255, '', NULL, 0, '0000-00-00', '0000-00-00', 1, 1, '2011-10-01'),
(403, 'Кобцев', 'Роман', 'Сергеевич', '403Кобцев', 'd5f2c518', '0000-00-00', '', '', 'Кобцева Надежда Александровна', '', '7 (904) 5007542', '', '', '', 871405, '', NULL, 0, '0000-00-00', '0000-00-00', 1, 1, '2011-10-01'),
(404, 'Куевда', 'Владислав', 'Вячеславович', '404Куевда', '646e8d35', '0000-00-00', '', '', 'Куевда Евгения Юрьевна', '', '7 (904) 3474856', '', '', '', 737838, '', NULL, 0, '0000-00-00', '0000-00-00', 1, 1, '2011-10-01'),
(405, 'Любимова', 'Алена', 'Валерьевна', '405Любимова', '648804bf', '0000-00-00', '', '', 'Любимова Татьяна Ивановна', '', '7 (950) 8496577', '', '', '', 227551, '', NULL, 0, '0000-00-00', '0000-00-00', 1, 1, '2011-10-01'),
(406, 'Макеева', 'Ирина', 'Андреевна', '406Макеева', '9b9cc8bc', '0000-00-00', '', '', 'Макеева Анжелика Владимировна', '', '7 (950) 8606625', '', '', '', 785903, '', NULL, 0, '0000-00-00', '0000-00-00', 1, 1, '2011-10-01'),
(407, 'Микита', 'Александр', '', '407Микита', '198e0363', '0000-00-00', '', '', 'Микита Людмила Петровна', '', '7 (908) 1925511', '', '', '', 432281, '', NULL, 0, '0000-00-00', '0000-00-00', 1, 1, '2011-10-01'),
(408, 'Россол', 'Игорь', 'Геннадьевич', '408Россол', '8ffaa848', '0000-00-00', '', '', 'Россол Людмила Николаевна', '', '7 (908) 5020199', '', '', '', 854623, '', NULL, 0, '0000-00-00', '0000-00-00', 1, 1, '2011-10-01'),
(409, 'Савин', 'Александр', 'Александрович', '409Савин', 'c3326637', '0000-00-00', '', '', 'Савина Людмила Николаевна', '', '7 (928) 1182198', '', '', '', 413330, '', NULL, 0, '0000-00-00', '0000-00-00', 1, 1, '2011-10-01'),
(410, 'Саламатина', 'Виктория', 'Витальевна', '410Саламатина', '8945b306', '0000-00-00', '', '', 'Саламатина Елена Александровна', '', '7 (904) 5081978', '', '', '', 167044, '', NULL, 0, '0000-00-00', '0000-00-00', 1, 1, '2011-10-01'),
(411, 'Чернова', 'Екатерина', 'Михайловна', '411Чернова', 'c5fcbc60', '0000-00-00', '', '', 'Чернова Марина Борисовна', '', '7 (951) 5155879', '', '', '', 982806, '', NULL, 0, '0000-00-00', '0000-00-00', 1, 1, '2011-10-01'),
(412, 'Шиманова', 'Юлия', 'Сергеевна', '412Шиманова', '5c14c074', '0000-00-00', '', '', 'Шиманов Сергей Владимирович', '', '7 (904) 3498023', '', '', '', 843087, '', NULL, 0, '0000-00-00', '0000-00-00', 1, 1, '2011-10-01'),
(413, 'Бабенцева', 'Алина', 'Викторовна', '413Бабенцева', '20cbc097', '0000-00-00', '', '', 'Бабенцев Виктор Владимирович', '', '7 (928) 1268090', '', '', '', 334915, '', NULL, 0, '0000-00-00', '0000-00-00', 1, 1, '2011-10-01'),
(414, 'Баранник', 'Ольга', 'Юрьевна', '414Баранник', '7d32cdd2', '0000-00-00', '', '', 'Баранник Людмила Григорьевна', '', '7 (950) 8585578', '', '', '', 830755, '', NULL, 0, '0000-00-00', '0000-00-00', 1, 1, '2011-10-01'),
(415, 'Белова', 'Анастасия', 'Борисовна', '415Белова', '0c686c85', '0000-00-00', '', '', 'Белова Анна Вячеславовна', '', '7 (904) 3489692', '', '', '', 919552, '', NULL, 0, '0000-00-00', '0000-00-00', 1, 1, '2011-10-01'),
(416, 'Власов', 'Николай', 'Николаевич', '416Власов', 'd723319f', '0000-00-00', '', '', 'Власова Анна Викторовна', '', '7 (952) 5837590', '', '', '', 796862, '', NULL, 0, '0000-00-00', '0000-00-00', 1, 1, '2011-10-01'),
(417, 'Волохова', 'Светлана', 'Александровна', '417Волохова', '8427f486', '0000-00-00', '', '', 'Волохова Нелли Александровна', '', '7 (908) 5133691', '', '', '', 853359, '', NULL, 0, '0000-00-00', '0000-00-00', 1, 1, '2011-10-01'),
(418, 'Звягин', 'Владимир', 'Сергеевич', '418Звягин', 'ac967eca', '0000-00-00', '', '', 'Звягина Татьяна Владимировна', '', '7 (951) 5360745', '', '', '', 247491, '', NULL, 0, '0000-00-00', '0000-00-00', 1, 1, '2011-10-01'),
(419, 'Иванова', 'Ангелина', 'Олеговна', '419Иванова', '8bc567c0', '0000-00-00', '', '', 'Иванова Валерия Юрьевна', '', '7 (903) 4742698', '', '', '', 625009, '', NULL, 0, '0000-00-00', '0000-00-00', 1, 1, '2011-10-01'),
(420, 'Ивантей', 'Виктория', 'Александровна', '420Ивантей', 'df6538d6', '0000-00-00', '', '', 'Ивантей Елена Ивановна', '', '7 (918) 5820364', '', '', '', 247875, '', NULL, 0, '0000-00-00', '0000-00-00', 1, 1, '2011-10-01'),
(421, 'Киселёва', 'Ксения', 'Васильевна', '421Киселёва', '2220c3fb', '0000-00-00', '', '', 'Киселёва Светлана Борисовна', '', '7 (905) 4283613', '', '', '', 245046, '', NULL, 0, '0000-00-00', '0000-00-00', 1, 1, '2011-10-01'),
(422, 'Костина', 'Алина', 'Владиславовна', '422Костина', 'dc84dfb2', '0000-00-00', '', '', 'Костина Ирина Викторовна', '', '7 (951) 8454957', '', '', '', 147625, '', NULL, 0, '0000-00-00', '0000-00-00', 1, 1, '2011-10-01'),
(423, 'Круглина', 'Елена', 'Валерьевна', '423Круглина', '55dcb544', '0000-00-00', '', '', 'Круглина Анна Ивановна', '', '7 (950) 8616748', '', '', '', 820895, '', NULL, 0, '0000-00-00', '0000-00-00', 1, 1, '2011-10-01'),
(424, 'Любич', 'Ярослав', 'Александрович', '424Любич', '6fa0981e', '0000-00-00', '', '', 'Любич Галина Аведиковна', '', '7 (950) 8667369', '', '', '', 955725, '', NULL, 0, '0000-00-00', '0000-00-00', 1, 1, '2011-10-01'),
(425, 'Павлов', 'Дмитрий', 'Павлович', '425Павлов', 'a988908f', '0000-00-00', '', '', 'Павлова Антонина Алексеевна', '', '7 (908) 1833119', '', '', '', 731851, '', NULL, 0, '0000-00-00', '0000-00-00', 1, 1, '2011-10-01'),
(426, 'Пожидаев', 'Кирилл', 'Витальевич', '426Пожидаев', '8c300f35', '0000-00-00', '', '', 'Пожидаева Инна Николаевна', '', '7 (904) 4401273', '', '', '', 615533, '', NULL, 0, '0000-00-00', '0000-00-00', 1, 1, '2011-10-01'),
(427, 'Рыпалева', 'Анастасия', 'Геннадьевна', '427Рыпалева', '0416a33a', '0000-00-00', '', '', 'Рыпалева Лариса Александровна', '', '7 (908) 5072329', '', '', '', 804086, '', NULL, 0, '0000-00-00', '0000-00-00', 1, 1, '2011-10-01'),
(428, 'Синицина', 'Анастасия', 'Алексеевна', '428Синицина', '0bfb4b7b', '0000-00-00', '', '', 'Синицина Марина Владимировна', '', '7 (908) 5070017', '', '', '', 979785, '', NULL, 0, '0000-00-00', '0000-00-00', 1, 1, '2011-10-01'),
(429, 'Сичкарь', 'Максим', 'Юрьевич', '429Сичкарь', 'dfd0e360', '0000-00-00', '', '', 'Сичкарь Оксана Викторовна', '', '7 (950) 8452244', '', '', '', 485647, '', NULL, 0, '0000-00-00', '0000-00-00', 1, 1, '2011-10-01'),
(430, 'Солтыс', 'Кристина', 'Викторовна', '430Солтыс', '84bb857f', '0000-00-00', '', '', 'Солтыс Виктория Михайловна', '', '7 (904) 5089860', '', '', '', 385589, '', NULL, 0, '0000-00-00', '0000-00-00', 1, 1, '2011-10-01'),
(431, 'Соляник', 'Алексей', 'Николаевич', '431Соляник', 'cff7206b', '0000-00-00', '', '', 'Белоглазова Светлана Анатольевна', '', '7 (928) 7794200', '', '', '', 321456, '', NULL, 0, '0000-00-00', '0000-00-00', 1, 1, '2011-10-01'),
(432, 'Стародубцева', 'Ульяна', 'Владимировна', '432Стародубцева', '552a68df', '0000-00-00', '', '', 'Стародубцева Галина Николаевна', '', '7 (904) 5092269', '', '', '', 629431, '', NULL, 0, '0000-00-00', '0000-00-00', 1, 1, '2011-10-01'),
(433, 'Ткаченко', 'Иван', 'Александрович', '433Ткаченко', '7d135cdb', '0000-00-00', '', '', 'Ткаченко Анна Анатольевна', '', '7 (918) 5460892', '', '', '', 828311, '', NULL, 0, '0000-00-00', '0000-00-00', 1, 1, '2011-10-01'),
(434, 'Украинцев', 'Никита', 'Андреевич', '434Украинцев', '35b45ec2', '0000-00-00', '', '', 'Ткачёва Ирина Николаевна', '', '7 (908) 1833054', '', '', '', 442169, '', NULL, 0, '0000-00-00', '0000-00-00', 1, 1, '2011-10-01'),
(435, 'Усачёв', 'Иван', 'Александрович', '435Усачёв', '5fc61c0f', '0000-00-00', '', '', 'Усачёва Елена Ивановна', '', '7 (950) 8521923', '', '', '', 469882, '', NULL, 0, '0000-00-00', '0000-00-00', 1, 1, '2011-10-01'),
(436, 'Ханадеева', 'Алина', 'Валерьевна', '436Ханадеева', '2d95804c', '0000-00-00', '', '', 'Хитрова Наталья Анатольевна', '', '7 (908) 5039847', '', '', '', 664038, '', NULL, 0, '0000-00-00', '0000-00-00', 1, 1, '2011-10-01'),
(437, 'Шевцова', 'Дарья', 'Витальевна', '437Шевцова', '1406bd6e', '0000-00-00', '', '', 'Шевцова Нина Николаевна', '', '7 (908) 1969514', '', '', '', 831716, '', NULL, 0, '0000-00-00', '0000-00-00', 1, 1, '2011-10-01'),
(438, 'Шевченко', 'Вадим', 'Витальевич', '438Шевченко', '59ca086c', '0000-00-00', '', '', 'Шевченко Марина Николаевна', '', '7 (951) 5099796', '', '', '', 419647, '', NULL, 0, '0000-00-00', '0000-00-00', 1, 1, '2011-10-01'),
(439, 'Алексеева', 'Алиса', 'Евгеньевна', '439Алексеева', '7c4268c5', '0000-00-00', '', '', 'Алексеева Зоя Николаевна', '', '7 (905) 4397869', '', '', '', 466531, '', NULL, 0, '0000-00-00', '0000-00-00', 1, 1, '2011-10-01'),
(440, 'Аникеец', 'Екатерина', 'Валерьевна', '440Аникеец', '4480851d', '0000-00-00', '', '', 'Ткаченко Мария Ивановна', '', '7 (908) 1841425', '', '', '', 889422, '', NULL, 0, '0000-00-00', '0000-00-00', 1, 1, '2011-10-01'),
(441, 'Антипина', 'Елена', 'Максимовна', '441Антипина', '2857b093', '0000-00-00', '', '', 'Иванова Ирина Анатольевна', '', '7 (951) 4931372', '', '', '', 676754, '', NULL, 0, '0000-00-00', '0000-00-00', 1, 1, '2011-10-01'),
(442, 'Армейсков', 'Матвей', 'Александрович', '442Армейсков', '274bc362', '0000-00-00', '', '', 'Армейсков Александр Витальевич', '', '7 (951) 5304499', '', '', '', 544396, '', NULL, 0, '0000-00-00', '0000-00-00', 1, 1, '2011-10-01'),
(443, 'Ахова', 'Елена', 'Васильевна', '443Ахова', '8c905cf1', '0000-00-00', '', '', 'Ахова Татьяна Анатольевна', '', '7 (904) 5082369', '', '', '', 897085, '', NULL, 0, '0000-00-00', '0000-00-00', 1, 1, '2011-10-01'),
(444, 'Барышников', 'Андрей', 'Александрович', '444Барышников', 'e001e8d8', '0000-00-00', '', '', 'Барышников Александр Николаевич', '', '7 (908) 5064772', '', '', '', 626080, '', NULL, 0, '0000-00-00', '0000-00-00', 1, 1, '2011-10-01'),
(445, 'Белогорцев', 'Сергей', 'Сергеевич', '445Белогорцев', '5274ac91', '0000-00-00', '', '', 'Белогорцева Елена Петровна', '', '7 (908) 1965191', '', '', '', 153695, '', NULL, 0, '0000-00-00', '0000-00-00', 1, 1, '2011-10-01'),
(446, 'Бондарева', 'Анастасия', 'Андреевна', '446Бондарева', 'bf7df92a', '0000-00-00', '', '', 'Бондарева Наталья Евгеньевна', '', '7 (951) 5330788', '', '', '', 287207, '', NULL, 0, '0000-00-00', '0000-00-00', 1, 1, '2011-10-01'),
(447, 'Василенко', 'Павел', 'Алексеевич', '447Василенко', 'f7303af6', '0000-00-00', '', '', 'Василенко Наталья Анатольевна', '', '7 (950) 8483810', '', '', '', 594631, '', NULL, 0, '0000-00-00', '0000-00-00', 1, 1, '2011-10-01'),
(448, 'Вдовиченко', 'Наталья', 'Николаевна', '448Вдовиченко', 'b22c1d62', '0000-00-00', '', '', 'Вдовиченко Любовь Ивановна', '', '7 (904) 3498488', '', '', '', 564886, '', NULL, 0, '0000-00-00', '0000-00-00', 1, 1, '2011-10-01'),
(449, 'Голубов', 'Виталий', 'Сергеевич', '449Голубов', '27ba52a9', '0000-00-00', '', '', 'Голубова Татьяна Николаевна', '', '7 (904) 3480464', '', '', '', 964816, '', NULL, 0, '0000-00-00', '0000-00-00', 1, 1, '2011-10-01'),
(450, 'Диканёв', 'Анатолий', 'Игоревич', '450Диканёв', '48aac8fa', '0000-00-00', '', '', 'Диканёв Игорь Валентинович', '', '7 (908) 5145029', '', '', '', 555603, '', NULL, 0, '0000-00-00', '0000-00-00', 1, 1, '2011-10-01'),
(451, 'Дрозденко', 'Оксана', 'Владимировна', '451Дрозденко', '3199bf32', '0000-00-00', '', '', 'Дрозденко Марина Александровна', '', '7 (951) 8462937', '', '', '', 881045, '', NULL, 0, '0000-00-00', '0000-00-00', 1, 1, '2011-10-01'),
(452, 'Дыбцева', 'Елена', 'Евгеньевна', '452Дыбцева', '7148366b', '0000-00-00', '', '', 'Дыбцева Наталья Сергеевна', '', '7 (908) 5130660', '', '', '', 790216, '', NULL, 0, '0000-00-00', '0000-00-00', 1, 1, '2011-10-01'),
(453, 'Захаров', 'Александр', 'Александрович', '453Захаров', 'ec18e196', '0000-00-00', '', '', 'Захарова Елена Владимировна', '', '7 (918) 8984646', '', '', '', 606991, '', NULL, 0, '0000-00-00', '0000-00-00', 1, 1, '2011-10-01'),
(454, 'Кашкин', 'Александр', 'Владимирович', '454Кашкин', 'ae2da87c', '0000-00-00', '', '', 'Кашкина Галина Сергеевна', '', '7 (904) 5084522', '', '', '', 308959, '', NULL, 0, '0000-00-00', '0000-00-00', 1, 1, '2011-10-01'),
(455, 'Коваленко', 'Антон', 'Олегович', '455Коваленко', 'fab1ddef', '0000-00-00', '', '', 'Коваленко Елена Сергеевна', '', '7 (904) 3499209', '', '', '', 828201, '', NULL, 0, '0000-00-00', '0000-00-00', 1, 1, '2011-10-01'),
(456, 'Кривцова', 'Анастасия', 'Витальевна', '456Кривцова', 'de5d7c96', '0000-00-00', '', '', 'Кривцов Виталий Евгеньевич', '', '7 (919) 8881034', '', '', '', 936444, '', NULL, 0, '0000-00-00', '0000-00-00', 1, 1, '2011-10-01'),
(457, 'Мамедов', 'Сирадж', 'Мубариз Оглы', '457Мамедов', '86d3f5fd', '0000-00-00', '', '', 'Мамедов Мубариз Хейрулла оглы', '', '7 (950) 8523921', '', '', '', 627096, '', NULL, 0, '0000-00-00', '0000-00-00', 1, 1, '2011-10-01'),
(458, 'Мищенко', 'Варвара', 'Ивановна', '458Мищенко', 'e405135b', '0000-00-00', '', '', 'Мищенко Иван Николаевич', '', '7 (904) 5081129', '', '', '', 756652, '', NULL, 0, '0000-00-00', '0000-00-00', 1, 1, '2011-10-01'),
(459, 'Оселедец', 'Павел', 'Алексеевич', '459Оселедец', 'bfa281e4', '0000-00-00', '', '', 'Борзенко Татьяна Вячеславовна', '', '7 (904) 3483555', '', '', '', 857974, '', NULL, 0, '0000-00-00', '0000-00-00', 1, 1, '2011-10-01'),
(460, 'Пискунов', 'Николай', 'Вячеславович', '460Пискунов', '1f18763a', '0000-00-00', '', '', 'Пискунов Вячеслав Владимирович', '', '7 (904) 5046309', '', '', '', 187945, '', NULL, 0, '0000-00-00', '0000-00-00', 1, 1, '2011-10-01'),
(461, 'Синегубов', 'Владимир', 'Олегович', '461Синегубов', 'dc41aaa8', '0000-00-00', '', '', 'Синегубов Олег Михайлович', '', '7 (928) 1476995', '', '', '', 322006, '', NULL, 0, '0000-00-00', '0000-00-00', 1, 1, '2011-10-01'),
(462, 'Слепкова', 'Екатерина', 'Владимировна', '462Слепкова', 'bc808b21', '0000-00-00', '', '', 'Слепкова Юлия Витальевна', '', '7 (904) 5087287', '', '', '', 858056, '', NULL, 0, '0000-00-00', '0000-00-00', 1, 1, '2011-10-01'),
(463, 'Супонев', 'Роман', 'Анатольевич', '463Супонев', '928523eb', '0000-00-00', '', '', 'Супонева Ольга Васильевна', '', '7 (950) 8596373', '', '', '', 942239, '', NULL, 0, '0000-00-00', '0000-00-00', 1, 1, '2011-10-01'),
(464, 'Ткачук', 'Мария', 'Сергеевна', '464Ткачук', '1a18d337', '0000-00-00', '', '', 'Ткачук Надежда Николаевна', '', '7 (908) 5022143', '', '', '', 879095, '', NULL, 0, '0000-00-00', '0000-00-00', 1, 1, '2011-10-01'),
(465, 'Хайменов', 'Сергей', 'Витальевич', '465Хайменов', '1e4bebb1', '0000-00-00', '', '', 'Тюринова Татьяна Евгеньевна', '', '7 (908) 5076490', '', '', '', 338595, '', NULL, 0, '0000-00-00', '0000-00-00', 1, 1, '2011-10-01'),
(466, 'Хантемиров', 'Роман', 'Камалуддинович', '466Хантемиров', 'cea7195c', '0000-00-00', '', '', 'Хантемирова Вера Александровна', '', '7 (951) 4905981', '', '', '', 922546, '', NULL, 0, '0000-00-00', '0000-00-00', 1, 1, '2011-10-01'),
(467, 'Чигридов', 'Александр', 'Сергеевич', '467Чигридов', '491ac988', '0000-00-00', '', '', 'Чигридова Ольга Александровна', '', '7 (904) 4492840', '', '', '', 602871, '', NULL, 0, '0000-00-00', '0000-00-00', 1, 1, '2011-10-01'),
(468, 'Алексеев', 'Дмитрий', 'Алексеевич', '468Алексеев', 'd64fda1a', '0000-00-00', '', '', 'Алексеева Ирина Васильевна', '', '7 (952) 5761954', '', '', '', 629870, '', NULL, 0, '0000-00-00', '0000-00-00', 1, 1, '2011-10-01'),
(469, 'Бабась', 'Инна', 'Геннадьевна', '469Бабась', 'a747de9f', '0000-00-00', '', '', 'Бабась Лариса Владимировна', '', '7 (904) 3499954', '', '', '', 651211, '', NULL, 0, '0000-00-00', '0000-00-00', 1, 1, '2011-10-01'),
(470, 'Бугаева', 'Алена', 'Дмитриевна', '470Бугаева', 'c7fd5325', '0000-00-00', '', '', 'Бугаева  ', '', '', '', '', '', 713311, '', NULL, 0, '0000-00-00', '0000-00-00', 0, 1, '2011-10-01'),
(471, 'Газиева', 'Рената', 'Маликовна', '471Газиева', '98f3a541', '0000-00-00', '', '', 'Газиев Малик Керим оглы', '', '7 (908) 1927710', '', '', '', 999423, '', NULL, 0, '0000-00-00', '0000-00-00', 1, 1, '2011-10-01'),
(472, 'Дахнова', 'Татьяна', 'Викторовна', '472Дахнова', 'be95a8cc', '0000-00-00', '', '', 'Дахнова Надежда Викторовна', '', '7 (908) 5140926', '', '', '', 559008, '', NULL, 0, '0000-00-00', '0000-00-00', 1, 1, '2011-10-01'),
(473, 'Деревянченко', 'Алексей', 'Евгеньевич', '473Деревянченко', 'c628ac80', '0000-00-00', '', '', 'Деревянченко Татьяна Ивановна', '', '7 (928) 1033926', '', '', '', 858523, '', NULL, 0, '0000-00-00', '0000-00-00', 1, 1, '2011-10-01'),
(474, 'Дмитриев', 'Виталий', 'Игоревич', '474Дмитриев', '67a1bd61', '0000-00-00', '', '', 'Дмитриева Ольга Петровна', '', '7 (908) 1760190', '', '', '', 416571, '', NULL, 0, '0000-00-00', '0000-00-00', 1, 1, '2011-10-01'),
(475, 'Ермолов', 'Иван', 'Сергеевич', '475Ермолов', '2bac581f', '0000-00-00', '', '', 'Ермолова Ольга Владимировна', '', '7 (908) 1841400', '', '', '', 435934, '', NULL, 0, '0000-00-00', '0000-00-00', 1, 1, '2011-10-01'),
(476, 'Ефимова', 'Валентина', 'Олеговна', '476Ефимова', '04c2aee1', '0000-00-00', '', '', 'Ефимова Елена Владимировна', '', '7 (904) 3489296', '', '', '', 394982, '', NULL, 0, '0000-00-00', '0000-00-00', 1, 1, '2011-10-01'),
(477, 'Захарчишин', 'Александр', 'Валерьевич', '477Захарчишин', 'b9b3397d', '0000-00-00', '', '', 'Захарчишина Татьяна Егоровна', '', '7 (928) 1745058', '', '', '', 810952, '', NULL, 0, '0000-00-00', '0000-00-00', 1, 1, '2011-10-01'),
(478, 'Ивановская', 'Вероника', 'Евгеньевна', '478Ивановская', '7ffc1ccf', '0000-00-00', '', '', 'Ильченко Инна Викторовна', '', '7 (904) 3482550', '', '', '', 237603, '', NULL, 0, '0000-00-00', '0000-00-00', 1, 1, '2011-10-01'),
(479, 'Ивченко', 'Людмила', 'Юрьевна', '479Ивченко', '5485b764', '0000-00-00', '', '', 'Арутюнян Людмила Григорьевна', '', '7 (950) 8528800', '', '', '', 109750, '', NULL, 0, '0000-00-00', '0000-00-00', 1, 1, '2011-10-01'),
(480, 'Кочетков', 'Александр', 'Вячеславович', '480Кочетков', 'e7a03a9a', '0000-00-00', '', '', 'Кочеткова Татьяна Анатольевна', '', '7 (951) 5046266', '', '', '', 897167, '', NULL, 0, '0000-00-00', '0000-00-00', 1, 1, '2011-10-01'),
(481, 'Лесниченко', 'Оксана', 'Александровна', '481Лесниченко', 'e1246a98', '0000-00-00', '', '', 'Лесниченко Наталья Владимировна', '', '7 (904) 4465979', '', '', '', 480374, '', NULL, 0, '0000-00-00', '0000-00-00', 1, 1, '2011-10-01'),
(482, 'Ломакин', 'Тимофей', 'Владимирович', '482Ломакин', '35882c05', '0000-00-00', '', '', 'Ломакин Владимир Владимирович', '', '7 (904) 5091081', '', '', '', 710784, '', NULL, 0, '0000-00-00', '0000-00-00', 1, 1, '2011-10-01'),
(483, 'Ломакина', 'Варвара', 'Олеговна', '483Ломакина', '4fd9ff2c', '0000-00-00', '', '', 'Ломакина Елена Владимировна', '', '7 (904) 5093948', '', '', '', 667745, '', NULL, 0, '0000-00-00', '0000-00-00', 1, 1, '2011-10-01'),
(484, 'Лукьянчикова', 'Анастасия', 'Андреевна', '484Лукьянчикова', '25223397', '0000-00-00', '', '', 'Лукьянчикова Марина Юрьевна', '', '7 (908) 5091655', '', '', '', 574938, '', NULL, 0, '0000-00-00', '0000-00-00', 1, 1, '2011-10-01'),
(485, 'Лымарь', 'Кирилл', 'Александрович', '485Лымарь', '0a6c9317', '0000-00-00', '', '', 'Лымарь Наталья Викторовна', '', '7 (918) 8984478', '', '', '', 288662, '', NULL, 0, '0000-00-00', '0000-00-00', 1, 1, '2011-10-01'),
(486, 'Пиленко', 'Дмитрий', 'Сергеевич', '486Пиленко', '7a4fb64e', '0000-00-00', '', '', 'Пиленко Елена Николаевн', '', '7 (909) 4075910', '', '', '', 120489, '', NULL, 0, '0000-00-00', '0000-00-00', 1, 1, '2011-10-01'),
(487, 'Романенко', 'Никита', 'Владимирович', '487Романенко', '19712c9c', '0000-00-00', '', '', 'Романенко Валентина Ивановна', '', '7 (904) 5095566', '', '', '', 506796, '', NULL, 0, '0000-00-00', '0000-00-00', 1, 1, '2011-10-01'),
(488, 'Ткачева', 'Ирина', 'Владимировна', '488Ткачева', 'ecb72420', '0000-00-00', '', '', 'Ткачев Владимир Николаевич', '', '7 (928) 1756959', '', '', '', 187670, '', NULL, 0, '0000-00-00', '0000-00-00', 1, 1, '2011-10-01'),
(489, 'Топчий', 'Елена', 'Сергеевна', '489Топчий', '47f5fd07', '0000-00-00', '', '', 'Топчий Сергей Александрович', '', '7 (952) 5762518', '', '', '', 207693, '', NULL, 0, '0000-00-00', '0000-00-00', 1, 1, '2011-10-01'),
(490, 'Филонова', 'Кристина', 'Григорьевна', '490Филонова', 'ca87e1c2', '0000-00-00', '', '', 'Филонова Оксана Викторовна', '', '7 (952) 5734323', '', '', '', 801092, '', NULL, 0, '0000-00-00', '0000-00-00', 1, 1, '2011-10-01'),
(491, 'Шапочанская', 'Анастасия', 'Сергеевна', '491Шапочанская', 'c1e2a335', '0000-00-00', '', '', 'Шапочанская Наталья Сергеевна', '', '7 (908) 1873109', '', '', '', 273776, '', NULL, 0, '0000-00-00', '0000-00-00', 1, 1, '2011-10-01'),
(492, 'Шеметова', 'Екатерина', 'Сергеевна', '492Шеметова', '75d802d5', '0000-00-00', '', '', 'Шеметов Петр Александрович', '', '7 (952) 5726700', '', '', '', 944738, '', NULL, 0, '0000-00-00', '0000-00-00', 1, 1, '2011-10-01'),
(493, 'Ягунова', 'Жанна', 'Сергеевна', '493Ягунова', '8d5546b7', '0000-00-00', '', '', 'Ягунова Елена Алексеевна', '', '7 (904) 5083249', '', '', '', 659341, '', NULL, 0, '0000-00-00', '0000-00-00', 1, 1, '2011-10-01'),
(494, 'Зимин', 'Богдан', 'Кириллович', 'Zimin.Bogdan', '383855', '0000-00-00', '', '', 'Зимина Лилия Владимировна ', '', '7(908)5148113', '', '', '', 703874, '', '', 0, '0000-00-00', '0000-00-00', 1, 1, '2011-10-01');

DROP TABLE IF EXISTS `sch_students_in_class`;
CREATE TABLE `sch_students_in_class` (
  `class_id` int(10) unsigned NOT NULL,
  `student_id` int(10) unsigned NOT NULL,
  `expeled` int(1) NOT NULL default '0',
  UNIQUE KEY `student_id` (`student_id`),
  KEY `class_id` (`class_id`),
  KEY `expeled` (`expeled`)
) ENGINE=MyISAM /*!40101 DEFAULT CHARSET=utf8 */;

INSERT INTO `sch_students_in_class` VALUES
(1, 1, 0),
(1, 2, 0),
(1, 3, 0),
(1, 4, 0),
(1, 5, 0),
(1, 6, 0),
(1, 7, 0),
(1, 8, 0),
(1, 9, 0),
(1, 10, 0),
(1, 11, 0),
(1, 12, 0),
(1, 13, 0),
(1, 14, 0),
(1, 15, 0),
(1, 16, 0),
(1, 17, 0),
(1, 18, 0),
(1, 19, 0),
(1, 20, 0),
(1, 21, 0),
(1, 22, 0),
(1, 23, 0),
(1, 24, 0),
(1, 25, 0),
(1, 26, 0),
(1, 27, 0),
(1, 28, 0),
(2, 29, 0),
(2, 30, 0),
(2, 31, 0),
(2, 32, 0),
(2, 33, 0),
(2, 34, 0),
(2, 35, 0),
(2, 36, 0),
(2, 37, 0),
(2, 38, 0),
(2, 39, 0),
(2, 40, 0),
(2, 41, 0),
(2, 42, 0),
(2, 43, 0),
(2, 44, 0),
(2, 45, 0),
(2, 46, 0),
(2, 47, 0),
(2, 48, 0),
(2, 49, 0),
(2, 50, 0),
(2, 51, 0),
(2, 52, 0),
(2, 53, 0),
(3, 54, 0),
(3, 55, 0),
(3, 56, 0),
(3, 57, 0),
(3, 58, 0),
(3, 59, 0),
(3, 60, 0),
(3, 61, 0),
(3, 62, 0),
(3, 63, 0),
(3, 64, 0),
(3, 65, 0),
(3, 66, 0),
(3, 67, 0),
(3, 68, 0),
(3, 69, 0),
(3, 70, 0),
(3, 71, 0),
(3, 72, 0),
(3, 73, 0),
(3, 74, 0),
(3, 75, 0),
(3, 76, 0),
(3, 77, 0),
(3, 78, 0),
(3, 79, 0),
(4, 80, 0),
(4, 81, 0),
(4, 82, 0),
(4, 83, 0),
(4, 84, 0),
(4, 85, 0),
(4, 86, 0),
(4, 87, 0),
(4, 88, 0),
(4, 89, 0),
(4, 90, 0),
(4, 91, 0),
(4, 92, 0),
(4, 93, 0),
(4, 94, 0),
(4, 95, 0),
(4, 96, 0),
(4, 97, 0),
(4, 98, 0),
(4, 99, 0),
(4, 100, 0),
(4, 101, 0),
(4, 102, 0),
(4, 103, 0),
(4, 104, 0),
(5, 105, 0),
(5, 106, 0),
(5, 107, 0),
(5, 108, 0),
(5, 109, 0),
(5, 110, 0),
(5, 111, 0),
(5, 112, 0),
(5, 113, 0),
(5, 114, 0),
(5, 115, 0),
(5, 116, 0),
(5, 117, 0),
(5, 118, 0),
(5, 119, 0),
(5, 120, 0),
(5, 121, 0),
(5, 122, 0),
(5, 123, 0),
(5, 124, 0),
(5, 125, 0),
(5, 126, 0),
(5, 127, 0),
(5, 128, 0),
(5, 129, 0),
(5, 130, 0),
(5, 131, 0),
(5, 132, 0),
(6, 133, 0),
(6, 134, 0),
(6, 135, 0),
(6, 136, 0),
(6, 137, 0),
(6, 138, 0),
(6, 139, 0),
(6, 140, 0),
(6, 141, 0),
(6, 142, 0),
(6, 143, 0),
(6, 144, 0),
(6, 145, 0),
(6, 146, 0),
(6, 147, 0),
(6, 148, 0),
(6, 149, 0),
(6, 150, 0),
(6, 151, 0),
(6, 152, 0),
(6, 153, 0),
(6, 154, 0),
(6, 155, 0),
(6, 156, 0),
(6, 157, 0),
(6, 158, 0),
(6, 159, 0),
(7, 160, 0),
(7, 161, 0),
(7, 162, 0),
(7, 163, 0),
(7, 164, 0),
(7, 165, 0),
(7, 166, 0),
(7, 167, 0),
(7, 168, 0),
(7, 169, 0),
(7, 170, 0),
(7, 171, 0),
(7, 172, 0),
(7, 173, 0),
(7, 174, 0),
(7, 175, 0),
(7, 176, 0),
(7, 177, 0),
(7, 178, 0),
(7, 179, 0),
(7, 180, 0),
(7, 181, 0),
(7, 182, 0),
(7, 183, 0),
(7, 184, 0),
(7, 185, 0),
(7, 186, 0),
(7, 187, 0),
(8, 188, 0),
(8, 189, 0),
(8, 190, 0),
(8, 191, 0),
(8, 192, 0),
(8, 193, 0),
(8, 194, 0),
(8, 195, 0),
(8, 196, 0),
(8, 197, 0),
(8, 198, 0),
(8, 199, 0),
(8, 200, 0),
(8, 201, 0),
(8, 202, 0),
(8, 203, 0),
(8, 204, 0),
(8, 205, 0),
(8, 206, 0),
(8, 207, 0),
(8, 208, 0),
(8, 209, 0),
(8, 210, 0),
(8, 211, 0),
(8, 212, 0),
(9, 213, 0),
(9, 214, 0),
(9, 215, 0),
(9, 216, 0),
(9, 217, 0),
(9, 218, 0),
(9, 219, 0),
(9, 220, 0),
(9, 221, 0),
(9, 222, 0),
(9, 223, 0),
(9, 224, 0),
(9, 225, 0),
(9, 226, 0),
(9, 227, 0),
(9, 228, 0),
(9, 229, 0),
(9, 230, 0),
(9, 231, 0),
(9, 232, 0),
(9, 233, 0),
(9, 234, 0),
(10, 235, 0),
(10, 236, 0),
(10, 237, 0),
(10, 238, 0),
(10, 239, 0),
(10, 240, 0),
(10, 241, 0),
(10, 242, 0),
(10, 243, 0),
(10, 244, 0),
(10, 245, 0),
(10, 246, 0),
(10, 247, 0),
(10, 248, 0),
(10, 249, 0),
(10, 250, 0),
(10, 251, 0),
(10, 252, 0),
(10, 253, 0),
(10, 254, 0),
(10, 255, 0),
(10, 257, 0),
(10, 258, 0),
(11, 259, 0),
(11, 260, 0),
(11, 261, 0),
(11, 262, 0),
(11, 263, 0),
(11, 264, 0),
(11, 265, 0),
(11, 266, 0),
(11, 267, 0),
(11, 268, 0),
(11, 269, 0),
(11, 270, 0),
(11, 271, 0),
(11, 272, 0),
(11, 273, 0),
(11, 274, 0),
(11, 275, 0),
(11, 276, 0),
(11, 277, 0),
(11, 278, 0),
(11, 279, 0),
(11, 280, 0),
(11, 281, 0),
(11, 282, 0),
(12, 283, 0),
(12, 284, 0),
(12, 285, 0),
(12, 286, 0),
(12, 287, 0),
(12, 288, 0),
(12, 289, 0),
(12, 290, 0),
(12, 291, 0),
(12, 292, 0),
(12, 293, 0),
(12, 294, 0),
(12, 295, 0),
(12, 296, 0),
(12, 297, 0),
(12, 298, 0),
(13, 299, 0),
(13, 300, 0),
(13, 302, 0),
(13, 303, 0),
(13, 304, 0),
(13, 305, 0),
(13, 306, 0),
(13, 307, 0),
(13, 308, 0),
(13, 309, 0),
(13, 310, 0),
(13, 311, 0),
(13, 312, 0),
(13, 313, 0),
(13, 314, 0),
(13, 315, 0),
(13, 316, 0),
(13, 317, 0),
(13, 318, 0),
(14, 319, 0),
(14, 320, 0),
(14, 321, 0),
(14, 322, 0),
(14, 323, 0),
(14, 324, 0),
(14, 325, 0),
(14, 326, 0),
(14, 327, 0),
(14, 328, 0),
(14, 329, 0),
(14, 330, 0),
(14, 331, 0),
(14, 332, 0),
(14, 333, 0),
(14, 334, 0),
(14, 335, 0),
(14, 336, 0),
(14, 337, 0),
(14, 338, 0),
(14, 339, 0),
(14, 340, 0),
(15, 341, 0),
(15, 342, 0),
(15, 343, 0),
(15, 345, 0),
(15, 346, 0),
(15, 347, 0),
(15, 348, 0),
(15, 349, 0),
(15, 350, 0),
(15, 351, 0),
(15, 352, 0),
(15, 353, 0),
(15, 354, 0),
(15, 355, 0),
(15, 356, 0),
(15, 357, 0),
(15, 358, 0),
(15, 359, 0),
(15, 360, 0),
(15, 361, 0),
(15, 362, 0),
(15, 363, 0),
(15, 364, 0),
(15, 365, 0),
(16, 366, 0),
(16, 367, 0),
(16, 368, 0),
(16, 369, 0),
(16, 370, 0),
(16, 371, 0),
(16, 373, 0),
(16, 374, 0),
(16, 375, 0),
(16, 376, 0),
(16, 377, 0),
(16, 378, 0),
(16, 379, 0),
(16, 380, 0),
(16, 381, 0),
(16, 382, 0),
(16, 383, 0),
(16, 384, 0),
(16, 385, 0),
(16, 386, 0),
(16, 387, 0),
(16, 388, 0),
(16, 389, 0),
(16, 390, 0),
(16, 391, 0),
(16, 392, 0),
(17, 393, 0),
(17, 394, 0),
(17, 395, 0),
(17, 396, 0),
(17, 397, 0),
(17, 398, 0),
(17, 399, 0),
(17, 400, 0),
(17, 401, 0),
(17, 402, 0),
(17, 403, 0),
(17, 404, 0),
(17, 405, 0),
(17, 406, 0),
(17, 407, 0),
(17, 408, 0),
(17, 409, 0),
(17, 410, 0),
(17, 411, 0),
(17, 412, 0),
(18, 413, 0),
(18, 414, 0),
(18, 415, 0),
(18, 416, 0),
(18, 417, 0),
(18, 418, 0),
(18, 419, 0),
(18, 420, 0),
(18, 421, 0),
(18, 422, 0),
(18, 423, 0),
(18, 424, 0),
(18, 425, 0),
(18, 426, 0),
(18, 427, 0),
(18, 428, 0),
(18, 429, 0),
(18, 430, 0),
(18, 431, 0),
(18, 432, 0),
(18, 433, 0),
(18, 434, 0),
(18, 435, 0),
(18, 436, 0),
(18, 437, 0),
(18, 438, 0),
(19, 439, 0),
(19, 440, 0),
(19, 441, 0),
(19, 442, 0),
(19, 443, 0),
(19, 444, 0),
(19, 445, 0),
(19, 446, 0),
(19, 447, 0),
(19, 448, 0),
(19, 449, 0),
(19, 450, 0),
(19, 451, 0),
(19, 452, 0),
(19, 453, 0),
(19, 454, 0),
(19, 455, 0),
(19, 456, 0),
(19, 457, 0),
(19, 458, 0),
(19, 459, 0),
(19, 460, 0),
(19, 461, 0),
(19, 462, 0),
(19, 463, 0),
(19, 464, 0),
(19, 465, 0),
(19, 466, 0),
(19, 467, 0),
(20, 468, 0),
(20, 469, 0),
(20, 470, 0),
(20, 471, 0),
(20, 472, 0),
(20, 473, 0),
(20, 474, 0),
(20, 475, 0),
(20, 476, 0),
(20, 477, 0),
(20, 478, 0),
(20, 479, 0),
(20, 480, 0),
(20, 481, 0),
(20, 482, 0),
(20, 483, 0),
(20, 484, 0),
(20, 485, 0),
(20, 486, 0),
(20, 487, 0),
(20, 488, 0),
(20, 489, 0),
(20, 490, 0),
(20, 491, 0),
(20, 492, 0),
(20, 493, 0),
(2, 494, 0);

DROP TABLE IF EXISTS `sch_students_in_groups`;
CREATE TABLE `sch_students_in_groups` (
  `studgr_id` int(9) unsigned NOT NULL auto_increment,
  `group_id` smallint(2) unsigned NOT NULL,
  `student_id` int(9) unsigned NOT NULL,
  PRIMARY KEY  (`studgr_id`),
  KEY `group_id` (`group_id`),
  KEY `student_id` (`student_id`)
) ENGINE=MyISAM /*!40101 DEFAULT CHARSET=utf8 */;

DROP TABLE IF EXISTS `sch_students_in_parent`;
CREATE TABLE `sch_students_in_parent` (
  `studparent_id` int(9) unsigned NOT NULL auto_increment,
  `parent_id` int(9) unsigned NOT NULL,
  `student_id` int(9) unsigned NOT NULL,
  PRIMARY KEY  (`studparent_id`),
  KEY `student_id` (`student_id`),
  KEY `parent_id` (`parent_id`)
) ENGINE=MyISAM /*!40101 DEFAULT CHARSET=utf8 */;

DROP TABLE IF EXISTS `sch_students_in_service`;
CREATE TABLE `sch_students_in_service` (
  `student_id` int(10) unsigned NOT NULL,
  `service_id` int(10) unsigned NOT NULL,
  `date_add` date NOT NULL default '2011-10-01',
  `tarif` int(10) unsigned NOT NULL default '0',
  UNIQUE KEY `student_id_2` (`student_id`,`service_id`),
  KEY `service_id` (`service_id`),
  KEY `date_add` (`date_add`),
  KEY `student_id` (`student_id`)
) ENGINE=MyISAM /*!40101 DEFAULT CHARSET=utf8 */;

INSERT INTO `sch_students_in_service` VALUES
(1, 1, '2011-10-25', 3000),
(1, 2, '2011-10-25', 2500),
(2, 1, '2011-10-25', 3000),
(2, 2, '2011-10-25', 2500),
(3, 1, '2011-10-25', 3000),
(3, 2, '2011-10-25', 2500),
(4, 1, '2011-10-25', 3000),
(4, 2, '2011-10-25', 2500),
(5, 1, '2011-10-25', 3000),
(5, 2, '2011-10-25', 2500),
(6, 1, '2011-10-25', 3000),
(6, 2, '2011-10-25', 2500),
(7, 1, '2011-10-25', 3000),
(7, 2, '2011-10-25', 2500),
(8, 1, '2011-10-25', 3000),
(8, 2, '2011-10-25', 2500),
(9, 1, '2011-10-25', 3000),
(9, 2, '2011-10-25', 2500),
(10, 1, '2011-10-25', 3000),
(10, 2, '2011-10-25', 2500),
(11, 1, '2011-10-25', 3000),
(11, 2, '2011-10-25', 2500),
(12, 1, '2011-10-25', 3000),
(12, 2, '2011-10-25', 2500),
(13, 1, '2011-10-25', 3000),
(13, 2, '2011-10-25', 2500),
(14, 1, '2011-10-25', 3000),
(14, 2, '2011-10-25', 2500),
(15, 1, '2011-10-25', 3000),
(15, 2, '2011-10-25', 2500),
(16, 1, '2011-10-25', 3000),
(16, 2, '2011-10-25', 2500),
(17, 1, '2011-10-25', 3000),
(17, 2, '2011-10-25', 2500),
(18, 1, '2011-10-25', 3000),
(18, 2, '2011-10-25', 2500),
(19, 1, '2011-10-25', 3000),
(19, 2, '2011-10-25', 2500),
(20, 1, '2011-10-25', 3000),
(20, 2, '2011-10-25', 2500),
(21, 1, '2011-10-25', 3000),
(21, 2, '2011-10-25', 2500),
(22, 1, '2011-10-25', 3000),
(22, 2, '2011-10-25', 2500),
(23, 1, '2011-10-25', 3000),
(23, 2, '2011-10-25', 2500),
(24, 1, '2011-10-25', 3000),
(24, 2, '2011-10-25', 2500),
(25, 1, '2011-10-25', 3000),
(25, 2, '2011-10-25', 2500),
(26, 1, '2011-10-25', 3000),
(26, 2, '2011-10-25', 2500),
(27, 1, '2011-10-25', 3000),
(27, 2, '2011-10-25', 2500),
(28, 1, '2011-10-25', 3000),
(28, 2, '2011-10-25', 2500),
(29, 1, '2011-10-25', 3000),
(29, 2, '2011-10-25', 2500),
(30, 1, '2011-10-25', 3000),
(30, 2, '2011-10-25', 2500),
(31, 1, '2011-10-25', 3000),
(31, 2, '2011-10-25', 2500),
(32, 1, '2011-10-25', 3000),
(32, 2, '2011-10-25', 2500),
(33, 1, '2011-10-25', 3000),
(33, 2, '2011-10-25', 2500),
(34, 1, '2011-10-25', 3000),
(34, 2, '2011-10-25', 2500),
(35, 1, '2011-10-25', 3000),
(35, 2, '2011-10-25', 2500),
(36, 1, '2011-10-25', 3000),
(36, 2, '2011-10-25', 2500),
(37, 1, '2011-10-25', 3000),
(37, 2, '2011-10-25', 2500),
(38, 1, '2011-10-25', 3000),
(38, 2, '2011-10-25', 2500),
(39, 1, '2011-10-25', 3000),
(39, 2, '2011-10-25', 2500),
(40, 1, '2011-10-25', 3000),
(40, 2, '2011-10-25', 2500),
(41, 1, '2011-10-25', 3000),
(41, 2, '2011-10-25', 2500),
(42, 1, '2011-10-25', 3000),
(42, 2, '2011-10-25', 2500),
(43, 1, '2011-10-25', 3000),
(43, 2, '2011-10-25', 2500),
(44, 1, '2011-10-25', 3000),
(44, 2, '2011-10-25', 2500),
(45, 1, '2011-10-25', 3000),
(45, 2, '2011-10-25', 2500),
(46, 1, '2011-10-25', 3000),
(46, 2, '2011-10-25', 2500),
(47, 1, '2011-10-25', 3000),
(47, 2, '2011-10-25', 2500),
(48, 1, '2011-10-25', 3000),
(48, 2, '2011-10-25', 2500),
(49, 1, '2011-10-25', 3000),
(49, 2, '2011-10-25', 2500),
(50, 1, '2011-10-25', 3000),
(50, 2, '2011-10-25', 2500),
(51, 1, '2011-10-25', 3000),
(51, 2, '2011-10-25', 2500),
(52, 1, '2011-10-25', 3000),
(52, 2, '2011-10-25', 2500),
(53, 1, '2011-10-25', 3000),
(53, 2, '2011-10-25', 2500),
(54, 1, '2011-10-25', 3000),
(54, 2, '2011-10-25', 2500),
(55, 1, '2011-10-25', 3000),
(55, 2, '2011-10-25', 2500),
(56, 1, '2011-10-25', 3000),
(56, 2, '2011-10-25', 2500),
(57, 1, '2011-10-25', 3000),
(57, 2, '2011-10-25', 2500),
(58, 1, '2011-10-25', 3000),
(58, 2, '2011-10-25', 2500),
(59, 1, '2011-10-25', 3000),
(59, 2, '2011-10-25', 2500),
(60, 1, '2011-10-25', 3000),
(60, 2, '2011-10-25', 2500),
(61, 1, '2011-10-25', 3000),
(61, 2, '2011-10-25', 2500),
(62, 1, '2011-10-25', 3000),
(62, 2, '2011-10-25', 2500),
(63, 1, '2011-10-25', 3000),
(63, 2, '2011-10-25', 2500),
(64, 1, '2011-10-25', 3000),
(64, 2, '2011-10-25', 2500),
(65, 1, '2011-10-25', 3000),
(65, 2, '2011-10-25', 2500),
(66, 1, '2011-10-25', 3000),
(66, 2, '2011-10-25', 2500),
(67, 1, '2011-10-25', 3000),
(67, 2, '2011-10-25', 2500),
(68, 1, '2011-10-25', 3000),
(68, 2, '2011-10-25', 2500),
(69, 1, '2011-10-25', 3000),
(69, 2, '2011-10-25', 2500),
(70, 1, '2011-10-25', 3000),
(70, 2, '2011-10-25', 2500),
(71, 1, '2011-10-25', 3000),
(71, 2, '2011-10-25', 2500),
(72, 1, '2011-10-25', 3000),
(72, 2, '2011-10-25', 2500),
(73, 1, '2011-10-25', 3000),
(73, 2, '2011-10-25', 2500),
(74, 1, '2011-10-25', 3000),
(74, 2, '2011-10-25', 2500),
(75, 1, '2011-10-25', 3000),
(75, 2, '2011-10-25', 2500),
(76, 1, '2011-10-25', 3000),
(76, 2, '2011-10-25', 2500),
(77, 1, '2011-10-25', 3000),
(77, 2, '2011-10-25', 2500),
(78, 1, '2011-10-25', 3000),
(78, 2, '2011-10-25', 2500),
(79, 1, '2011-10-25', 3000),
(79, 2, '2011-10-25', 2500),
(80, 1, '2011-10-25', 3000),
(80, 2, '2011-10-25', 2500),
(81, 1, '2011-10-25', 3000),
(81, 2, '2011-10-25', 2500),
(82, 1, '2011-10-25', 3000),
(82, 2, '2011-10-25', 2500),
(83, 1, '2011-10-25', 3000),
(83, 2, '2011-10-25', 2500),
(84, 1, '2011-10-25', 3000),
(84, 2, '2011-10-25', 2500),
(85, 1, '2011-10-25', 3000),
(85, 2, '2011-10-25', 2500),
(86, 1, '2011-10-25', 3000),
(86, 2, '2011-10-25', 2500),
(87, 1, '2011-10-25', 3000),
(87, 2, '2011-10-25', 2500),
(88, 1, '2011-10-25', 3000),
(88, 2, '2011-10-25', 2500),
(89, 1, '2011-10-25', 3000),
(89, 2, '2011-10-25', 2500),
(90, 1, '2011-10-25', 3000),
(90, 2, '2011-10-25', 2500),
(91, 1, '2011-10-25', 3000),
(91, 2, '2011-10-25', 2500),
(92, 1, '2011-10-25', 3000),
(92, 2, '2011-10-25', 2500),
(93, 1, '2011-10-25', 3000),
(93, 2, '2011-10-25', 2500),
(94, 1, '2011-10-25', 3000),
(94, 2, '2011-10-25', 2500),
(95, 1, '2011-10-25', 3000),
(95, 2, '2011-10-25', 2500),
(96, 1, '2011-10-25', 3000),
(96, 2, '2011-10-25', 2500),
(97, 1, '2011-10-25', 3000),
(97, 2, '2011-10-25', 2500),
(98, 1, '2011-10-25', 3000),
(98, 2, '2011-10-25', 2500),
(99, 1, '2011-10-25', 3000),
(99, 2, '2011-10-25', 2500),
(100, 1, '2011-10-25', 3000),
(100, 2, '2011-10-25', 2500),
(101, 1, '2011-10-25', 3000),
(101, 2, '2011-10-25', 2500),
(102, 1, '2011-10-25', 3000),
(102, 2, '2011-10-25', 2500),
(103, 1, '2011-10-25', 3000),
(103, 2, '2011-10-25', 2500),
(104, 1, '2011-10-25', 3000),
(104, 2, '2011-10-25', 2500),
(105, 1, '2011-10-25', 3000),
(105, 2, '2011-10-25', 2500),
(106, 1, '2011-10-25', 3000),
(106, 2, '2011-10-25', 2500),
(107, 1, '2011-10-25', 3000),
(107, 2, '2011-10-25', 2500),
(108, 1, '2011-10-25', 3000),
(108, 2, '2011-10-25', 2500),
(109, 1, '2011-10-25', 3000),
(109, 2, '2011-10-25', 2500),
(110, 1, '2011-10-25', 3000),
(110, 2, '2011-10-25', 2500),
(111, 1, '2011-10-25', 3000),
(111, 2, '2011-10-25', 2500),
(112, 1, '2011-10-25', 3000),
(112, 2, '2011-10-25', 2500),
(113, 1, '2011-10-25', 3000),
(113, 2, '2011-10-25', 2500),
(114, 1, '2011-10-25', 3000),
(114, 2, '2011-10-25', 2500),
(115, 1, '2011-10-25', 3000),
(115, 2, '2011-10-25', 2500),
(116, 1, '2011-10-25', 3000),
(116, 2, '2011-10-25', 2500),
(117, 1, '2011-10-25', 3000),
(117, 2, '2011-10-25', 2500),
(118, 1, '2011-10-25', 3000),
(118, 2, '2011-10-25', 2500),
(119, 1, '2011-10-25', 3000),
(119, 2, '2011-10-25', 2500),
(120, 1, '2011-10-25', 3000),
(120, 2, '2011-10-25', 2500),
(121, 1, '2011-10-25', 3000),
(121, 2, '2011-10-25', 2500),
(122, 1, '2011-10-25', 3000),
(122, 2, '2011-10-25', 2500),
(123, 1, '2011-10-25', 3000),
(123, 2, '2011-10-25', 2500),
(124, 1, '2011-10-25', 3000),
(124, 2, '2011-10-25', 2500),
(125, 1, '2011-10-25', 3000),
(125, 2, '2011-10-25', 2500),
(126, 1, '2011-10-25', 3000),
(126, 2, '2011-10-25', 2500),
(127, 1, '2011-10-25', 3000),
(127, 2, '2011-10-25', 2500),
(128, 1, '2011-10-25', 3000),
(128, 2, '2011-10-25', 2500),
(129, 1, '2011-10-25', 3000),
(129, 2, '2011-10-25', 2500),
(130, 1, '2011-10-25', 3000),
(130, 2, '2011-10-25', 2500),
(131, 1, '2011-10-25', 3000),
(131, 2, '2011-10-25', 2500),
(132, 1, '2011-10-25', 3000),
(132, 2, '2011-10-25', 2500),
(133, 1, '2011-10-25', 3000),
(133, 2, '2011-10-25', 2500),
(134, 1, '2011-10-25', 3000),
(134, 2, '2011-10-25', 2500),
(135, 1, '2011-10-25', 3000),
(135, 2, '2011-10-25', 2500),
(136, 1, '2011-10-25', 3000),
(136, 2, '2011-10-25', 2500),
(137, 1, '2011-10-25', 3000),
(137, 2, '2011-10-25', 2500),
(138, 1, '2011-10-25', 3000),
(138, 2, '2011-10-25', 2500),
(139, 1, '2011-10-25', 3000),
(139, 2, '2011-10-25', 2500),
(140, 1, '2011-10-25', 3000),
(140, 2, '2011-10-25', 2500),
(141, 1, '2011-10-25', 3000),
(141, 2, '2011-10-25', 2500),
(142, 1, '2011-10-25', 3000),
(142, 2, '2011-10-25', 2500),
(143, 1, '2011-10-25', 3000),
(143, 2, '2011-10-25', 2500),
(144, 1, '2011-10-25', 3000),
(144, 2, '2011-10-25', 2500),
(145, 1, '2011-10-25', 3000),
(145, 2, '2011-10-25', 2500),
(146, 1, '2011-10-25', 3000),
(146, 2, '2011-10-25', 2500),
(147, 1, '2011-10-25', 3000),
(147, 2, '2011-10-25', 2500),
(148, 1, '2011-10-25', 3000),
(148, 2, '2011-10-25', 2500),
(149, 1, '2011-10-25', 3000),
(149, 2, '2011-10-25', 2500),
(150, 1, '2011-10-25', 3000),
(150, 2, '2011-10-25', 2500),
(151, 1, '2011-10-25', 3000),
(151, 2, '2011-10-25', 2500),
(152, 1, '2011-10-25', 3000),
(152, 2, '2011-10-25', 2500),
(153, 1, '2011-10-25', 3000),
(153, 2, '2011-10-25', 2500),
(154, 1, '2011-10-25', 3000),
(154, 2, '2011-10-25', 2500),
(155, 1, '2011-10-25', 3000),
(155, 2, '2011-10-25', 2500),
(156, 1, '2011-10-25', 3000),
(156, 2, '2011-10-25', 2500),
(157, 1, '2011-10-25', 3000),
(157, 2, '2011-10-25', 2500),
(158, 1, '2011-10-25', 3000),
(158, 2, '2011-10-25', 2500),
(159, 1, '2011-10-25', 3000),
(159, 2, '2011-10-25', 2500),
(160, 1, '2011-10-25', 3000),
(160, 2, '2011-10-25', 2500),
(161, 1, '2011-10-25', 3000),
(161, 2, '2011-10-25', 2500),
(162, 1, '2011-10-25', 3000),
(162, 2, '2011-10-25', 2500),
(163, 1, '2011-10-25', 3000),
(163, 2, '2011-10-25', 2500),
(164, 1, '2011-10-25', 3000),
(164, 2, '2011-10-25', 2500),
(165, 1, '2011-10-25', 3000),
(165, 2, '2011-10-25', 2500),
(166, 1, '2011-10-25', 3000),
(166, 2, '2011-10-25', 2500),
(167, 1, '2011-10-25', 3000),
(167, 2, '2011-10-25', 2500),
(168, 1, '2011-10-25', 3000),
(168, 2, '2011-10-25', 2500),
(169, 1, '2011-10-25', 3000),
(169, 2, '2011-10-25', 2500),
(170, 1, '2011-10-25', 3000),
(170, 2, '2011-10-25', 2500),
(171, 1, '2011-10-25', 3000),
(171, 2, '2011-10-25', 2500),
(172, 1, '2011-10-25', 3000),
(172, 2, '2011-10-25', 2500),
(173, 1, '2011-10-25', 3000),
(173, 2, '2011-10-25', 2500),
(174, 1, '2011-10-25', 3000),
(174, 2, '2011-10-25', 2500),
(175, 1, '2011-10-25', 3000),
(175, 2, '2011-10-25', 2500),
(176, 1, '2011-10-25', 3000),
(176, 2, '2011-10-25', 2500),
(177, 1, '2011-10-25', 3000),
(177, 2, '2011-10-25', 2500),
(178, 1, '2011-10-25', 3000),
(178, 2, '2011-10-25', 2500),
(179, 1, '2011-10-25', 3000),
(179, 2, '2011-10-25', 2500),
(180, 1, '2011-10-25', 3000),
(180, 2, '2011-10-25', 2500),
(181, 1, '2011-10-25', 3000),
(181, 2, '2011-10-25', 2500),
(182, 1, '2011-10-25', 3000),
(182, 2, '2011-10-25', 2500),
(183, 1, '2011-10-25', 3000),
(183, 2, '2011-10-25', 2500),
(184, 1, '2011-10-25', 3000),
(184, 2, '2011-10-25', 2500),
(185, 1, '2011-10-25', 3000),
(185, 2, '2011-10-25', 2500),
(186, 1, '2011-10-25', 3000),
(186, 2, '2011-10-25', 2500),
(187, 1, '2011-10-25', 3000),
(187, 2, '2011-10-25', 2500),
(188, 1, '2011-10-25', 3000),
(188, 2, '2011-10-25', 2500),
(189, 1, '2011-10-25', 3000),
(189, 2, '2011-10-25', 2500),
(190, 1, '2011-10-25', 3000),
(190, 2, '2011-10-25', 2500),
(191, 1, '2011-10-25', 3000),
(191, 2, '2011-10-25', 2500),
(192, 1, '2011-10-25', 3000),
(192, 2, '2011-10-25', 2500),
(193, 1, '2011-10-25', 3000),
(193, 2, '2011-10-25', 2500),
(194, 1, '2011-10-25', 3000),
(194, 2, '2011-10-25', 2500),
(195, 1, '2011-10-25', 3000),
(195, 2, '2011-10-25', 2500),
(196, 1, '2011-10-25', 3000),
(196, 2, '2011-10-25', 2500),
(197, 1, '2011-10-25', 3000),
(197, 2, '2011-10-25', 2500),
(198, 1, '2011-10-25', 3000),
(198, 2, '2011-10-25', 2500),
(199, 1, '2011-10-25', 3000),
(199, 2, '2011-10-25', 2500),
(200, 1, '2011-10-25', 3000),
(200, 2, '2011-10-25', 2500),
(201, 1, '2011-10-25', 3000),
(201, 2, '2011-10-25', 2500),
(202, 1, '2011-10-25', 3000),
(202, 2, '2011-10-25', 2500),
(203, 1, '2011-10-25', 3000),
(203, 2, '2011-10-25', 2500),
(204, 1, '2011-10-25', 3000),
(204, 2, '2011-10-25', 2500),
(205, 1, '2011-10-25', 3000),
(205, 2, '2011-10-25', 2500),
(206, 1, '2011-10-25', 3000),
(206, 2, '2011-10-25', 2500),
(207, 1, '2011-10-25', 3000),
(207, 2, '2011-10-25', 2500),
(208, 1, '2011-10-25', 3000),
(208, 2, '2011-10-25', 2500),
(209, 1, '2011-10-25', 3000),
(209, 2, '2011-10-25', 2500),
(210, 1, '2011-10-25', 3000),
(210, 2, '2011-10-25', 2500),
(211, 1, '2011-10-25', 3000),
(211, 2, '2011-10-25', 2500),
(212, 1, '2011-10-25', 3000),
(212, 2, '2011-10-25', 2500),
(213, 1, '2011-10-25', 3000),
(213, 2, '2011-10-25', 2500),
(214, 1, '2011-10-25', 3000),
(214, 2, '2011-10-25', 2500),
(215, 1, '2011-10-25', 3000),
(215, 2, '2011-10-25', 2500),
(216, 1, '2011-10-25', 3000),
(216, 2, '2011-10-25', 2500),
(217, 1, '2011-10-25', 3000),
(217, 2, '2011-10-25', 2500),
(218, 1, '2011-10-25', 3000),
(218, 2, '2011-10-25', 2500),
(219, 1, '2011-10-25', 3000),
(219, 2, '2011-10-25', 2500),
(220, 1, '2011-10-25', 3000),
(220, 2, '2011-10-25', 2500),
(221, 1, '2011-10-25', 3000),
(221, 2, '2011-10-25', 2500),
(222, 1, '2011-10-25', 3000),
(222, 2, '2011-10-25', 2500),
(223, 1, '2011-10-25', 3000),
(223, 2, '2011-10-25', 2500),
(224, 1, '2011-10-25', 3000),
(224, 2, '2011-10-25', 2500),
(225, 1, '2011-10-25', 3000),
(225, 2, '2011-10-25', 2500),
(226, 1, '2011-10-25', 3000),
(226, 2, '2011-10-25', 2500),
(227, 1, '2011-10-25', 3000),
(227, 2, '2011-10-25', 2500),
(228, 1, '2011-10-25', 3000),
(228, 2, '2011-10-25', 2500),
(229, 1, '2011-10-25', 3000),
(229, 2, '2011-10-25', 2500),
(230, 1, '2011-10-25', 3000),
(230, 2, '2011-10-25', 2500),
(231, 1, '2011-10-25', 3000),
(231, 2, '2011-10-25', 2500),
(232, 1, '2011-10-25', 3000),
(232, 2, '2011-10-25', 2500),
(233, 1, '2011-10-25', 3000),
(233, 2, '2011-10-25', 2500),
(234, 1, '2011-10-25', 3000),
(234, 2, '2011-10-25', 2500),
(235, 1, '2011-10-25', 3000),
(235, 2, '2011-10-25', 2500),
(236, 1, '2011-10-25', 3000),
(236, 2, '2011-10-25', 2500),
(237, 1, '2011-10-25', 3000),
(237, 2, '2011-10-25', 2500),
(238, 1, '2011-10-25', 3000),
(238, 2, '2011-10-25', 2500),
(239, 1, '2011-10-25', 3000),
(239, 2, '2011-10-25', 2500),
(240, 1, '2011-10-25', 3000),
(240, 2, '2011-10-25', 2500),
(241, 1, '2011-10-25', 3000),
(241, 2, '2011-10-25', 2500),
(242, 1, '2011-10-25', 3000),
(242, 2, '2011-10-25', 2500),
(243, 1, '2011-10-25', 3000),
(243, 2, '2011-10-25', 2500),
(244, 1, '2011-10-25', 3000),
(244, 2, '2011-10-25', 2500),
(245, 1, '2011-10-25', 3000),
(245, 2, '2011-10-25', 2500),
(246, 1, '2011-10-25', 3000),
(246, 2, '2011-10-25', 2500),
(247, 1, '2011-10-25', 3000),
(247, 2, '2011-10-25', 2500),
(248, 1, '2011-10-25', 3000),
(248, 2, '2011-10-25', 2500),
(249, 1, '2011-10-25', 3000),
(249, 2, '2011-10-25', 2500),
(250, 1, '2011-10-25', 3000),
(250, 2, '2011-10-25', 2500),
(251, 1, '2011-10-25', 3000),
(251, 2, '2011-10-25', 2500),
(252, 1, '2011-10-25', 3000),
(252, 2, '2011-10-25', 2500),
(253, 1, '2011-10-25', 3000),
(253, 2, '2011-10-25', 2500),
(254, 1, '2011-10-25', 3000),
(254, 2, '2011-10-25', 2500),
(255, 1, '2011-10-25', 3000),
(255, 2, '2011-10-25', 2500),
(256, 1, '2011-10-25', 3000),
(256, 2, '2011-10-25', 2500),
(257, 1, '2011-10-25', 3000),
(257, 2, '2011-10-25', 2500),
(258, 1, '2011-10-25', 3000),
(258, 2, '2011-10-25', 2500),
(259, 1, '2011-10-25', 3000),
(259, 2, '2011-10-25', 2500),
(260, 1, '2011-10-25', 3000),
(260, 2, '2011-10-25', 2500),
(261, 1, '2011-10-25', 3000),
(261, 2, '2011-10-25', 2500),
(262, 1, '2011-10-25', 3000),
(262, 2, '2011-10-25', 2500),
(263, 1, '2011-10-25', 3000),
(263, 2, '2011-10-25', 2500),
(264, 1, '2011-10-25', 3000),
(264, 2, '2011-10-25', 2500),
(265, 1, '2011-10-25', 3000),
(265, 2, '2011-10-25', 2500),
(266, 1, '2011-10-25', 3000),
(266, 2, '2011-10-25', 2500),
(267, 1, '2011-10-25', 3000),
(267, 2, '2011-10-25', 2500),
(268, 1, '2011-10-25', 3000),
(268, 2, '2011-10-25', 2500),
(269, 1, '2011-10-25', 3000),
(269, 2, '2011-10-25', 2500),
(270, 1, '2011-10-25', 3000),
(270, 2, '2011-10-25', 2500),
(271, 1, '2011-10-25', 3000),
(271, 2, '2011-10-25', 2500),
(272, 1, '2011-10-25', 3000),
(272, 2, '2011-10-25', 2500),
(273, 1, '2011-10-25', 3000),
(273, 2, '2011-10-25', 2500),
(274, 1, '2011-10-25', 3000),
(274, 2, '2011-10-25', 2500),
(275, 1, '2011-10-25', 3000),
(275, 2, '2011-10-25', 2500),
(276, 1, '2011-10-25', 3000),
(276, 2, '2011-10-25', 2500),
(277, 1, '2011-10-25', 3000),
(277, 2, '2011-10-25', 2500),
(278, 1, '2011-10-25', 3000),
(278, 2, '2011-10-25', 2500),
(279, 1, '2011-10-25', 3000),
(279, 2, '2011-10-25', 2500),
(280, 1, '2011-10-25', 3000),
(280, 2, '2011-10-25', 2500),
(281, 1, '2011-10-25', 3000),
(281, 2, '2011-10-25', 2500),
(282, 1, '2011-10-25', 3000),
(282, 2, '2011-10-25', 2500),
(283, 1, '2011-10-25', 3000),
(283, 2, '2011-10-25', 2500),
(284, 1, '2011-10-25', 3000),
(284, 2, '2011-10-25', 2500),
(285, 1, '2011-10-25', 3000),
(285, 2, '2011-10-25', 2500),
(286, 1, '2011-10-25', 3000),
(286, 2, '2011-10-25', 2500),
(287, 1, '2011-10-25', 3000),
(287, 2, '2011-10-25', 2500),
(288, 1, '2011-10-25', 3000),
(288, 2, '2011-10-25', 2500),
(289, 1, '2011-10-25', 3000),
(289, 2, '2011-10-25', 2500),
(290, 1, '2011-10-25', 3000),
(290, 2, '2011-10-25', 2500),
(291, 1, '2011-10-25', 3000),
(291, 2, '2011-10-25', 2500),
(292, 1, '2011-10-25', 3000),
(292, 2, '2011-10-25', 2500),
(293, 1, '2011-10-25', 3000),
(293, 2, '2011-10-25', 2500),
(294, 1, '2011-10-25', 3000),
(294, 2, '2011-10-25', 2500),
(295, 1, '2011-10-25', 3000),
(295, 2, '2011-10-25', 2500),
(296, 1, '2011-10-25', 3000),
(296, 2, '2011-10-25', 2500),
(297, 1, '2011-10-25', 3000),
(297, 2, '2011-10-25', 2500),
(298, 1, '2011-10-25', 3000),
(298, 2, '2011-10-25', 2500),
(299, 1, '2011-10-25', 3000),
(299, 2, '2011-10-25', 2500),
(300, 1, '2011-10-25', 3000),
(300, 2, '2011-10-25', 2500),
(301, 1, '2011-10-25', 3000),
(301, 2, '2011-10-25', 2500),
(302, 1, '2011-10-25', 3000),
(302, 2, '2011-10-25', 2500),
(303, 1, '2011-10-25', 3000),
(303, 2, '2011-10-25', 2500),
(304, 1, '2011-10-25', 3000),
(304, 2, '2011-10-25', 2500),
(305, 1, '2011-10-25', 3000),
(305, 2, '2011-10-25', 2500),
(306, 1, '2011-10-25', 3000),
(306, 2, '2011-10-25', 2500),
(307, 1, '2011-10-25', 3000),
(307, 2, '2011-10-25', 2500),
(308, 1, '2011-10-25', 3000),
(308, 2, '2011-10-25', 2500),
(309, 1, '2011-10-25', 3000),
(309, 2, '2011-10-25', 2500),
(310, 1, '2011-10-25', 3000),
(310, 2, '2011-10-25', 2500),
(311, 1, '2011-10-25', 3000),
(311, 2, '2011-10-25', 2500),
(312, 1, '2011-10-25', 3000),
(312, 2, '2011-10-25', 2500),
(313, 1, '2011-10-25', 3000),
(313, 2, '2011-10-25', 2500),
(314, 1, '2011-10-25', 3000),
(314, 2, '2011-10-25', 2500),
(315, 1, '2011-10-25', 3000),
(315, 2, '2011-10-25', 2500),
(316, 1, '2011-10-25', 3000),
(316, 2, '2011-10-25', 2500),
(317, 1, '2011-10-25', 3000),
(317, 2, '2011-10-25', 2500),
(318, 1, '2011-10-25', 3000),
(318, 2, '2011-10-25', 2500),
(319, 1, '2011-10-25', 3000),
(319, 2, '2011-10-25', 2500),
(320, 1, '2011-10-25', 3000),
(320, 2, '2011-10-25', 2500),
(321, 1, '2011-10-25', 3000),
(321, 2, '2011-10-25', 2500),
(322, 1, '2011-10-25', 3000),
(322, 2, '2011-10-25', 2500),
(323, 1, '2011-10-25', 3000),
(323, 2, '2011-10-25', 2500),
(324, 1, '2011-10-25', 3000),
(324, 2, '2011-10-25', 2500),
(325, 1, '2011-10-25', 3000),
(325, 2, '2011-10-25', 2500),
(326, 1, '2011-10-25', 3000),
(326, 2, '2011-10-25', 2500),
(327, 1, '2011-10-25', 3000),
(327, 2, '2011-10-25', 2500),
(328, 1, '2011-10-25', 3000),
(328, 2, '2011-10-25', 2500),
(329, 1, '2011-10-25', 3000),
(329, 2, '2011-10-25', 2500),
(330, 1, '2011-10-25', 3000),
(330, 2, '2011-10-25', 2500),
(331, 1, '2011-10-25', 3000),
(331, 2, '2011-10-25', 2500),
(332, 1, '2011-10-25', 3000),
(332, 2, '2011-10-25', 2500),
(333, 1, '2011-10-25', 3000),
(333, 2, '2011-10-25', 2500),
(334, 1, '2011-10-25', 3000),
(334, 2, '2011-10-25', 2500),
(335, 1, '2011-10-25', 3000),
(335, 2, '2011-10-25', 2500),
(336, 1, '2011-10-25', 3000),
(336, 2, '2011-10-25', 2500),
(337, 1, '2011-10-25', 3000),
(337, 2, '2011-10-25', 2500),
(338, 1, '2011-10-25', 3000),
(338, 2, '2011-10-25', 2500),
(339, 1, '2011-10-25', 3000),
(339, 2, '2011-10-25', 2500),
(340, 1, '2011-10-25', 3000),
(340, 2, '2011-10-25', 2500),
(341, 1, '2011-10-25', 3000),
(341, 2, '2011-10-25', 2500),
(342, 1, '2011-10-25', 3000),
(342, 2, '2011-10-25', 2500),
(343, 1, '2011-10-25', 3000),
(343, 2, '2011-10-25', 2500),
(344, 1, '2011-10-25', 3000),
(344, 2, '2011-10-25', 2500),
(345, 1, '2011-10-25', 3000),
(345, 2, '2011-10-25', 2500),
(346, 1, '2011-10-25', 3000),
(346, 2, '2011-10-25', 2500),
(347, 1, '2011-10-25', 3000),
(347, 2, '2011-10-25', 2500),
(348, 1, '2011-10-25', 3000),
(348, 2, '2011-10-25', 2500),
(349, 1, '2011-10-25', 3000),
(349, 2, '2011-10-25', 2500),
(350, 1, '2011-10-25', 3000),
(350, 2, '2011-10-25', 2500),
(351, 1, '2011-10-25', 3000),
(351, 2, '2011-10-25', 2500),
(352, 1, '2011-10-25', 3000),
(352, 2, '2011-10-25', 2500),
(353, 1, '2011-10-25', 3000),
(353, 2, '2011-10-25', 2500),
(354, 1, '2011-10-25', 3000),
(354, 2, '2011-10-25', 2500),
(355, 1, '2011-10-25', 3000),
(355, 2, '2011-10-25', 2500),
(356, 1, '2011-10-25', 3000),
(356, 2, '2011-10-25', 2500),
(357, 1, '2011-10-25', 3000),
(357, 2, '2011-10-25', 2500),
(358, 1, '2011-10-25', 3000),
(358, 2, '2011-10-25', 2500),
(359, 1, '2011-10-25', 3000),
(359, 2, '2011-10-25', 2500),
(360, 1, '2011-10-25', 3000),
(360, 2, '2011-10-25', 2500),
(361, 1, '2011-10-25', 3000),
(361, 2, '2011-10-25', 2500),
(362, 1, '2011-10-25', 3000),
(362, 2, '2011-10-25', 2500),
(363, 1, '2011-10-25', 3000),
(363, 2, '2011-10-25', 2500),
(364, 1, '2011-10-25', 3000),
(364, 2, '2011-10-25', 2500),
(365, 1, '2011-10-25', 3000),
(365, 2, '2011-10-25', 2500),
(366, 1, '2011-10-25', 3000),
(366, 2, '2011-10-25', 2500),
(367, 1, '2011-10-25', 3000),
(367, 2, '2011-10-25', 2500),
(368, 1, '2011-10-25', 3000),
(368, 2, '2011-10-25', 2500),
(369, 1, '2011-10-25', 3000),
(369, 2, '2011-10-25', 2500),
(370, 1, '2011-10-25', 3000),
(370, 2, '2011-10-25', 2500),
(371, 1, '2011-10-25', 3000),
(371, 2, '2011-10-25', 2500),
(372, 1, '2011-10-25', 3000),
(372, 2, '2011-10-25', 2500),
(373, 1, '2011-10-25', 3000),
(373, 2, '2011-10-25', 2500),
(374, 1, '2011-10-25', 3000),
(374, 2, '2011-10-25', 2500),
(375, 1, '2011-10-25', 3000),
(375, 2, '2011-10-25', 2500),
(376, 1, '2011-10-25', 3000),
(376, 2, '2011-10-25', 2500),
(377, 1, '2011-10-25', 3000),
(377, 2, '2011-10-25', 2500),
(378, 1, '2011-10-25', 3000),
(378, 2, '2011-10-25', 2500),
(379, 1, '2011-10-25', 3000),
(379, 2, '2011-10-25', 2500),
(380, 1, '2011-10-25', 3000),
(380, 2, '2011-10-25', 2500),
(381, 1, '2011-10-25', 3000),
(381, 2, '2011-10-25', 2500),
(382, 1, '2011-10-25', 3000),
(382, 2, '2011-10-25', 2500),
(383, 1, '2011-10-25', 3000),
(383, 2, '2011-10-25', 2500),
(384, 1, '2011-10-25', 3000),
(384, 2, '2011-10-25', 2500),
(385, 1, '2011-10-25', 3000),
(385, 2, '2011-10-25', 2500),
(386, 1, '2011-10-25', 3000),
(386, 2, '2011-10-25', 2500),
(387, 1, '2011-10-25', 3000),
(387, 2, '2011-10-25', 2500),
(388, 1, '2011-10-25', 3000),
(388, 2, '2011-10-25', 2500),
(389, 1, '2011-10-25', 3000),
(389, 2, '2011-10-25', 2500),
(390, 1, '2011-10-25', 3000),
(390, 2, '2011-10-25', 2500),
(391, 1, '2011-10-25', 3000),
(391, 2, '2011-10-25', 2500),
(392, 1, '2011-10-25', 3000),
(392, 2, '2011-10-25', 2500),
(393, 1, '2011-10-25', 3000),
(393, 2, '2011-10-25', 2500),
(394, 1, '2011-10-25', 3000),
(394, 2, '2011-10-25', 2500),
(395, 1, '2011-10-25', 3000),
(395, 2, '2011-10-25', 2500),
(396, 1, '2011-10-25', 3000),
(396, 2, '2011-10-25', 2500),
(397, 1, '2011-10-25', 3000),
(397, 2, '2011-10-25', 2500),
(398, 1, '2011-10-25', 3000),
(398, 2, '2011-10-25', 2500),
(399, 1, '2011-10-25', 3000),
(399, 2, '2011-10-25', 2500),
(400, 1, '2011-10-25', 3000),
(400, 2, '2011-10-25', 2500),
(401, 1, '2011-10-25', 3000),
(401, 2, '2011-10-25', 2500),
(402, 1, '2011-10-25', 3000),
(402, 2, '2011-10-25', 2500),
(403, 1, '2011-10-25', 3000),
(403, 2, '2011-10-25', 2500),
(404, 1, '2011-10-25', 3000),
(404, 2, '2011-10-25', 2500),
(405, 1, '2011-10-25', 3000),
(405, 2, '2011-10-25', 2500),
(406, 1, '2011-10-25', 3000),
(406, 2, '2011-10-25', 2500),
(407, 1, '2011-10-25', 3000),
(407, 2, '2011-10-25', 2500),
(408, 1, '2011-10-25', 3000),
(408, 2, '2011-10-25', 2500),
(409, 1, '2011-10-25', 3000),
(409, 2, '2011-10-25', 2500),
(410, 1, '2011-10-25', 3000),
(410, 2, '2011-10-25', 2500),
(411, 1, '2011-10-25', 3000),
(411, 2, '2011-10-25', 2500),
(412, 1, '2011-10-25', 3000),
(412, 2, '2011-10-25', 2500),
(413, 1, '2011-10-25', 3000),
(413, 2, '2011-10-25', 2500),
(414, 1, '2011-10-25', 3000),
(414, 2, '2011-10-25', 2500),
(415, 1, '2011-10-25', 3000),
(415, 2, '2011-10-25', 2500),
(416, 1, '2011-10-25', 3000),
(416, 2, '2011-10-25', 2500),
(417, 1, '2011-10-25', 3000),
(417, 2, '2011-10-25', 2500),
(418, 1, '2011-10-25', 3000),
(418, 2, '2011-10-25', 2500),
(419, 1, '2011-10-25', 3000),
(419, 2, '2011-10-25', 2500),
(420, 1, '2011-10-25', 3000),
(420, 2, '2011-10-25', 2500),
(421, 1, '2011-10-25', 3000),
(421, 2, '2011-10-25', 2500),
(422, 1, '2011-10-25', 3000),
(422, 2, '2011-10-25', 2500),
(423, 1, '2011-10-25', 3000),
(423, 2, '2011-10-25', 2500),
(424, 1, '2011-10-25', 3000),
(424, 2, '2011-10-25', 2500),
(425, 1, '2011-10-25', 3000),
(425, 2, '2011-10-25', 2500),
(426, 1, '2011-10-25', 3000),
(426, 2, '2011-10-25', 2500),
(427, 1, '2011-10-25', 3000),
(427, 2, '2011-10-25', 2500),
(428, 1, '2011-10-25', 3000),
(428, 2, '2011-10-25', 2500),
(429, 1, '2011-10-25', 3000),
(429, 2, '2011-10-25', 2500),
(430, 1, '2011-10-25', 3000),
(430, 2, '2011-10-25', 2500),
(431, 1, '2011-10-25', 3000),
(431, 2, '2011-10-25', 2500),
(432, 1, '2011-10-25', 3000),
(432, 2, '2011-10-25', 2500),
(433, 1, '2011-10-25', 3000),
(433, 2, '2011-10-25', 2500),
(434, 1, '2011-10-25', 3000),
(434, 2, '2011-10-25', 2500),
(435, 1, '2011-10-25', 3000),
(435, 2, '2011-10-25', 2500),
(436, 1, '2011-10-25', 3000),
(436, 2, '2011-10-25', 2500),
(437, 1, '2011-10-25', 3000),
(437, 2, '2011-10-25', 2500),
(438, 1, '2011-10-25', 3000),
(438, 2, '2011-10-25', 2500),
(439, 1, '2011-10-25', 3000),
(439, 2, '2011-10-25', 2500),
(440, 1, '2011-10-25', 3000),
(440, 2, '2011-10-25', 2500),
(441, 1, '2011-10-25', 3000),
(441, 2, '2011-10-25', 2500),
(442, 1, '2011-10-25', 3000),
(442, 2, '2011-10-25', 2500),
(443, 1, '2011-10-25', 3000),
(443, 2, '2011-10-25', 2500),
(444, 1, '2011-10-25', 3000),
(444, 2, '2011-10-25', 2500),
(445, 1, '2011-10-25', 3000),
(445, 2, '2011-10-25', 2500),
(446, 1, '2011-10-25', 3000),
(446, 2, '2011-10-25', 2500),
(447, 1, '2011-10-25', 3000),
(447, 2, '2011-10-25', 2500),
(448, 1, '2011-10-25', 3000),
(448, 2, '2011-10-25', 2500),
(449, 1, '2011-10-25', 3000),
(449, 2, '2011-10-25', 2500),
(450, 1, '2011-10-25', 3000),
(450, 2, '2011-10-25', 2500),
(451, 1, '2011-10-25', 3000),
(451, 2, '2011-10-25', 2500),
(452, 1, '2011-10-25', 3000),
(452, 2, '2011-10-25', 2500),
(453, 1, '2011-10-25', 3000),
(453, 2, '2011-10-25', 2500),
(454, 1, '2011-10-25', 3000),
(454, 2, '2011-10-25', 2500),
(455, 1, '2011-10-25', 3000),
(455, 2, '2011-10-25', 2500),
(456, 1, '2011-10-25', 3000),
(456, 2, '2011-10-25', 2500),
(457, 1, '2011-10-25', 3000),
(457, 2, '2011-10-25', 2500),
(458, 1, '2011-10-25', 3000),
(458, 2, '2011-10-25', 2500),
(459, 1, '2011-10-25', 3000),
(459, 2, '2011-10-25', 2500),
(460, 1, '2011-10-25', 3000),
(460, 2, '2011-10-25', 2500),
(461, 1, '2011-10-25', 3000),
(461, 2, '2011-10-25', 2500),
(462, 1, '2011-10-25', 3000),
(462, 2, '2011-10-25', 2500),
(463, 1, '2011-10-25', 3000),
(463, 2, '2011-10-25', 2500),
(464, 1, '2011-10-25', 3000),
(464, 2, '2011-10-25', 2500),
(465, 1, '2011-10-25', 3000),
(465, 2, '2011-10-25', 2500),
(466, 1, '2011-10-25', 3000),
(466, 2, '2011-10-25', 2500),
(467, 1, '2011-10-25', 3000),
(467, 2, '2011-10-25', 2500),
(468, 1, '2011-10-25', 3000),
(468, 2, '2011-10-25', 2500),
(469, 1, '2011-10-25', 3000),
(469, 2, '2011-10-25', 2500),
(470, 1, '2011-10-25', 3000),
(470, 2, '2011-10-25', 2500),
(471, 1, '2011-10-25', 3000),
(471, 2, '2011-10-25', 2500),
(472, 1, '2011-10-25', 3000),
(472, 2, '2011-10-25', 2500),
(473, 1, '2011-10-25', 3000),
(473, 2, '2011-10-25', 2500),
(474, 1, '2011-10-25', 3000),
(474, 2, '2011-10-25', 2500),
(475, 1, '2011-10-25', 3000),
(475, 2, '2011-10-25', 2500),
(476, 1, '2011-10-25', 3000),
(476, 2, '2011-10-25', 2500),
(477, 1, '2011-10-25', 3000),
(477, 2, '2011-10-25', 2500),
(478, 1, '2011-10-25', 3000),
(478, 2, '2011-10-25', 2500),
(479, 1, '2011-10-25', 3000),
(479, 2, '2011-10-25', 2500),
(480, 1, '2011-10-25', 3000),
(480, 2, '2011-10-25', 2500),
(481, 1, '2011-10-25', 3000),
(481, 2, '2011-10-25', 2500),
(482, 1, '2011-10-25', 3000),
(482, 2, '2011-10-25', 2500),
(483, 1, '2011-10-25', 3000),
(483, 2, '2011-10-25', 2500),
(484, 1, '2011-10-25', 3000),
(484, 2, '2011-10-25', 2500),
(485, 1, '2011-10-25', 3000),
(485, 2, '2011-10-25', 2500),
(486, 1, '2011-10-25', 3000),
(486, 2, '2011-10-25', 2500),
(487, 1, '2011-10-25', 3000),
(487, 2, '2011-10-25', 2500),
(488, 1, '2011-10-25', 3000),
(488, 2, '2011-10-25', 2500),
(489, 1, '2011-10-25', 3000),
(489, 2, '2011-10-25', 2500),
(490, 1, '2011-10-25', 3000),
(490, 2, '2011-10-25', 2500),
(491, 1, '2011-10-25', 3000),
(491, 2, '2011-10-25', 2500),
(492, 1, '2011-10-25', 3000),
(492, 2, '2011-10-25', 2500),
(493, 1, '2011-10-25', 3000),
(493, 2, '2011-10-25', 2500);

DROP TABLE IF EXISTS `sch_students_on_lesson`;
CREATE TABLE `sch_students_on_lesson` (
  `studless_id` bigint(20) unsigned NOT NULL auto_increment,
  `student_id` int(10) unsigned NOT NULL,
  `lesson_id` int(10) unsigned NOT NULL,
  `grade` char(5) NOT NULL,
  `behavior` int(2) unsigned NOT NULL default '0',
  `quater` int(2) unsigned NOT NULL default '0',
  `subj_id` varchar(25) NOT NULL,
  `date_grade` datetime default NULL COMMENT 'дата отсылки оценок',
  `date_note` datetime default NULL COMMENT 'дата отсылки замечаний',
  `note` text COMMENT 'Замечания',
  PRIMARY KEY  (`studless_id`),
  KEY `student_id` (`student_id`),
  KEY `lesson_id` (`lesson_id`),
  KEY `quater` (`quater`),
  KEY `subj_id` (`subj_id`),
  KEY `date_grade` (`date_grade`),
  KEY `date_note` (`date_note`)
) ENGINE=MyISAM AUTO_INCREMENT=11 /*!40101 DEFAULT CHARSET=utf8 */;

INSERT INTO `sch_students_on_lesson` VALUES
(1, 188, 1, '4', 1, 1, '282', NULL, NULL, NULL),
(2, 189, 1, '2', 1, 1, '282', NULL, NULL, NULL),
(3, 192, 1, '4', 1, 1, '282', NULL, NULL, NULL),
(4, 196, 1, '5', 1, 1, '282', NULL, NULL, NULL),
(5, 197, 1, '5', 1, 1, '282', NULL, NULL, NULL),
(6, 203, 1, '5', 1, 1, '282', NULL, NULL, NULL),
(7, 204, 1, '5', 1, 1, '282', NULL, NULL, NULL),
(8, 206, 1, '4', 1, 1, '282', NULL, NULL, NULL),
(9, 208, 1, '5', 1, 1, '282', NULL, NULL, NULL),
(10, 210, 1, '5', 1, 1, '282', NULL, NULL, NULL);

DROP TABLE IF EXISTS `sch_subjects`;
CREATE TABLE `sch_subjects` (
  `subject_id` int(10) unsigned NOT NULL auto_increment,
  `discipline_id` int(10) unsigned NOT NULL,
  `teacher_id` int(10) unsigned NOT NULL,
  `class_id` int(10) unsigned NOT NULL,
  PRIMARY KEY  (`subject_id`),
  KEY `teacher_id` (`teacher_id`),
  KEY `class_id` (`class_id`),
  KEY `discipline_id` (`discipline_id`)
) ENGINE=MyISAM AUTO_INCREMENT=305 /*!40101 DEFAULT CHARSET=utf8 */;

INSERT INTO `sch_subjects` VALUES
(1, 1, 1, 12),
(2, 1, 1, 19),
(3, 2, 1, 12),
(4, 2, 1, 19),
(5, 3, 2, 10),
(6, 3, 2, 15),
(7, 3, 2, 16),
(8, 4, 2, 10),
(9, 4, 2, 15),
(10, 4, 2, 16),
(11, 5, 2, 10),
(12, 5, 2, 15),
(13, 5, 2, 16),
(14, 6, 3, 17),
(15, 6, 3, 18),
(16, 6, 3, 19),
(17, 6, 3, 20),
(18, 7, 4, 1),
(19, 3, 4, 1),
(20, 1, 4, 1),
(21, 8, 4, 1),
(22, 9, 4, 1),
(23, 3, 5, 8),
(24, 3, 5, 9),
(25, 3, 5, 13),
(26, 3, 5, 14),
(27, 4, 5, 8),
(28, 4, 5, 9),
(29, 4, 5, 13),
(30, 4, 5, 14),
(31, 5, 5, 8),
(32, 5, 5, 9),
(33, 5, 5, 13),
(34, 5, 5, 14),
(35, 7, 6, 4),
(36, 3, 6, 4),
(37, 10, 6, 4),
(38, 1, 6, 4),
(39, 8, 6, 4),
(40, 9, 6, 4),
(41, 7, 7, 3),
(42, 3, 7, 3),
(43, 10, 7, 3),
(44, 1, 7, 3),
(45, 8, 7, 3),
(46, 9, 7, 3),
(47, 1, 8, 11),
(48, 1, 8, 13),
(49, 1, 8, 20),
(50, 2, 8, 11),
(51, 2, 8, 13),
(52, 2, 8, 20),
(53, 7, 9, 6),
(54, 3, 9, 6),
(55, 10, 9, 6),
(56, 1, 9, 6),
(57, 8, 9, 6),
(58, 9, 9, 6),
(59, 11, 10, 4),
(60, 11, 10, 5),
(61, 11, 10, 6),
(62, 11, 10, 7),
(63, 11, 10, 8),
(64, 11, 10, 9),
(65, 11, 10, 13),
(66, 11, 10, 14),
(67, 11, 10, 15),
(68, 11, 10, 16),
(69, 11, 10, 19),
(70, 11, 10, 20),
(71, 12, 10, 15),
(72, 12, 10, 16),
(73, 12, 10, 19),
(74, 12, 10, 20),
(75, 1, 11, 9),
(76, 1, 11, 14),
(77, 1, 11, 18),
(78, 2, 11, 9),
(79, 2, 11, 14),
(80, 2, 11, 18),
(81, 7, 12, 7),
(82, 3, 12, 7),
(83, 10, 12, 7),
(84, 1, 12, 7),
(85, 8, 12, 7),
(86, 9, 12, 7),
(87, 1, 13, 8),
(88, 1, 13, 10),
(89, 1, 13, 17),
(90, 2, 13, 8),
(91, 2, 13, 10),
(92, 2, 13, 17),
(93, 7, 14, 12),
(94, 7, 14, 13),
(95, 7, 14, 14),
(96, 7, 14, 15),
(97, 7, 14, 16),
(98, 7, 14, 17),
(99, 7, 14, 18),
(100, 7, 14, 20),
(101, 7, 15, 5),
(102, 3, 15, 5),
(103, 10, 15, 5),
(104, 1, 15, 5),
(105, 8, 15, 5),
(106, 9, 15, 5),
(107, 7, 16, 2),
(108, 3, 16, 2),
(109, 10, 16, 2),
(110, 1, 16, 2),
(111, 8, 16, 2),
(112, 9, 16, 2),
(113, 7, 17, 8),
(114, 7, 17, 9),
(115, 13, 18, 10),
(116, 13, 18, 11),
(117, 13, 18, 12),
(118, 13, 18, 13),
(119, 13, 18, 14),
(120, 13, 18, 15),
(121, 13, 18, 16),
(122, 13, 18, 17),
(123, 13, 18, 18),
(124, 13, 18, 19),
(125, 13, 18, 20),
(126, 14, 19, 10),
(127, 14, 19, 11),
(128, 14, 19, 12),
(129, 14, 19, 13),
(130, 14, 19, 14),
(131, 14, 19, 15),
(132, 14, 19, 16),
(133, 15, 19, 13),
(134, 15, 19, 14),
(135, 15, 19, 15),
(136, 15, 19, 16),
(137, 16, 20, 4),
(138, 16, 20, 5),
(139, 16, 20, 7),
(140, 16, 20, 8),
(141, 16, 20, 9),
(142, 16, 20, 10),
(143, 16, 20, 11),
(144, 16, 20, 12),
(145, 16, 20, 13),
(146, 16, 20, 14),
(147, 16, 20, 18),
(148, 10, 21, 8),
(149, 10, 21, 9),
(150, 10, 21, 10),
(151, 10, 21, 11),
(152, 10, 21, 13),
(153, 10, 21, 14),
(154, 10, 21, 15),
(155, 10, 21, 16),
(156, 17, 21, 8),
(157, 17, 21, 9),
(158, 17, 21, 10),
(159, 17, 21, 11),
(160, 17, 21, 13),
(161, 17, 21, 14),
(162, 17, 21, 15),
(163, 17, 21, 16),
(164, 7, 21, 10),
(165, 7, 21, 11),
(166, 7, 22, 21),
(167, 3, 22, 21),
(168, 10, 22, 21),
(169, 1, 22, 21),
(170, 8, 22, 21),
(171, 9, 22, 21),
(172, 18, 23, 1),
(173, 18, 23, 2),
(174, 18, 23, 3),
(175, 18, 23, 4),
(176, 18, 23, 5),
(177, 18, 23, 6),
(178, 18, 23, 7),
(179, 18, 23, 8),
(180, 18, 23, 9),
(181, 18, 23, 10),
(182, 18, 23, 11),
(183, 18, 23, 12),
(184, 18, 23, 13),
(185, 18, 23, 14),
(186, 1, 24, 15),
(187, 1, 24, 16),
(188, 2, 24, 15),
(189, 2, 24, 16),
(190, 3, 25, 11),
(191, 3, 25, 12),
(192, 11, 26, 1),
(193, 11, 26, 2),
(194, 11, 26, 3),
(195, 11, 26, 10),
(196, 11, 26, 11),
(197, 11, 26, 17),
(198, 11, 26, 19),
(199, 11, 26, 20),
(200, 14, 27, 8),
(201, 14, 27, 9),
(202, 14, 27, 11),
(203, 19, 27, 18),
(204, 19, 27, 20),
(205, 20, 27, 17),
(206, 20, 27, 18),
(207, 20, 27, 20),
(208, 15, 27, 10),
(209, 15, 27, 11),
(210, 15, 27, 12),
(211, 15, 27, 17),
(212, 15, 27, 18),
(213, 15, 27, 20),
(214, 21, 28, 15),
(215, 21, 28, 16),
(216, 7, 29, 22),
(217, 3, 29, 22),
(218, 10, 29, 22),
(219, 1, 29, 22),
(220, 8, 29, 22),
(221, 9, 29, 22),
(222, 22, 30, 13),
(223, 22, 30, 14),
(224, 22, 30, 15),
(225, 22, 30, 16),
(226, 22, 30, 17),
(227, 22, 30, 18),
(228, 22, 30, 19),
(229, 22, 30, 20),
(230, 23, 31, 1),
(231, 23, 31, 2),
(232, 23, 31, 3),
(233, 23, 31, 4),
(234, 23, 31, 5),
(235, 23, 31, 6),
(236, 23, 31, 7),
(237, 23, 31, 8),
(238, 23, 31, 9),
(239, 23, 31, 10),
(240, 23, 31, 11),
(241, 23, 31, 12),
(242, 23, 31, 13),
(243, 23, 31, 14),
(244, 6, 31, 15),
(245, 6, 31, 16),
(246, 16, 32, 1),
(247, 16, 32, 2),
(248, 16, 32, 3),
(249, 16, 32, 6),
(250, 16, 32, 14),
(251, 16, 32, 15),
(252, 16, 32, 16),
(253, 16, 32, 17),
(254, 16, 32, 18),
(255, 16, 32, 19),
(256, 16, 32, 20),
(257, 24, 33, 10),
(258, 24, 33, 13),
(259, 24, 33, 14),
(260, 24, 33, 15),
(261, 24, 33, 16),
(262, 24, 33, 17),
(263, 24, 33, 18),
(264, 24, 33, 19),
(265, 24, 33, 20),
(266, 25, 34, 15),
(267, 25, 34, 16),
(268, 25, 34, 17),
(269, 25, 34, 18),
(270, 25, 34, 19),
(271, 25, 34, 20),
(272, 26, 35, 8),
(273, 19, 36, 19),
(274, 20, 36, 19),
(275, 15, 36, 19),
(276, 4, 37, 20),
(277, 5, 37, 20),
(278, 21, 38, 17),
(279, 21, 38, 18),
(280, 21, 38, 19),
(281, 21, 38, 20),
(282, 27, 35, 8),
(283, 27, 35, 9),
(284, 28, 21, 19),
(285, 28, 21, 20),
(286, 27, 4, 10),
(287, 27, 4, 11),
(288, 27, 4, 13),
(289, 27, 4, 14),
(290, 27, 4, 16),
(291, 29, 14, 19),
(292, 29, 14, 20),
(293, 10, 4, 12),
(294, 30, 18, 10),
(295, 30, 18, 11),
(296, 31, 25, 17),
(297, 31, 25, 18),
(298, 4, 25, 17),
(299, 4, 25, 18),
(300, 4, 25, 19),
(301, 5, 25, 17),
(302, 5, 25, 18),
(303, 5, 25, 19),
(304, 24, 33, 11);

DROP TABLE IF EXISTS `sch_teachers`;
CREATE TABLE `sch_teachers` (
  `teacher_id` int(10) unsigned NOT NULL auto_increment,
  `login` varchar(25) NOT NULL,
  `passwd` varchar(32) NOT NULL,
  `first_name` varchar(25) NOT NULL,
  `middle_name` varchar(25) NOT NULL,
  `last_name` varchar(25) NOT NULL,
  `photo` varchar(50) NOT NULL,
  `director` tinyint(2) unsigned NOT NULL default '0',
  PRIMARY KEY  (`teacher_id`),
  UNIQUE KEY `login` (`login`),
  KEY `passwd` (`passwd`),
  KEY `last_name` (`last_name`),
  KEY `director` (`director`)
) ENGINE=MyISAM AUTO_INCREMENT=39 /*!40101 DEFAULT CHARSET=utf8 */;

INSERT INTO `sch_teachers` VALUES
(1, '1Белова', 'c4ca4238a0b923820dcc509a6f75849b', 'Алла', 'Ивановна', 'Белова', '', 0),
(2, '2Белоусова', 'c4ca4238a0b923820dcc509a6f75849b', 'Лидия', 'Николаевна', 'Белоусова', '', 0),
(3, '3Беркунова', 'c4ca4238a0b923820dcc509a6f75849b', 'Галина', 'Алексеевна', 'Беркунова', '', 0),
(4, '4Бондаренко', 'c4ca4238a0b923820dcc509a6f75849b', 'Елена', 'Викторовна', 'Бондаренко', '', 0),
(5, '5Веприкова', 'c4ca4238a0b923820dcc509a6f75849b', 'Людмила', 'Сергеевна', 'Веприкова', '', 0),
(6, '6Горовова', 'c4ca4238a0b923820dcc509a6f75849b', 'Любовь', 'Николаевна', 'Горовова', '', 0),
(7, '7Дворникова', 'c4ca4238a0b923820dcc509a6f75849b', 'Татьяна', 'Александровна', 'Дворникова', '', 0),
(8, '8Долголенко', 'c4ca4238a0b923820dcc509a6f75849b', 'Наталья', 'Павловна', 'Долголенко', '', 0),
(9, '9Дыбцева', 'c4ca4238a0b923820dcc509a6f75849b', 'Наталья', 'Сергеевна', 'Дыбцева', '', 0),
(10, '10Ефимова', 'c4ca4238a0b923820dcc509a6f75849b', 'Елена', 'Александровна', 'Ефимова', '', 0),
(11, '11Иванова', 'c4ca4238a0b923820dcc509a6f75849b', 'Елена', 'Николаевна', 'Иванова', '', 0),
(12, '12Карпушина', 'c4ca4238a0b923820dcc509a6f75849b', 'Лидия', 'Андреевна', 'Карпушина', '', 0),
(13, '13Касимова', 'c4ca4238a0b923820dcc509a6f75849b', 'Надежда', 'Сергеевна', 'Касимова', '', 0),
(14, '14Лебедева', 'c4ca4238a0b923820dcc509a6f75849b', 'Ирина', 'Петровна', 'Лебедева', '', 0),
(15, '15Логвиненко', 'c4ca4238a0b923820dcc509a6f75849b', 'Анна', 'Федоровна', 'Логвиненко', '', 0),
(16, '16Ломакина', 'c4ca4238a0b923820dcc509a6f75849b', 'Елена', 'Владимировна', 'Ломакина', '', 0),
(17, '17Мамонтова', 'c4ca4238a0b923820dcc509a6f75849b', 'Наталья', 'Викторовна', 'Мамонтова', '', 0),
(18, '18Мясникова', 'c4ca4238a0b923820dcc509a6f75849b', 'Ирина', 'Федоровна', 'Мясникова', '', 0),
(19, '19Носова', 'c4ca4238a0b923820dcc509a6f75849b', 'Ольга', 'Николаевна', 'Носова', '', 0),
(20, '20Овчаренко', 'c4ca4238a0b923820dcc509a6f75849b', 'Инна', 'Анатольевна', 'Овчаренко', '', 0),
(21, '21Павловский', 'c4ca4238a0b923820dcc509a6f75849b', 'Михаил', 'Георгиевич', 'Павловский', '', 0),
(22, '22Петрова', 'c4ca4238a0b923820dcc509a6f75849b', 'Екатерина', 'Михайловна', 'Петрова', '', 0),
(23, '23Поплавская', 'c4ca4238a0b923820dcc509a6f75849b', 'Наталья', 'Борисовна', 'Поплавская', '', 0),
(24, '24Радченко', 'c4ca4238a0b923820dcc509a6f75849b', 'Татьяна', 'Николаевна', 'Радченко', '', 0),
(25, '25Савинцева', 'c4ca4238a0b923820dcc509a6f75849b', 'Наталья', 'Ивановна', 'Савинцева', '', 0),
(26, '26Семенова', 'c4ca4238a0b923820dcc509a6f75849b', 'Тамара', 'Викторовна', 'Семенова', '', 0),
(27, '27Симова', 'c4ca4238a0b923820dcc509a6f75849b', 'Любовь', 'Николаевна', 'Симова', '', 0),
(28, '28Сокиркина', 'c4ca4238a0b923820dcc509a6f75849b', 'Алла', 'Владимировна', 'Сокиркина', '', 0),
(29, '29Соловьева', 'c4ca4238a0b923820dcc509a6f75849b', 'Татьяна', 'Вениаминовна', 'Соловьева', '', 0),
(30, '30Сорокина', 'c4ca4238a0b923820dcc509a6f75849b', 'Марина', 'Владимировна', 'Сорокина', '', 0),
(31, '31Стародубова', 'c4ca4238a0b923820dcc509a6f75849b', 'Валентина', 'Григорьевна', 'Стародубова', '', 0),
(32, '32Тищенко', 'c4ca4238a0b923820dcc509a6f75849b', 'Любовь', 'Михайловна', 'Тищенко', '', 0),
(33, '33Трескиба', 'c4ca4238a0b923820dcc509a6f75849b', 'Ирина', 'Владимировна', 'Трескиба', '', 0),
(34, '34Фатеева', 'c4ca4238a0b923820dcc509a6f75849b', 'Наталья', 'Ивановна', 'Фатеева', '', 0),
(35, '35Федоренко', 'c4ca4238a0b923820dcc509a6f75849b', 'Ольга', 'Николаевна', 'Федоренко', '', 0),
(36, '36Цветкова', 'c4ca4238a0b923820dcc509a6f75849b', 'Ольга', 'Сергеевна', 'Цветкова', '', 0),
(37, '37Бабенцева', 'c4ca4238a0b923820dcc509a6f75849b', 'Елена', 'Вячеславовна', 'Бабенцева', '', 0),
(38, '38Баштанник', 'c4ca4238a0b923820dcc509a6f75849b', 'Римма', 'Николаева', 'Баштанник', '', 0);

DROP TABLE IF EXISTS `sch_users`;
CREATE TABLE `sch_users` (
  `user_id` int(10) unsigned NOT NULL auto_increment,
  `login` char(25) NOT NULL,
  `passwd` char(35) NOT NULL,
  `first_name` char(25) NOT NULL,
  `middle_name` char(25) NOT NULL,
  `last_name` char(25) NOT NULL,
  `access` int(10) unsigned NOT NULL default '0',
  PRIMARY KEY  (`user_id`),
  UNIQUE KEY `login` (`login`),
  KEY `passwd` (`passwd`),
  KEY `last_name` (`last_name`),
  KEY `access` (`access`)
) ENGINE=MyISAM AUTO_INCREMENT=9 /*!40101 DEFAULT CHARSET=utf8 */;

INSERT INTO `sch_users` VALUES
(1, 'admin', '67a4a51b7eff62073bcb99b4604e2be7', '', '', 'СуперАдмин', 1),
(2, 'manager', '20a2064a04bc70dc9adecc388ad3a0f4', '', '', 'Оператор', 1),
(5, 'armonsoft', '96e79218965eb72c92a549dd5a330112', 'А', 'А', 'Вензелев', 1),
(6, 'SLIPPERY', 'c4ca4238a0b923820dcc509a6f75849b', '', '', 'Поздняков', 1),
(7, 'qq', '099b3b060154898840f0ebdfb46ec78f', '', '', 'qq', 1),
(8, 'eee', 'd2f2297d6e829cd3493aa7de4416a18f', '', '', '', 1);

