#SKD101|cl25536_blago1|25|2011.12.02 10:19:43|459|3|21|43|4|26|4|6|2|6|25|52|1|26|25|159|52|4

DROP TABLE IF EXISTS `classes`;
CREATE TABLE `classes` (
  `class_id` int(10) unsigned NOT NULL auto_increment,
  `class` varchar(11) NOT NULL default '1',
  `letter` char(2) NOT NULL default '',
  `school_year` int(4) unsigned NOT NULL,
  `teacher_id` int(11) unsigned NOT NULL default '0',
  PRIMARY KEY  (`class_id`),
  UNIQUE KEY `class` (`class`,`letter`,`school_year`),
  KEY `school_year` (`school_year`),
  KEY `teacher_id` (`teacher_id`)
) ENGINE=MyISAM AUTO_INCREMENT=4 /*!40101 DEFAULT CHARSET=utf8 */;

INSERT INTO `classes` VALUES
(1, '5 А класс', '', 1, 1),
(2, '4 А класс', '', 1, 0),
(3, '4Б', '', 1, 52);

DROP TABLE IF EXISTS `config`;
CREATE TABLE `config` (
  `id_config` int(11) unsigned NOT NULL auto_increment,
  `desc_config` varchar(150) NOT NULL,
  `key_config` varchar(32) NOT NULL,
  `value_config` varchar(255) NOT NULL,
  `active` tinyint(2) unsigned NOT NULL default '1',
  PRIMARY KEY  (`id_config`),
  UNIQUE KEY `key_config` (`key_config`),
  KEY `active` (`active`)
) ENGINE=MyISAM AUTO_INCREMENT=22 /*!40101 DEFAULT CHARSET=utf8 */;

INSERT INTO `config` VALUES
(1, 'Отключения инструкции смс запросов в ученическом разделе', 'SMS_ZAPROS', '1', 0),
(2, 'Префикс для получение оценок', 'SMS_PREFIKS_OZENKI', 'PINKOD', 0),
(3, 'Префикс для получение домашнего задания', 'SMS_PREFIKS_DZ', 'DOMZAD', 0),
(4, 'Колличество дней в неделе', 'DAYS', '0', 1),
(5, 'Префикс  языка', 'LANG', 'ru', 1),
(6, 'Русский', 'INTERFACE', 'ru', 1),
(7, 'Название школы', 'NAME_SCHOOL', 'гимназия № 1', 1),
(8, 'Номер школы', 'NUM_SCHOOL', '1', 1),
(9, 'Количество дней тестового периода', 'TEST_DAYS', '14', 1),
(10, 'Касса', 'KASSA', '1', 1),
(11, 'Система Город', 'CITYSYSTEM', '2', 1),
(12, 'QuickPay', 'QUICKPAY', '3', 1),
(13, 'СберБанк', 'SBERBANK', '4', 1),
(14, 'Оплата тестового периода', 'TESTPAY', '-1', 1),
(15, 'Дотация', 'DOTATION', '-2', 1),
(16, 'Доступ к сайту', 'SERV_SITE', '1', 1),
(17, 'Отсылка смс с оценками', 'SERV_SMS_GRADE', '2', 1),
(18, 'Отсылка смс с замечаниями', 'SERV_SMS_NOTE', '3', 1),
(19, 'Отсылка смс с домашними заданиям', 'SERV_SMS_WHOME', '4', 1),
(20, 'Отсылка смс с расписанием на зав', 'SERV_SMS_SCHED', '5', 1),
(21, 'Отсылка смс с новостями школы', 'SERV_SMS_NEWS', '6', 1);

DROP TABLE IF EXISTS `disciplines`;
CREATE TABLE `disciplines` (
  `discipline_id` int(10) unsigned NOT NULL auto_increment,
  `discipline` varchar(150) NOT NULL,
  PRIMARY KEY  (`discipline_id`),
  UNIQUE KEY `discipline` (`discipline`)
) ENGINE=MyISAM AUTO_INCREMENT=44 /*!40101 DEFAULT CHARSET=utf8 */;

INSERT INTO `disciplines` VALUES
(1, 'Алгебра'),
(2, 'Английский язык'),
(3, 'Астрономия'),
(4, 'Биология'),
(5, 'Букварь'),
(6, 'География'),
(7, 'Геометрия'),
(8, 'ИЗО'),
(9, 'ИМК'),
(10, 'Индивидуальный час'),
(11, 'Информатика'),
(12, 'История'),
(13, 'История культуры'),
(14, 'Литература'),
(15, 'Математика'),
(16, 'Мировая художественная культура'),
(17, 'Музыка'),
(18, 'ОБЖ'),
(19, 'Общество'),
(20, 'Обществоведение'),
(21, 'Окружающий мир'),
(22, 'Письмо'),
(23, 'Право'),
(24, 'Природа'),
(25, 'Природоведение'),
(26, 'Психология'),
(27, 'Риторика'),
(28, 'Русский язык'),
(29, 'Технология'),
(30, 'Технология (девочки)'),
(31, 'Технология (мальчики)'),
(32, 'Технология (черчения)'),
(33, 'Труд'),
(34, 'Физика'),
(35, 'Физическая культура'),
(36, 'Химия'),
(37, 'Художественный труд'),
(38, 'Чтение'),
(39, 'Экономика'),
(40, 'Элективный курс'),
(41, 'ИКТ'),
(42, 'Обществознание'),
(43, 'Техническое черчение');

DROP TABLE IF EXISTS `information`;
CREATE TABLE `information` (
  `information_id` int(11) NOT NULL auto_increment,
  `information_date` date NOT NULL default '0000-00-00',
  `information_title` varchar(100) default NULL,
  `information_text` varchar(500) default NULL,
  `information_section` enum('teacher','student','balance','all') NOT NULL default 'all',
  `information_classes` int(11) unsigned NOT NULL,
  `date_news` datetime default NULL COMMENT 'дата отсылки новости',
  KEY `information_id` (`information_id`),
  KEY `information_date` (`information_date`),
  KEY `information_section` (`information_section`),
  KEY `information_classes` (`information_classes`),
  KEY `date_news` (`date_news`)
) ENGINE=MyISAM /*!40101 DEFAULT CHARSET=utf8 */;

DROP TABLE IF EXISTS `lessons`;
CREATE TABLE `lessons` (
  `lesson_id` int(10) unsigned NOT NULL auto_increment,
  `lesson_date` date NOT NULL,
  `subject_id` int(10) unsigned NOT NULL,
  `topic` varchar(100) default NULL,
  `dz` text,
  `lesson_order` int(2) NOT NULL,
  `active` bigint(20) NOT NULL default '0',
  `schedule_id` int(10) unsigned default NULL,
  `file` varchar(64) default NULL,
  `date_dz` datetime default NULL COMMENT 'дата отсылки домашки',
  `date_sched` datetime default NULL COMMENT 'дата отсылки расписания',
  PRIMARY KEY  (`lesson_id`),
  KEY `lesson_date` (`lesson_date`),
  KEY `subject_id` (`subject_id`),
  KEY `lesson_order` (`lesson_order`),
  KEY `active` (`active`),
  KEY `schedule_id` (`schedule_id`),
  KEY `date_dz` (`date_dz`),
  KEY `date_sched` (`date_sched`)
) ENGINE=MyISAM /*!40101 DEFAULT CHARSET=utf8 */;

DROP TABLE IF EXISTS `quarters`;
CREATE TABLE `quarters` (
  `quarter_id` int(10) unsigned NOT NULL auto_increment,
  `school_year_id` int(4) unsigned NOT NULL default '0',
  `quarter_name` varchar(50) NOT NULL,
  `quarter_type` tinyint(2) unsigned NOT NULL default '1',
  `current` tinyint(2) unsigned NOT NULL default '0',
  `started` date NOT NULL,
  `finished` date NOT NULL,
  PRIMARY KEY  (`quarter_id`),
  KEY `current` (`current`),
  KEY `school_year_id` (`school_year_id`),
  KEY `started` (`started`),
  KEY `finished` (`finished`),
  KEY `quarter_type` (`quarter_type`)
) ENGINE=MyISAM AUTO_INCREMENT=5 /*!40101 DEFAULT CHARSET=utf8 */;

INSERT INTO `quarters` VALUES
(1, 1, '1 четверть', 1, 0, '2011-09-01', '2011-10-28'),
(2, 1, '2 четверть', 1, 1, '2011-10-31', '2011-12-31'),
(3, 1, '3 четверть', 1, 0, '2012-01-09', '2012-03-25'),
(4, 1, '4 четверть', 1, 0, '2012-01-09', '2012-04-01');

DROP TABLE IF EXISTS `sch_balance`;
CREATE TABLE `sch_balance` (
  `id` bigint(20) unsigned NOT NULL auto_increment,
  `student_id` int(10) unsigned NOT NULL,
  `date_add` date default NULL,
  `summa` int(10) NOT NULL default '0',
  `operator_id` smallint(4) NOT NULL default '0',
  `usluga_id` smallint(5) unsigned NOT NULL default '0' COMMENT 'ДопУслуга',
  `nomer` varchar(64) NOT NULL default '',
  `date_edit` datetime NOT NULL,
  `is_use` tinyint(1) unsigned NOT NULL default '0',
  `active` tinyint(1) unsigned NOT NULL default '1',
  `period_id` smallint(3) unsigned NOT NULL default '0',
  PRIMARY KEY  (`id`),
  KEY `date_edit` (`date_edit`),
  KEY `active` (`active`),
  KEY `is_use` (`is_use`),
  KEY `nomer` (`nomer`),
  KEY `usluga` (`usluga_id`),
  KEY `student_id` (`student_id`),
  KEY `operator_id` (`operator_id`),
  KEY `period_id` (`period_id`),
  KEY `date_add` (`date_add`)
) ENGINE=MyISAM AUTO_INCREMENT=27 /*!40101 DEFAULT CHARSET=utf8 */ COMMENT='Плюсовые - платежи, минусовые - начисления (R)';

INSERT INTO `sch_balance` VALUES
(1, 1, '2011-11-11', 2566, -1, 0, '', '2011-11-11 09:29:29', 0, 1, 0),
(2, 2, '2011-11-11', 2566, -1, 0, '', '2011-11-11 11:18:22', 0, 1, 0),
(3, 3, '2011-11-11', 2566, -1, 0, '', '2011-11-11 11:18:22', 0, 1, 0),
(4, 4, '2011-11-11', 2566, -1, 0, '', '2011-11-11 11:18:22', 0, 1, 0),
(5, 5, '2011-11-11', 2566, -1, 0, '', '2011-11-11 11:18:22', 0, 1, 0),
(6, 6, '2011-11-11', 2566, -1, 0, '', '2011-11-11 11:18:22', 0, 1, 0),
(7, 7, '2011-11-11', 2566, -1, 0, '', '2011-11-11 11:18:22', 0, 1, 0),
(8, 8, '2011-11-11', 2566, -1, 0, '', '2011-11-11 11:18:22', 0, 1, 0),
(9, 9, '2011-11-11', 2566, -1, 0, '', '2011-11-11 11:18:22', 0, 1, 0),
(10, 10, '2011-11-11', 2566, -1, 0, '', '2011-11-11 11:18:22', 0, 1, 0),
(11, 11, '2011-11-11', 2566, -1, 0, '', '2011-11-11 11:18:22', 0, 1, 0),
(12, 12, '2011-11-11', 2566, -1, 0, '', '2011-11-11 11:18:22', 0, 1, 0),
(13, 13, '2011-11-11', 2566, -1, 0, '', '2011-11-11 11:18:22', 0, 1, 0),
(14, 14, '2011-11-11', 2566, -1, 0, '', '2011-11-11 11:18:22', 0, 1, 0),
(15, 15, '2011-11-11', 2566, -1, 0, '', '2011-11-11 11:18:22', 0, 1, 0),
(16, 16, '2011-11-11', 2566, -1, 0, '', '2011-11-11 11:18:22', 0, 1, 0),
(17, 17, '2011-11-11', 2566, -1, 0, '', '2011-11-11 11:18:22', 0, 1, 0),
(18, 18, '2011-11-11', 2566, -1, 0, '', '2011-11-11 11:18:22', 0, 1, 0),
(19, 19, '2011-11-11', 2566, -1, 0, '', '2011-11-11 11:18:22', 0, 1, 0),
(20, 20, '2011-11-11', 2566, -1, 0, '', '2011-11-11 11:18:22', 0, 1, 0),
(21, 21, '2011-11-11', 2566, -1, 0, '', '2011-11-11 11:18:22', 0, 1, 0),
(22, 22, '2011-11-11', 2566, -1, 0, '', '2011-11-11 11:18:22', 0, 1, 0),
(23, 23, '2011-11-11', 2566, -1, 0, '', '2011-11-11 11:18:22', 0, 1, 0),
(24, 24, '2011-11-11', 2566, -1, 0, '', '2011-11-11 11:18:22', 0, 1, 0),
(25, 25, '2011-11-11', 2566, -1, 0, '', '2011-11-11 11:18:22', 0, 1, 0),
(26, 26, '2011-11-11', 2566, -1, 0, '', '2011-11-11 11:18:22', 0, 1, 0);

DROP TABLE IF EXISTS `sch_classes_in_groups`;
CREATE TABLE `sch_classes_in_groups` (
  `clsgrp_id` int(9) unsigned NOT NULL auto_increment,
  `group_id` smallint(2) unsigned NOT NULL,
  `class_id` int(9) unsigned NOT NULL,
  PRIMARY KEY  (`clsgrp_id`),
  KEY `group_id` (`group_id`),
  KEY `student_id` (`class_id`)
) ENGINE=MyISAM /*!40101 DEFAULT CHARSET=utf8 */;

DROP TABLE IF EXISTS `sch_groups`;
CREATE TABLE `sch_groups` (
  `group_id` smallint(2) unsigned NOT NULL auto_increment,
  `group` varchar(32) default NULL,
  `short` varchar(8) default NULL,
  `active` tinyint(2) unsigned NOT NULL default '1',
  PRIMARY KEY  (`group_id`),
  KEY `active` (`active`)
) ENGINE=MyISAM AUTO_INCREMENT=9 /*!40101 DEFAULT CHARSET=utf8 */;

INSERT INTO `sch_groups` VALUES
(1, 'Девочки', 'Дев', 1),
(2, 'Мальчики', 'Мал', 1),
(8, 'англ. 2 подгр.', 'англ. 2 ', 1),
(7, 'англ. 1 подгр.', 'англ. 1 ', 1);

DROP TABLE IF EXISTS `sch_operator`;
CREATE TABLE `sch_operator` (
  `id` int(8) NOT NULL auto_increment,
  `name` varchar(32) default NULL,
  `path` varchar(32) NOT NULL default 'data/',
  `path_out` varchar(32) NOT NULL default 'data/',
  `file` varchar(16) default NULL,
  `active` tinyint(1) unsigned NOT NULL default '1',
  PRIMARY KEY  (`id`),
  KEY `active` (`active`)
) ENGINE=MyISAM AUTO_INCREMENT=5 /*!40101 DEFAULT CHARSET=utf8 */ COMMENT='Название Оператора';

INSERT INTO `sch_operator` VALUES
(1, 'касса', 'data/cassa', 'data/cassa', 'KASSA', 1),
(2, 'Система Город', 'data/citysystem', 'data/citysystem/saldo', 'CITYSYSTEM', 1),
(3, 'QuickPay', 'data/quickpay', 'data/quickpay', 'QUICKPAY', 1),
(4, 'СберБанк', 'data/bv', 'data/bv', 'SBERBANK', 1),
(-1, 'Оплата тестового периода', 'data/', 'data/', 'TESTPAY', 1),
(-2, 'Дотация', 'data/', 'data/', 'DOTATION', 1);

DROP TABLE IF EXISTS `sch_parents`;
CREATE TABLE `sch_parents` (
  `parent_id` int(10) unsigned NOT NULL auto_increment,
  `last_name` varchar(25) NOT NULL,
  `first_name` varchar(25) NOT NULL,
  `middle_name` varchar(25) NOT NULL,
  `login` varchar(32) NOT NULL,
  `password` varchar(32) NOT NULL,
  `relative_id` smallint(2) unsigned NOT NULL default '1',
  `address` varchar(255) default NULL,
  `phone` varchar(25) default NULL,
  `work_phone` varchar(25) default NULL,
  `cell_phone` varchar(25) default NULL,
  `email` varchar(25) default NULL,
  `active` tinyint(2) unsigned NOT NULL default '1',
  PRIMARY KEY  (`parent_id`),
  UNIQUE KEY `login` (`login`),
  KEY `active` (`active`),
  KEY `last_name` (`last_name`),
  KEY `password` (`password`),
  KEY `relative_id` (`relative_id`)
) ENGINE=MyISAM /*!40101 DEFAULT CHARSET=utf8 */;

DROP TABLE IF EXISTS `sch_relatives`;
CREATE TABLE `sch_relatives` (
  `relative_id` smallint(2) unsigned NOT NULL auto_increment,
  `relative` varchar(16) NOT NULL,
  PRIMARY KEY  (`relative_id`),
  UNIQUE KEY `relative` (`relative`)
) ENGINE=MyISAM AUTO_INCREMENT=3 /*!40101 DEFAULT CHARSET=utf8 */;

INSERT INTO `sch_relatives` VALUES
(1, 'мать'),
(2, 'отец');

DROP TABLE IF EXISTS `sch_services`;
CREATE TABLE `sch_services` (
  `service_id` int(4) unsigned NOT NULL auto_increment,
  `service_name` varchar(32) NOT NULL,
  `tarif` int(10) unsigned NOT NULL default '0',
  `kod` varchar(16) NOT NULL default '',
  `tarif01` int(10) unsigned NOT NULL,
  `tarif02` int(10) unsigned NOT NULL,
  `tarif03` int(10) unsigned NOT NULL,
  `tarif04` int(10) unsigned NOT NULL,
  `tarif05` int(10) unsigned NOT NULL,
  `tarif06` int(10) unsigned NOT NULL,
  `tarif07` int(10) unsigned NOT NULL,
  `tarif08` int(10) unsigned NOT NULL,
  `tarif09` int(10) unsigned NOT NULL,
  `tarif10` int(10) unsigned NOT NULL,
  `tarif11` int(10) unsigned NOT NULL,
  `tarif12` int(10) unsigned NOT NULL,
  `required` tinyint(2) unsigned NOT NULL default '0' COMMENT 'Обязательный сервис',
  `dotation` tinyint(2) unsigned NOT NULL default '0' COMMENT 'Дотация',
  `active` tinyint(2) unsigned NOT NULL default '1',
  PRIMARY KEY  (`service_id`),
  KEY `required` (`required`),
  KEY `active` (`active`),
  KEY `kod` (`kod`),
  KEY `dotation` (`dotation`)
) ENGINE=MyISAM AUTO_INCREMENT=7 /*!40101 DEFAULT CHARSET=utf8 */;

INSERT INTO `sch_services` VALUES
(1, 'Доступ к сайту', 3000, 'SERV_SITE', 0, 0, 0, 0, 0, 0, 0, 0, 0, 0, 0, 0, 1, 0, 1),
(2, 'Отсылка смс с оценками', 2500, 'SERV_SMS_GRADE', 0, 0, 0, 0, 0, 0, 0, 0, 0, 0, 0, 0, 1, 0, 1),
(3, 'Отсылка смс с замечаниями', 2000, 'SERV_SMS_NOTE', 0, 0, 0, 0, 0, 0, 0, 0, 0, 0, 0, 0, 0, 0, 1),
(4, 'Отсылка смс с домашними заданиям', 3000, 'SERV_SMS_WHOME', 0, 0, 0, 0, 0, 0, 0, 0, 0, 0, 0, 0, 0, 0, 1),
(5, 'Отсылка смс с расписанием на зав', 2000, 'SERV_SMS_SCHED', 0, 0, 0, 0, 0, 0, 0, 0, 0, 0, 0, 0, 0, 0, 1),
(6, 'Отсылка смс с новостями школы', 2500, 'SERV_SMS_NEWS', 0, 0, 0, 0, 0, 0, 0, 0, 0, 0, 0, 0, 0, 0, 1);

DROP TABLE IF EXISTS `sch_sms_logs`;
CREATE TABLE `sch_sms_logs` (
  `sms_id` bigint(20) unsigned NOT NULL auto_increment,
  `studless_id` varchar(120) default NULL,
  `student_id` int(10) unsigned NOT NULL default '0',
  `type` enum('g','d','z','s','n','m') NOT NULL default 'g',
  `date` datetime default NULL,
  `text` text,
  PRIMARY KEY  (`sms_id`),
  KEY `student_id` (`student_id`,`date`),
  KEY `type` (`type`)
) ENGINE=MyISAM /*!40101 DEFAULT CHARSET=utf8 */;

DROP TABLE IF EXISTS `sch_students_in_groups`;
CREATE TABLE `sch_students_in_groups` (
  `studgr_id` int(9) unsigned NOT NULL auto_increment,
  `group_id` smallint(2) unsigned NOT NULL,
  `student_id` int(9) unsigned NOT NULL,
  PRIMARY KEY  (`studgr_id`),
  KEY `group_id` (`group_id`),
  KEY `student_id` (`student_id`)
) ENGINE=MyISAM AUTO_INCREMENT=26 /*!40101 DEFAULT CHARSET=utf8 */;

INSERT INTO `sch_students_in_groups` VALUES
(1, 1, 2),
(2, 2, 3),
(3, 1, 4),
(4, 1, 5),
(5, 1, 6),
(6, 1, 7),
(7, 2, 8),
(8, 2, 9),
(9, 1, 10),
(10, 2, 11),
(11, 2, 12),
(12, 1, 13),
(13, 1, 16),
(14, 2, 14),
(15, 2, 15),
(16, 1, 17),
(17, 1, 18),
(18, 1, 19),
(19, 2, 20),
(20, 1, 21),
(21, 1, 22),
(22, 2, 23),
(23, 1, 24),
(24, 2, 25),
(25, 2, 26);

DROP TABLE IF EXISTS `sch_students_in_parent`;
CREATE TABLE `sch_students_in_parent` (
  `studparent_id` int(9) unsigned NOT NULL auto_increment,
  `parent_id` int(9) unsigned NOT NULL,
  `student_id` int(9) unsigned NOT NULL,
  PRIMARY KEY  (`studparent_id`),
  KEY `student_id` (`student_id`),
  KEY `parent_id` (`parent_id`)
) ENGINE=MyISAM /*!40101 DEFAULT CHARSET=utf8 */;

DROP TABLE IF EXISTS `sch_students_in_service`;
CREATE TABLE `sch_students_in_service` (
  `student_id` int(10) unsigned NOT NULL,
  `service_id` int(10) unsigned NOT NULL,
  `date_add` date NOT NULL default '2011-10-01',
  `tarif` int(10) unsigned NOT NULL default '0',
  UNIQUE KEY `student_id_2` (`student_id`,`service_id`),
  KEY `service_id` (`service_id`),
  KEY `date_add` (`date_add`),
  KEY `student_id` (`student_id`)
) ENGINE=MyISAM /*!40101 DEFAULT CHARSET=utf8 */;

INSERT INTO `sch_students_in_service` VALUES
(1, 1, '2011-11-11', 3000),
(1, 2, '2011-11-11', 2500),
(2, 1, '2011-11-11', 3000),
(2, 2, '2011-11-11', 2500),
(3, 1, '2011-11-11', 3000),
(3, 2, '2011-11-11', 2500),
(4, 1, '2011-11-11', 3000),
(4, 2, '2011-11-11', 2500),
(5, 1, '2011-11-11', 3000),
(5, 2, '2011-11-11', 2500),
(6, 1, '2011-11-11', 3000),
(6, 2, '2011-11-11', 2500),
(7, 1, '2011-11-11', 3000),
(7, 2, '2011-11-11', 2500),
(8, 1, '2011-11-11', 3000),
(8, 2, '2011-11-11', 2500),
(9, 1, '2011-11-11', 3000),
(9, 2, '2011-11-11', 2500),
(10, 1, '2011-11-11', 3000),
(10, 2, '2011-11-11', 2500),
(11, 1, '2011-11-11', 3000),
(11, 2, '2011-11-11', 2500),
(12, 1, '2011-11-11', 3000),
(12, 2, '2011-11-11', 2500),
(13, 1, '2011-11-11', 3000),
(13, 2, '2011-11-11', 2500),
(14, 1, '2011-11-11', 3000),
(14, 2, '2011-11-11', 2500),
(15, 1, '2011-11-11', 3000),
(15, 2, '2011-11-11', 2500),
(16, 1, '2011-11-11', 3000),
(16, 2, '2011-11-11', 2500),
(17, 1, '2011-11-11', 3000),
(17, 2, '2011-11-11', 2500),
(18, 1, '2011-11-11', 3000),
(18, 2, '2011-11-11', 2500),
(19, 1, '2011-11-11', 3000),
(19, 2, '2011-11-11', 2500),
(20, 1, '2011-11-11', 3000),
(20, 2, '2011-11-11', 2500),
(21, 1, '2011-11-11', 3000),
(21, 2, '2011-11-11', 2500),
(22, 1, '2011-11-11', 3000),
(22, 2, '2011-11-11', 2500),
(23, 1, '2011-11-11', 3000),
(23, 2, '2011-11-11', 2500),
(24, 1, '2011-11-11', 3000),
(24, 2, '2011-11-11', 2500),
(25, 1, '2011-11-11', 3000),
(25, 2, '2011-11-11', 2500),
(26, 1, '2011-11-11', 3000),
(26, 2, '2011-11-11', 2500);

DROP TABLE IF EXISTS `schedule`;
CREATE TABLE `schedule` (
  `id_schedule` int(10) unsigned NOT NULL auto_increment,
  `date_schedule` int(2) unsigned NOT NULL COMMENT 'День недели 0-6',
  `school_year` int(4) unsigned NOT NULL,
  `quarter_id` int(6) unsigned NOT NULL default '0',
  `discipline_id` int(10) unsigned NOT NULL default '0',
  `class_id` int(10) unsigned NOT NULL default '0',
  `cabinet` varchar(30) default NULL,
  `teacher_id` int(10) unsigned NOT NULL default '0',
  `order_schedule` int(2) unsigned NOT NULL,
  `group_id` smallint(4) unsigned NOT NULL default '0',
  `started` date NOT NULL default '0000-00-00' COMMENT 'дата включения',
  `finished` date NOT NULL default '0000-00-00' COMMENT 'дата отключения',
  PRIMARY KEY  (`id_schedule`),
  KEY `date_schedule` (`date_schedule`),
  KEY `school_year` (`school_year`),
  KEY `discipline_id` (`discipline_id`),
  KEY `class_id` (`class_id`),
  KEY `order_schedule` (`order_schedule`),
  KEY `teacher_id` (`teacher_id`),
  KEY `quarter_id` (`quarter_id`),
  KEY `started` (`started`),
  KEY `finished` (`finished`),
  KEY `group_id` (`group_id`)
) ENGINE=MyISAM /*!40101 DEFAULT CHARSET=utf8 */;

DROP TABLE IF EXISTS `school_years`;
CREATE TABLE `school_years` (
  `school_year_id` int(10) NOT NULL auto_increment,
  `name_year` varchar(50) NOT NULL,
  `current` tinyint(2) unsigned NOT NULL default '0',
  `started` date NOT NULL,
  `finished` date NOT NULL,
  PRIMARY KEY  (`school_year_id`),
  KEY `current` (`current`),
  KEY `started` (`started`),
  KEY `finished` (`finished`)
) ENGINE=MyISAM AUTO_INCREMENT=2 /*!40101 DEFAULT CHARSET=utf8 */;

INSERT INTO `school_years` VALUES
(1, '2011 -2012 учебный год', 1, '2011-09-01', '2012-07-04');

DROP TABLE IF EXISTS `students`;
CREATE TABLE `students` (
  `student_id` int(10) unsigned NOT NULL auto_increment,
  `last_name` varchar(25) NOT NULL,
  `first_name` varchar(25) NOT NULL,
  `middle_name` varchar(25) NOT NULL,
  `login` varchar(32) NOT NULL,
  `password` varchar(32) NOT NULL,
  `birthday` date NOT NULL default '0000-00-00',
  `address` varchar(255) NOT NULL,
  `phone` varchar(25) NOT NULL,
  `mother_fio` varchar(50) NOT NULL,
  `mother_work_phone` varchar(25) NOT NULL,
  `mother_cell_phone` varchar(25) NOT NULL,
  `father_fio` varchar(50) NOT NULL,
  `father_work_phone` varchar(25) NOT NULL,
  `father_cell_phone` varchar(25) NOT NULL,
  `pin_code` int(6) unsigned NOT NULL default '0',
  `email` varchar(25) NOT NULL,
  `photo` varchar(50) default NULL,
  `update_photo` int(10) unsigned default '0',
  `send_from` date NOT NULL,
  `send_to` date NOT NULL,
  `mode` smallint(6) unsigned NOT NULL,
  `active` tinyint(2) unsigned NOT NULL default '1',
  `date_last` date NOT NULL default '2011-10-01',
  PRIMARY KEY  (`student_id`),
  UNIQUE KEY `pin_code` (`pin_code`),
  UNIQUE KEY `login` (`login`),
  KEY `active` (`active`),
  KEY `mode` (`mode`),
  KEY `last_name` (`last_name`),
  KEY `password` (`password`),
  KEY `date_last` (`date_last`)
) ENGINE=MyISAM AUTO_INCREMENT=27 /*!40101 DEFAULT CHARSET=utf8 */;

INSERT INTO `students` VALUES
(1, 'Байбак', 'Алина', 'Алексеевна', 'Baybak.Alina', '611541', '0000-00-00', '', '', 'Байбак Ольга Владимировна', '', '', '', '', '', 560852, '', '', 0, '0000-00-00', '0000-00-00', 0, 1, '2011-10-01'),
(2, 'Байбак', 'Алина', 'Алексеевна', '2Байбак', '398686', '0000-00-00', '', '', 'Байбак Ольга Владировна', '', '', '', '', '', 450881, '', NULL, 0, '0000-00-00', '0000-00-00', 0, 1, '2011-10-01'),
(3, 'Гордиенко', 'Станислав', 'Сергеевич', '3Гордиенко', '225754', '0000-00-00', '', '', 'Гордиенко Лариса Ивановна', '', '', '', '', '', 625320, '', NULL, 0, '0000-00-00', '0000-00-00', 0, 1, '2011-10-01'),
(4, 'Давиденко', 'Дарья', 'Викторовна', '4Давиденко', '172471', '0000-00-00', '', '', 'Давиденко Анна Михайловна', '', '', '', '', '', 479612, '', NULL, 0, '0000-00-00', '0000-00-00', 0, 1, '2011-10-01'),
(5, 'Дороненко', 'Алина', 'Андреевна', '5Дороненко', '879119', '0000-00-00', '', '', 'Дороненко Светлана Васильевна', '', '', '', '', '', 922713, '', NULL, 0, '0000-00-00', '0000-00-00', 0, 1, '2011-10-01'),
(6, 'Житкевич', 'Виолетта', 'Олеговна', '6Житкевич', '229901', '0000-00-00', '', '', 'Житкевич Янина Сергеевна', '', '', '', '', '', 710013, '', NULL, 0, '0000-00-00', '0000-00-00', 0, 1, '2011-10-01'),
(7, 'Зайцева', 'Екатерина', 'Николаевна', '7Зайцева', '268053', '0000-00-00', '', '', 'Зайцева Елена Евгеньевна', '', '', '', '', '', 424104, '', NULL, 0, '0000-00-00', '0000-00-00', 0, 1, '2011-10-01'),
(8, 'Касимов', 'Эмиль', 'Анарович', '8Касимов', '346285', '0000-00-00', '', '', 'Касимов Наталья Фёдоровна', '', '', '', '', '', 438460, '', NULL, 0, '0000-00-00', '0000-00-00', 0, 1, '2011-10-01'),
(9, 'Килляков', 'Андрей', 'Юрьевич', '9Килляков', '523631', '0000-00-00', '', '', 'Килляков Елена Борисовна', '', '', '', '', '', 517218, '', NULL, 0, '0000-00-00', '0000-00-00', 0, 1, '2011-10-01'),
(10, 'Кривенко', 'Виктория', 'Викторовна', '10Кривенко', '809174', '0000-00-00', '', '', 'Кривенко Елена Витальевна', '', '', '', '', '', 818658, '', NULL, 0, '0000-00-00', '0000-00-00', 0, 1, '2011-10-01'),
(11, 'Курбанов', 'Эмиль', 'Командар оглы', '11Курбанов', '876482', '0000-00-00', '', '', 'Курбанов Айша Алмаз кызы', '', '', '', '', '', 924830, '', NULL, 0, '0000-00-00', '0000-00-00', 0, 1, '2011-10-01'),
(12, 'Маштаков', 'Даниил', 'Андреевич', '12Маштаков', '664337', '0000-00-00', '', '', 'Маштаков Анжела Сергеевна', '', '', '', '', '', 990118, '', NULL, 0, '0000-00-00', '0000-00-00', 0, 1, '2011-10-01'),
(13, 'Морозеева', 'Наталья', 'Алексеевна', '13Морозеева', '701454', '0000-00-00', '', '', 'Морозеева Марина Сергеевна', '', '', '', '', '', 287197, '', NULL, 0, '0000-00-00', '0000-00-00', 0, 1, '2011-10-01'),
(14, 'Пономарев', 'Данила', 'Олегович', '14Пономарев', '640251', '0000-00-00', '', '', 'Пономарев Галина Владимировна', '', '', '', '', '', 721930, '', NULL, 0, '0000-00-00', '0000-00-00', 0, 1, '2011-10-01'),
(15, 'Прокопенко', 'Иван', 'Ильич', '15Прокопенко', '992650', '0000-00-00', '', '', 'Прокопенко Оксана Владимировна', '', '', '', '', '', 889425, '', NULL, 0, '0000-00-00', '0000-00-00', 0, 1, '2011-10-01'),
(16, 'Онищук', 'Елизавета', 'Евгеньевна', '16Онищук', '953780', '0000-00-00', '', '', 'Онищук Антонина Сергеевна', '', '', '', '', '', 936284, '', NULL, 0, '0000-00-00', '0000-00-00', 0, 1, '2011-10-01'),
(17, 'Солдатова', 'Юлия', 'Руслановна', '17Солдатова', '387166', '0000-00-00', '', '', 'Солдатова Елена Ивановна', '', '', '', '', '', 410373, '', NULL, 0, '0000-00-00', '0000-00-00', 0, 1, '2011-10-01'),
(18, 'Урманова', 'Полина', 'Владимировна', '18Урманова', '935694', '0000-00-00', '', '', 'Урманова Наталья Владимировна', '', '', '', '', '', 352467, '', NULL, 0, '0000-00-00', '0000-00-00', 0, 1, '2011-10-01'),
(19, 'Федорова', 'Алина', 'Николаевна', '19Федорова', '732079', '0000-00-00', '', '', 'Федорова Натальевна Жоржевна', '', '', '', '', '', 512921, '', NULL, 0, '0000-00-00', '0000-00-00', 0, 1, '2011-10-01'),
(20, 'Федотов', 'Антон', 'Вячеславович', '20Федотов', '435634', '0000-00-00', '', '', 'Федотов Марина Юрьевна', '', '', '', '', '', 108166, '', NULL, 0, '0000-00-00', '0000-00-00', 0, 1, '2011-10-01'),
(21, 'Цветкова', 'Арина', 'Владимировна', '21Цветкова', '718180', '0000-00-00', '', '', 'Цветкова Лариса Васильевна', '', '', '', '', '', 611199, '', NULL, 0, '0000-00-00', '0000-00-00', 0, 1, '2011-10-01'),
(22, 'Цинько', 'Диана', 'Дмитриевна', '22Цинько', '935304', '0000-00-00', '', '', 'Цинько Оксана Викторовна', '', '', '', '', '', 565535, '', NULL, 0, '0000-00-00', '0000-00-00', 0, 1, '2011-10-01'),
(23, 'Чупыра', 'Станислав', 'Евгеньевич', '23Чупыра', '903996', '0000-00-00', '', '', 'Чупыра Наталья Ивановна', '', '', '', '', '', 886234, '', NULL, 0, '0000-00-00', '0000-00-00', 0, 1, '2011-10-01'),
(24, 'Шалашнова', 'Ирина', 'Константиновна', '24Шалашнова', '403452', '0000-00-00', '', '', 'Шалашнова Елена Николаевна', '', '', '', '', '', 281589, '', NULL, 0, '0000-00-00', '0000-00-00', 0, 1, '2011-10-01'),
(25, 'Широбоков', 'Михаил', 'Павлович', '25Широбоков', '100248', '0000-00-00', '', '', 'Широбоков Оксана Евгеньевна', '', '', '', '', '', 427627, '', NULL, 0, '0000-00-00', '0000-00-00', 0, 1, '2011-10-01'),
(26, 'Шундрик', 'Илья', 'Иванович', '26Шундрик', '352457', '0000-00-00', '', '', 'Шундрик Елена Анатольевна', '', '', '', '', '', 212626, '', NULL, 0, '0000-00-00', '0000-00-00', 0, 1, '2011-10-01');

DROP TABLE IF EXISTS `students_in_class`;
CREATE TABLE `students_in_class` (
  `class_id` int(10) unsigned NOT NULL,
  `student_id` int(10) unsigned NOT NULL,
  `expeled` int(1) NOT NULL default '0',
  UNIQUE KEY `student_id` (`student_id`),
  KEY `class_id` (`class_id`),
  KEY `expeled` (`expeled`)
) ENGINE=MyISAM /*!40101 DEFAULT CHARSET=utf8 */;

INSERT INTO `students_in_class` VALUES
(1, 2, 0),
(1, 3, 0),
(1, 4, 0),
(1, 5, 0),
(1, 6, 0),
(1, 7, 0),
(1, 8, 0),
(1, 9, 0),
(1, 10, 0),
(1, 11, 0),
(1, 12, 0),
(1, 13, 0),
(1, 14, 0),
(1, 15, 0),
(1, 16, 0),
(1, 17, 0),
(1, 18, 0),
(1, 19, 0),
(1, 20, 0),
(1, 21, 0),
(1, 22, 0),
(1, 23, 0),
(1, 24, 0),
(1, 25, 0),
(1, 26, 0);

DROP TABLE IF EXISTS `students_on_lesson`;
CREATE TABLE `students_on_lesson` (
  `studless_id` bigint(20) unsigned NOT NULL auto_increment,
  `student_id` int(10) unsigned NOT NULL,
  `lesson_id` int(10) unsigned NOT NULL,
  `grade` char(5) NOT NULL,
  `behavior` int(2) unsigned NOT NULL default '0',
  `quater` int(2) unsigned NOT NULL default '0',
  `subj_id` int(10) unsigned NOT NULL,
  `date_grade` datetime default NULL COMMENT 'дата отсылки оценок',
  `date_note` datetime default NULL COMMENT 'дата отсылки замечаний',
  `note` text COMMENT 'Замечания',
  PRIMARY KEY  (`studless_id`),
  KEY `student_id` (`student_id`),
  KEY `lesson_id` (`lesson_id`),
  KEY `quater` (`quater`),
  KEY `subj_id` (`subj_id`),
  KEY `date_grade` (`date_grade`),
  KEY `date_note` (`date_note`)
) ENGINE=MyISAM /*!40101 DEFAULT CHARSET=utf8 */;

DROP TABLE IF EXISTS `subjects`;
CREATE TABLE `subjects` (
  `subject_id` int(10) unsigned NOT NULL auto_increment,
  `discipline_id` int(10) unsigned NOT NULL,
  `teacher_id` int(10) unsigned NOT NULL,
  `class_id` int(10) unsigned NOT NULL,
  PRIMARY KEY  (`subject_id`),
  KEY `teacher_id` (`teacher_id`),
  KEY `class_id` (`class_id`),
  KEY `discipline_id` (`discipline_id`)
) ENGINE=MyISAM AUTO_INCREMENT=161 /*!40101 DEFAULT CHARSET=utf8 */;

INSERT INTO `subjects` VALUES
(1, 1, 1, 0),
(2, 7, 1, 0),
(3, 15, 1, 0),
(5, 8, 2, 0),
(6, 41, 2, 0),
(7, 10, 2, 0),
(8, 11, 2, 0),
(9, 12, 2, 0),
(10, 15, 2, 0),
(11, 17, 2, 0),
(12, 21, 2, 0),
(13, 27, 2, 0),
(14, 28, 2, 0),
(15, 33, 2, 0),
(16, 35, 2, 0),
(17, 38, 2, 0),
(18, 2, 3, 0),
(19, 8, 4, 0),
(20, 16, 4, 0),
(21, 17, 4, 0),
(22, 41, 5, 0),
(23, 10, 5, 0),
(24, 14, 6, 0),
(25, 28, 6, 0),
(26, 36, 7, 0),
(27, 12, 8, 0),
(28, 20, 8, 0),
(29, 39, 8, 0),
(30, 1, 9, 0),
(31, 7, 9, 0),
(32, 39, 9, 0),
(33, 15, 9, 0),
(34, 28, 10, 0),
(35, 14, 10, 0),
(36, 31, 11, 0),
(37, 2, 12, 0),
(38, 41, 13, 0),
(39, 11, 13, 0),
(40, 34, 13, 0),
(41, 14, 14, 0),
(42, 28, 14, 0),
(43, 14, 15, 0),
(44, 28, 15, 0),
(45, 20, 16, 0),
(46, 19, 16, 0),
(47, 12, 16, 0),
(48, 23, 16, 0),
(49, 42, 16, 0),
(50, 41, 17, 0),
(51, 11, 17, 0),
(52, 34, 18, 0),
(53, 14, 19, 0),
(54, 28, 19, 0),
(55, 35, 20, 0),
(56, 1, 21, 0),
(57, 7, 21, 0),
(58, 12, 22, 0),
(59, 19, 22, 0),
(60, 20, 22, 0),
(61, 42, 22, 0),
(62, 23, 22, 0),
(63, 35, 23, 0),
(64, 1, 24, 0),
(65, 7, 24, 0),
(66, 15, 24, 0),
(67, 30, 25, 0),
(68, 32, 25, 0),
(69, 8, 25, 0),
(70, 43, 25, 0),
(71, 1, 26, 0),
(72, 3, 26, 0),
(73, 7, 26, 0),
(74, 34, 26, 0),
(75, 9, 27, 0),
(76, 13, 27, 0),
(77, 14, 27, 0),
(78, 28, 27, 0),
(79, 8, 28, 0),
(80, 30, 28, 0),
(81, 32, 28, 0),
(82, 18, 29, 0),
(83, 35, 29, 0),
(84, 31, 29, 0),
(85, 33, 29, 0),
(86, 2, 30, 0),
(87, 2, 31, 0),
(88, 2, 32, 0),
(89, 2, 33, 0),
(90, 6, 34, 0),
(91, 2, 35, 0),
(92, 2, 36, 0),
(93, 2, 37, 0),
(94, 8, 37, 0),
(95, 41, 37, 0),
(96, 10, 37, 0),
(97, 11, 37, 0),
(98, 12, 37, 0),
(99, 15, 37, 0),
(100, 17, 37, 0),
(101, 21, 37, 0),
(102, 27, 37, 0),
(103, 28, 37, 0),
(104, 33, 37, 0),
(105, 35, 37, 0),
(106, 38, 37, 0),
(107, 2, 38, 0),
(108, 41, 39, 0),
(109, 11, 39, 0),
(110, 1, 40, 0),
(111, 7, 40, 0),
(112, 15, 40, 0),
(113, 35, 41, 0),
(114, 1, 42, 0),
(115, 7, 42, 0),
(116, 15, 42, 0),
(117, 41, 43, 0),
(118, 16, 43, 0),
(119, 14, 44, 0),
(120, 28, 44, 0),
(121, 1, 45, 0),
(122, 15, 45, 0),
(123, 7, 45, 0),
(124, 4, 46, 0),
(125, 6, 46, 0),
(126, 2, 47, 0),
(127, 8, 47, 0),
(128, 11, 47, 0),
(129, 12, 47, 0),
(130, 15, 47, 0),
(131, 17, 47, 0),
(132, 21, 47, 0),
(133, 28, 47, 0),
(134, 33, 47, 0),
(135, 35, 47, 0),
(136, 38, 47, 0),
(137, 14, 48, 0),
(138, 28, 48, 0),
(139, 25, 49, 0),
(140, 4, 49, 0),
(141, 35, 50, 0),
(142, 12, 51, 0),
(143, 19, 51, 0),
(144, 20, 51, 0),
(145, 42, 51, 0),
(146, 23, 51, 0),
(147, 8, 52, 0),
(148, 41, 52, 0),
(149, 10, 52, 0),
(150, 11, 52, 0),
(151, 12, 52, 0),
(152, 15, 52, 0),
(153, 17, 52, 0),
(154, 21, 52, 0),
(155, 27, 52, 0),
(156, 28, 52, 0),
(157, 35, 52, 0),
(158, 33, 52, 0),
(159, 38, 52, 0),
(160, 2, 3, 2);

DROP TABLE IF EXISTS `teachers`;
CREATE TABLE `teachers` (
  `teacher_id` int(10) unsigned NOT NULL auto_increment,
  `login` varchar(25) NOT NULL,
  `passwd` varchar(32) NOT NULL,
  `first_name` varchar(25) NOT NULL,
  `middle_name` varchar(25) NOT NULL,
  `last_name` varchar(25) NOT NULL,
  `photo` varchar(50) NOT NULL,
  `director` tinyint(2) unsigned NOT NULL default '0',
  PRIMARY KEY  (`teacher_id`),
  UNIQUE KEY `login` (`login`),
  KEY `passwd` (`passwd`),
  KEY `last_name` (`last_name`),
  KEY `director` (`director`)
) ENGINE=MyISAM AUTO_INCREMENT=53 /*!40101 DEFAULT CHARSET=utf8 */;

INSERT INTO `teachers` VALUES
(1, '20ad40a', 'd41d8cd98f00b204e9800998ecf8427e', 'Александра', 'Андреевна', 'Адушева', '', 0),
(2, '1222e30', 'd41d8cd98f00b204e9800998ecf8427e', 'Светлана', 'Анатольевна', 'Андриевская', '', 0),
(3, '2bed25e', 'd41d8cd98f00b204e9800998ecf8427e', 'Светлана', 'Ивановна', 'Беркетова', '', 0),
(4, 'ae805c9', 'd41d8cd98f00b204e9800998ecf8427e', 'Вера', 'Романовна', 'Бусарева', '', 0),
(5, '87ea738', 'd41d8cd98f00b204e9800998ecf8427e', 'Ольга', 'Ивановна', 'Вырва', '', 0),
(6, '44fc17b', 'd41d8cd98f00b204e9800998ecf8427e', 'Анна', 'Викторвна', 'Гаврилова', '', 0),
(7, '0668405', 'd41d8cd98f00b204e9800998ecf8427e', 'Светлана', 'Пантелеевна', 'Гасанова', '', 0),
(8, '57c0906', 'd41d8cd98f00b204e9800998ecf8427e', 'Мария', 'Михайловна', 'Гомбоева', '', 0),
(9, '180fd2f', 'd41d8cd98f00b204e9800998ecf8427e', 'Марина', 'Викторвна', 'Горшкова', '', 0),
(10, 'de64bcb', 'd41d8cd98f00b204e9800998ecf8427e', 'Елена', 'Борисовна', 'Гукайченко', '', 0),
(11, 'f39c108', 'd41d8cd98f00b204e9800998ecf8427e', 'Владимир', 'Константинов', 'Давыдов', '', 0),
(12, '41fd168', 'd41d8cd98f00b204e9800998ecf8427e', 'Елена', 'Архиповна', 'Данилова', '', 0),
(13, 'd65ad99', 'd41d8cd98f00b204e9800998ecf8427e', 'Егор', 'Александрови', 'Дробаха', '', 0),
(14, '998542c', 'd41d8cd98f00b204e9800998ecf8427e', 'Ирина', 'Анатольевна', 'Жарикова', '', 0),
(15, '5308004', 'd41d8cd98f00b204e9800998ecf8427e', 'Ольга', 'Олеговна', 'Жердева', '', 0),
(16, '6864472', 'd41d8cd98f00b204e9800998ecf8427e', 'Наталья', 'Витальевна', 'Жукова', '', 0),
(17, 'b3296f', 'd41d8cd98f00b204e9800998ecf8427e', 'Галина', 'Сергеевна', 'Зеленкова', '', 0),
(18, '46fead4', 'd41d8cd98f00b204e9800998ecf8427e', 'Галина', 'Ивановна', 'Игнатенко', '', 0),
(19, '6a13499', 'd41d8cd98f00b204e9800998ecf8427e', 'Антонина', 'Владимировна', 'Игонькина', '', 0),
(20, '622ca6a', 'd41d8cd98f00b204e9800998ecf8427e', 'Ольга', 'Александровн', 'Кретова', '', 0),
(21, '2447435', 'd41d8cd98f00b204e9800998ecf8427e', 'Галина', 'Александровн', 'Крицкая', '', 0),
(22, '876d084', 'd41d8cd98f00b204e9800998ecf8427e', 'Евгения', 'Генриховна', 'Кушнарь', '', 0),
(23, '3eb7d3e', 'd41d8cd98f00b204e9800998ecf8427e', 'Ольга', 'Сергеевна', 'Лаптева', '', 0),
(24, 'd0f9b87', 'd41d8cd98f00b204e9800998ecf8427e', 'Людмила', 'Владимировна', 'Ложкина', '', 0),
(25, '2aa358d', 'd41d8cd98f00b204e9800998ecf8427e', 'Эльвира', 'Николаевна', 'Мазник', '', 0),
(26, 'd7c05e5', 'd41d8cd98f00b204e9800998ecf8427e', 'Ольга', 'Владимировна', 'Мартынова', '', 0),
(27, '70b9f2b', 'd41d8cd98f00b204e9800998ecf8427e', 'Наталья', 'Александровн', 'Матвеева', '', 0),
(28, 'b6420cf', 'd41d8cd98f00b204e9800998ecf8427e', 'Оксана', 'Геннадьевна', 'Медведева', '', 0),
(29, '77aff2a', 'd41d8cd98f00b204e9800998ecf8427e', 'Владимир', 'Петрович', 'Мирошкин', '', 0),
(30, '9c2497f', 'd41d8cd98f00b204e9800998ecf8427e', 'Татьяна', 'Валерьевна', 'Нерадовская', '', 0),
(31, '9c2497g', 'd41d8cd98f00b204e9800998ecf8427e', 'Антонида', 'Владимировна', 'Плешкова', '', 0),
(32, 'bea1e2e', 'd41d8cd98f00b204e9800998ecf8427e', 'Мария', 'Петровна', 'Плотникова', '', 0),
(33, 'd17a88e', 'd41d8cd98f00b204e9800998ecf8427e', 'Альбина', 'Егоровна', 'Полукеева', '', 0),
(34, 'abe5ca3', 'd41d8cd98f00b204e9800998ecf8427e', 'Светлана', 'Васильевна', 'Попова', '', 0),
(35, 'bda1a58', 'd41d8cd98f00b204e9800998ecf8427e', 'Евгения', 'Вячеславовна', 'Реснянская', '', 0),
(36, 'd1fb94a', 'd41d8cd98f00b204e9800998ecf8427e', 'Светлана', 'Александровн', 'Савостьянова', '', 0),
(37, 'ad6426a', 'd41d8cd98f00b204e9800998ecf8427e', 'Нина', 'Евгеньевна', 'Савосько', '', 0),
(38, '00951f2', 'd41d8cd98f00b204e9800998ecf8427e', 'Галина', 'Анатольевна', 'Самарина', '', 0),
(39, 'de36219', 'd41d8cd98f00b204e9800998ecf8427e', 'Маргарита', 'Николаевна', 'Саяпина', '', 0),
(40, 'cfe3d2a', 'd41d8cd98f00b204e9800998ecf8427e', 'Людмила', 'Геннадьевна', 'Ситникова', '', 0),
(41, '340b2c7', 'd41d8cd98f00b204e9800998ecf8427e', 'Елена', 'Винадьевна', 'Соловьёва', '', 0),
(42, '7162872', 'd41d8cd98f00b204e9800998ecf8427e', 'Елена', 'Владимировна', 'Сущенко', '', 0),
(43, 'b4eea86', 'd41d8cd98f00b204e9800998ecf8427e', 'Анна', 'Геннадьевна', 'Трехлеб', '', 0),
(44, '6b4a3f2', 'd41d8cd98f00b204e9800998ecf8427e', 'Елена', 'Борисовна', 'Федерко', '', 0),
(45, 'a894042', 'd41d8cd98f00b204e9800998ecf8427e', 'Екатерина', 'Дмитриевна', 'Холобуда', '', 0),
(46, '3f3849f', 'd41d8cd98f00b204e9800998ecf8427e', 'Елена', 'Витальевна', 'Хромченко', '', 0),
(47, 'f70b11f', 'd41d8cd98f00b204e9800998ecf8427e', 'Евгения', 'Николаевна', 'Чумаченко', '', 0),
(48, '3e431d3', 'd41d8cd98f00b204e9800998ecf8427e', 'Галина', 'Петровна', 'Шананина', '', 0),
(49, 'e8f3c0f', 'd41d8cd98f00b204e9800998ecf8427e', 'Ирина', 'Владимировна', 'Шаршова', '', 0),
(50, '4813c8b', 'd41d8cd98f00b204e9800998ecf8427e', 'Жанна', 'Альбертовна', 'Шац', '', 0),
(51, '140163', 'd41d8cd98f00b204e9800998ecf8427e', 'Галина', 'Александровн', 'Шмакова', '', 0),
(52, '27c00d6', 'd41d8cd98f00b204e9800998ecf8427e', 'Любовь', 'Ивановна', 'Шутова', '', 0);

DROP TABLE IF EXISTS `users`;
CREATE TABLE `users` (
  `user_id` int(10) unsigned NOT NULL auto_increment,
  `login` char(25) NOT NULL,
  `passwd` char(35) NOT NULL,
  `first_name` char(25) NOT NULL,
  `middle_name` char(25) NOT NULL,
  `last_name` char(25) NOT NULL,
  `access` int(10) unsigned NOT NULL default '0',
  PRIMARY KEY  (`user_id`),
  UNIQUE KEY `login` (`login`),
  KEY `passwd` (`passwd`),
  KEY `last_name` (`last_name`),
  KEY `access` (`access`)
) ENGINE=MyISAM AUTO_INCREMENT=7 /*!40101 DEFAULT CHARSET=utf8 */;

INSERT INTO `users` VALUES
(1, 'admin', '67a4a51b7eff62073bcb99b4604e2be7', '', '', 'СуперАдмин', 1),
(2, 'manager', '1d0258c2440a8d19e716292b231e3190', '', '', 'Оператор', 1),
(5, 'armonsoft', '96e79218965eb72c92a549dd5a330112', 'А', 'А', 'Вензелев', 1),
(6, 'SLIPPERY', 'c4ca4238a0b923820dcc509a6f75849b', '', '', 'Поздняков', 1);

